species	form	sex	color	balls	note
1	0			프렌드볼	이상해씨: 소드
2	0			프렌드볼	이상해풀: 소드
3	0			프렌드볼	이상해꽃: 소드
4	0			문볼	파이리: 소드
5	0			문볼	리자드: 소드
6	0			문볼	리자몽: 소드
7	0			다이브볼	꼬부기: 소드
8	0			다이브볼	어니부기: 소드
9	0			다이브볼	거북왕: 소드
10	0			드림볼>러브러브볼	캐터피: 소드>전국도감
11	0			드림볼>러브러브볼	단데기: 소드>전국도감
12	0			드림볼>러브러브볼	버터플: 소드>전국도감
13	0			프렌드볼	뿔충이: 전국도감 세이브
14	0			프렌드볼	딱충이: 전국도감 세이브
15	0			프렌드볼	독침붕: 전국도감 세이브
16	0			레벨볼	구구: 전국도감 세이브
17	0			레벨볼	피죤: 전국도감 세이브
18	0			레벨볼	피죤투: 전국도감 세이브
19	0			스피드볼	꼬렛: 전국도감 세이브
19	1			타이머볼	꼬렛(1): 전국도감 세이브
20	0			스피드볼	레트라: 전국도감 세이브
20	1			타이머볼	레트라(1): 전국도감 세이브
21	0			레벨볼	깨비참: 전국도감 세이브
22	0			레벨볼	깨비드릴조: 전국도감 세이브
23	0			레벨볼	아보: 스칼렛
24	0			레벨볼	아보크: 스칼렛
25	0			스피드볼	피카츄: 소드
25	1			스피드볼	피카츄(1): 전국도감
25	2			스피드볼	피카츄(2): 전국도감
25	3			스피드볼	피카츄(3): 전국도감
25	4			스피드볼	피카츄(4): 전국도감
25	5			스피드볼	피카츄(5): 전국도감
25	6			스피드볼	피카츄(6): 전국도감
25	7			스피드볼	피카츄(7): 전국도감
26	0			스피드볼	라이츄: 소드
26	1			스피드볼	라이츄(1): 소드
27	0			레벨볼	모래두지: 스칼렛
27	1			다이브볼	모래두지(1): 소드
28	0			레벨볼	고지: 스칼렛
28	1			다이브볼	고지(1): 소드
29	0			네스트볼	니드런♀: 소드
30	0			네스트볼	니드리나: 소드
31	0			네스트볼	니드퀸: 소드
32	0			다이브볼	니드런♂: 소드
33	0			다이브볼	니드리노: 소드
34	0			다이브볼	니드킹: 소드
35	0			러브러브볼	삐삐: 소드
36	0			러브러브볼	픽시: 소드
37	0			문볼	식스테일: 소드
37	1	수		프리미어볼>러브러브볼	식스테일(1): 스칼렛>소드
37	1	암		러브러브볼	식스테일(1): 스칼렛
38	0			문볼	나인테일: 소드
38	1	수		프리미어볼	나인테일(1): 스칼렛
38	1	암		러브러브볼	나인테일(1): 스칼렛
39	0			러브러브볼	푸린: 소드
40	0			러브러브볼	푸크린: 소드
41	0			드림볼	주뱃: 소드
42	0			드림볼	골뱃: 소드
43	0			프렌드볼	뚜벅쵸: 소드
44	0			프렌드볼	냄새꼬: 소드
45	0			프렌드볼	라플레시아: 소드
46	0			레벨볼	파라스: 전국도감 세이브
47	0			레벨볼	파라섹트: 전국도감 세이브
48	0			다이브볼	콘팡: 스칼렛
49	0			다이브볼	도나리: 스칼렛
50	0			헤비볼	디그다: 소드
50	1			문볼	디그다(1): 소드
51	0			헤비볼	닥트리오: 소드
51	1			문볼	닥트리오(1): 소드
52	0			럭셔리볼	나옹: 소드
52	1			문볼	나옹(1): 소드
52	1		일반	문볼	나옹(1): 스칼렛 초안
52	2			레벨볼	나옹(2): 소드
52	2		일반	레벨볼	나옹(2): 스칼렛 초안
53	0			럭셔리볼	페르시온: 소드
53	1			문볼	페르시온(1): 소드
54	0			루어볼	고라파덕: 소드
55	0			루어볼	골덕: 소드
56	0			헤비볼	망키: 스칼렛
57	0			헤비볼	성원숭: 스칼렛
58	0			레벨볼	가디: 소드
59	0			레벨볼	윈디: 소드
60	0			프렌드볼	발챙이: 소드
61	0			프렌드볼	슈륙챙이: 소드
62	0			프렌드볼	강챙이: 소드
63	0			힐볼	캐이시: 소드
64	0			힐볼	윤겔라: 소드
65	0			힐볼	후딘: 소드
66	0			프렌드볼	알통몬: 소드
67	0			프렌드볼	근육몬: 소드
68	0			프렌드볼	괴력몬: 소드
69	0			프렌드볼	모다피: 전국도감 세이브
70	0			프렌드볼	우츠동: 전국도감
71	0			프렌드볼	우츠보트: 전국도감 세이브
72	0			문볼	왕눈해: 소드
73	0			문볼	독파리: 소드
74	0			사파리볼	꼬마돌: 전국도감
74	1			럭셔리볼	꼬마돌(1): 전국도감
75	0			사파리볼	데구리: 전국도감 세이브
75	1			럭셔리볼	데구리(1): 전국도감 세이브
76	0			사파리볼	딱구리: 전국도감 세이브
76	1			럭셔리볼	딱구리(1): 전국도감 세이브
77	0			드림볼	포니타: 소드
77	1			드림볼	포니타(1): 소드
78	0			드림볼	날쌩마: 소드
78	1			드림볼	날쌩마(1): 소드
79	0			드림볼	야돈: 소드
79	1			드림볼	야돈(1): 소드
80	0			드림볼	야도란: 소드
80	2			드림볼	야도란(2): 소드
81	0			헤비볼	코일: 소드
82	0			헤비볼	레어코일: 소드
83	0			사파리볼	파오리: 소드
83	1			레벨볼>사파리볼	파오리(1): 소드>Z-A 초안
84	0			사파리볼	두두: 전국도감
85	0			사파리볼	두트리오: 전국도감
86	0			프리미어볼	쥬쥬: 전국도감
87	0			프리미어볼	쥬레곤: 전국도감
88	0			프렌드볼	질퍽이: 전국도감
88	1			드림볼	질퍽이(1): 스칼렛
89	0			프렌드볼	질뻐기: 전국도감
89	1			드림볼	질뻐기(1): 스칼렛
90	0			헤비볼	셀러: 소드
91	0			헤비볼	파르셀: 소드
92	0			문볼	고오스: 소드
93	0			문볼	고우스트: 소드
94	0			문볼	팬텀: 소드
95	0			레벨볼	롱스톤: 소드
96	0			드림볼	슬리프: 전국도감
97	0			드림볼	슬리퍼: 전국도감
98	0			프렌드볼	크랩: 소드
99	0			프렌드볼	킹크랩: 소드
100	0			다이브볼	찌리리공: 전국도감
101	0			다이브볼	붐볼: 전국도감
102	0			레벨볼	아라리: 소드
103	0			레벨볼	나시: 소드
103	1			레벨볼>몬스터볼	나시(1): 소드>스칼렛 초안
104	0			사파리볼	탕구리: 소드
105	0			사파리볼	텅구리: 소드
105	1			문볼	텅구리(1): 소드
106	0			네스트볼	시라소몬: 소드
107	0			네스트볼	홍수몬: 소드
108	0			레벨볼	내루미: 소드
109	0			드림볼	또가스: 소드
110	0			드림볼	또도가스: 소드
110	1			드림볼	또도가스(1): 소드
111	0			레벨볼	뿔카노: 소드
112	0			레벨볼	코뿌리: 소드
113	0			프렌드볼	럭키: 소드
114	0			프렌드볼	덩쿠리: 소드
115	0			헤비볼	캥카: 소드
116	0			드림볼	쏘드라: 소드
117	0			드림볼	시드라: 소드
118	0			레벨볼	콘치: 소드
119	0			레벨볼	왕콘치: 소드
120	0			루어볼	별가사리: 소드
121	0			루어볼	아쿠스타: 소드
122	0			프렌드볼	마임맨: 소드
122	1			문볼>프렌드볼	마임맨(1): 소드>Z-A 초안
123	0			프렌드볼	스라크: 소드
124	0			러브러브볼	루주라: 소드
125	0			레벨볼	에레브: 소드
126	0			드림볼	마그마: 소드
127	0			문볼	쁘사이저: 소드
128	0			사파리볼	켄타로스: 소드
128	1			럭셔리볼	켄타로스(1): 스칼렛
128	2			럭셔리볼	켄타로스(2): 스칼렛
128	3			럭셔리볼	켄타로스(3): 스칼렛
129	0			컴퍼티션볼>타이머볼	잉어킹: 소드>전국도감
130	0			컴퍼티션볼>타이머볼	갸라도스: 소드>전국도감
131	0			드림볼	라프라스: 소드
132	0			다이브볼	메타몽: 소드
133	0			러브러브볼	이브이: 소드
134	0			드림볼	샤미드: 소드
135	0			프렌드볼	쥬피썬더: 소드
136	0			스피드볼	부스터: 소드
137	0			울트라볼>드림볼	폴리곤: 소드>전국도감
138	0			힐볼	암나이트: 소드
139	0			힐볼	암스타: 소드
140	0			네스트볼	투구: 소드
141	0			네스트볼	투구푸스: 소드
142	0			드림볼	프테라: 소드
143	0			헤비볼	잠만보: 소드
144	0			다이브볼	프리져: 소드
144	0		일반	다이브볼	프리져: 스칼렛 초안
144	1		일반	다이브볼	프리져(1): 소드
145	0			레벨볼	썬더: 소드
145	0		일반	레벨볼	썬더: 스칼렛 초안
145	1		일반	레벨볼	썬더(1): 소드
146	0			스피드볼	파이어: 소드
146	0		일반	스피드볼	파이어: 스칼렛 초안
146	1		일반	스피드볼	파이어(1): 소드
147	0			프렌드볼	미뇽: 소드
148	0			프렌드볼	신뇽: 소드
149	0			프렌드볼	망나뇽: 소드
150	0			프렌드볼	뮤츠: 소드
150	0		일반	프렌드볼	뮤츠: 스칼렛 초안
151	0			다이브볼	뮤: 전국도감
151	0		일반	다이브볼	뮤: 소드
152	0			프렌드볼	치코리타: 전국도감
153	0			프렌드볼	베이리프: 전국도감
154	0			프렌드볼	메가니움: 전국도감
155	0			레벨볼	브케인: 전국도감
156	0			레벨볼	마그케인: 전국도감
157	0			레벨볼	블레이범: 전국도감
157	1		일반	드림볼	블레이범(1): 스칼렛
158	0			루어볼	리아코: 전국도감
159	0			루어볼	엘리게이: 전국도감
160	0			루어볼	장크로다일: 전국도감
161	0			러브러브볼	꼬리선: 전국도감
162	0			러브러브볼	다꼬리: 전국도감
163	0			레벨볼	부우부: 소드
164	0			레벨볼	야부엉: 소드
165	0			레벨볼	레디바: 전국도감
166	0			레벨볼	레디안: 전국도감
167	0			드림볼	페이검: 전국도감
168	0			드림볼	아리아도스: 전국도감
169	0			드림볼	크로뱃: 소드
170	0			루어볼	초라기: 소드
171	0			루어볼	랜턴: 소드
172	0			스피드볼	피츄: 소드
173	0			러브러브볼	삐: 소드
174	0			러브러브볼	푸푸린: 소드
175	0			프리미어볼	토게피: 소드
176	0			프리미어볼	토게틱: 소드
177	0			프렌드볼	네이티: 소드
178	0			프렌드볼	네이티오: 소드
179	0			드림볼	메리프: 전국도감
180	0			드림볼	보송송: 전국도감
181	0			드림볼	전룡: 전국도감
182	0			드림볼	아르코: 소드
183	0			레벨볼	마릴: 소드
184	0			레벨볼	마릴리: 소드
185	0			레벨볼	꼬지모: 소드
186	0			드림볼	왕구리: 소드
187	0			드림볼	통통코: 전국도감
188	0			드림볼	두코: 전국도감
189	0			드림볼	솜솜코: 전국도감
190	0			러브러브볼	에이팜: 전국도감
191	0			프렌드볼	해너츠: 전국도감
192	0			프렌드볼	해루미: 전국도감
193	0			문볼	왕자리: 전국도감
194	0			드림볼	우파: 소드
194	1			헤비볼	우파(1): 스칼렛
195	0			드림볼	누오: 소드
196	0			프렌드볼	에브이: 소드
197	0			문볼	블래키: 소드
198	0			드림볼	니로우: 전국도감
199	0			드림볼	야도킹: 소드
199	1			드림볼	야도킹(1): 소드
200	0			레벨볼	무우마: 전국도감
201	0			몬스터볼	안농: 전국도감
201	1			몬스터볼	안농(1): 전국도감
201	2			몬스터볼	안농(2): 전국도감
201	3			몬스터볼	안농(3): 전국도감
201	4			몬스터볼	안농(4): 전국도감
201	5			몬스터볼	안농(5): 전국도감
201	6			몬스터볼	안농(6): 전국도감
201	7			몬스터볼	안농(7): 전국도감
201	8			몬스터볼	안농(8): 전국도감
201	9			몬스터볼	안농(9): 전국도감
201	10			몬스터볼	안농(10): 전국도감
201	11			몬스터볼	안농(11): 전국도감
201	12			몬스터볼	안농(12): 전국도감
201	13			몬스터볼	안농(13): 전국도감
201	14			몬스터볼	안농(14): 전국도감
201	15			몬스터볼	안농(15): 전국도감
201	16			몬스터볼	안농(16): 전국도감
201	17			몬스터볼	안농(17): 전국도감
201	18			몬스터볼	안농(18): 전국도감
201	19			몬스터볼	안농(19): 전국도감
201	20			몬스터볼	안농(20): 전국도감
201	21			몬스터볼	안농(21): 전국도감
201	22			몬스터볼	안농(22): 전국도감
201	23			몬스터볼	안농(23): 전국도감
201	24			몬스터볼	안농(24): 전국도감
201	25			몬스터볼	안농(25): 전국도감
201	26			몬스터볼	안농(26): 전국도감
201	27			몬스터볼	안농(27): 전국도감
202	0			러브러브볼	마자용: 소드
203	0			드림볼	키링키: 스칼렛
204	0			레벨볼	피콘: 전국도감
205	0			레벨볼	쏘콘: 전국도감
206	0			레벨볼	노고치: 스칼렛
207	0			문볼	글라이거: 전국도감
208	0			레벨볼	강철톤: 소드
209	0			드림볼	블루: 전국도감
210	0			드림볼	그랑블루: 전국도감
211	0			드림볼	침바루: 소드
211	1			헤비볼	침바루(1): 스칼렛
212	0			프렌드볼	핫삼: 소드
213	0			퀵볼	단단지: 소드
214	0			드림볼	헤라크로스: 소드
215	0			드림볼	포푸니: 소드
216	0			문볼	깜지곰: 전국도감
217	0			문볼	링곰: 전국도감
218	0			드림볼	마그마그: 전국도감
219	0			드림볼	마그카르고: 전국도감
220	0			프렌드볼	꾸꾸리: 소드
221	0			프렌드볼	메꾸리: 소드
222	0			다이브볼	코산호: 소드
222	1			프리미어볼	코산호(1): 소드
223	0			럭셔리볼	총어: 소드
224	0			럭셔리볼	대포무노: 소드
225	0			드림볼	딜리버드: 소드
226	0			다이브볼	만타인: 소드
227	0			프렌드볼	무장조: 소드
228	0			문볼	델빌: 전국도감
229	0			문볼	헬가: 전국도감
230	0			드림볼	킹드라: 소드
231	0			레벨볼	코코리: 전국도감
232	0			레벨볼	코리갑: 전국도감
233	0			울트라볼>드림볼	폴리곤2: 소드>전국도감
234	0			프렌드볼	노라키: 전국도감
235	0			레벨볼	루브도: 전국도감
236	0			네스트볼	배루키: 소드
237	0			드림볼	카포에라: 소드
238	0			러브러브볼	뽀뽀라: 소드
239	0			레벨볼	에레키드: 소드
240	0			드림볼	마그비: 소드
241	0			다이브볼	밀탱크: 소드
242	0			러브러브볼	해피너스: 소드
243	0			레벨볼	라이코: 소드
243	0		일반	레벨볼	라이코: 스칼렛 초안
244	0			럭셔리볼	앤테이: 소드
244	0		일반	럭셔리볼	앤테이: 스칼렛 초안
245	0			다이브볼	스이쿤: 소드
245	0		일반	다이브볼	스이쿤: 스칼렛 초안
246	0			사파리볼	애버라스: 소드
247	0			사파리볼	데기라스: 소드
248	0			사파리볼	마기라스: 소드
249	0			러브러브볼	루기아: 소드
249	0		일반	러브러브볼	루기아: 스칼렛 초안
250	0			레벨볼	칠색조: 소드
250	0		일반	레벨볼	칠색조: 스칼렛 초안
251	0			몬스터볼	세레비: 소드
252	0			문볼	나무지기: 소드
253	0			문볼	나무돌이: 소드
254	0			문볼	나무킹: 소드
255	0			스피드볼	아차모: 소드
256	0			스피드볼	영치코: 소드
257	0			스피드볼	번치코: 소드
258	0			드림볼	물짱이: 소드
259	0			드림볼	늪짱이: 소드
260	0			드림볼	대짱이: 소드
261	0			레벨볼	포챠나: 전국도감
262	0			레벨볼	그라에나: 전국도감
263	0			컴퍼티션볼>프리미어볼	지그제구리: 소드>전국도감
263	1			루어볼	지그제구리(1): 소드
264	0			컴퍼티션볼>프리미어볼	직구리: 소드>전국도감
264	1			루어볼	직구리(1): 소드
265	0			문볼	개무소: 전국도감
266	0			문볼	실쿤: 전국도감
267	0			문볼	뷰티플라이: 전국도감
268	0			드림볼	카스쿤: 전국도감
269	0			드림볼	독케일: 전국도감
270	0			프렌드볼>문볼	연꽃몬: 소드>전국도감
271	0			프렌드볼>문볼	로토스: 소드>전국도감
272	0			프렌드볼>문볼	로파파: 소드>전국도감
273	0			프렌드볼>사파리볼	도토링: 소드>전국도감
274	0			프렌드볼>사파리볼	잎새코: 소드>전국도감
275	0			프렌드볼>사파리볼	다탱구: 소드>전국도감
276	0			프렌드볼	테일로: 전국도감
277	0			프렌드볼	스왈로: 전국도감
278	0			프렌드볼	갈모매: 소드
279	0			프렌드볼	패리퍼: 소드
280	0	수		문볼>러브러브볼	랄토스: 스칼렛>소드
280	0	암		러브러브볼	랄토스: 스칼렛
281	0	수		문볼>러브러브볼	킬리아: 스칼렛>소드
281	0	암		러브러브볼	킬리아: 스칼렛
282	0	수		문볼>러브러브볼	가디안: 스칼렛>소드
282	0	암		러브러브볼	가디안: 스칼렛
283	0			프렌드볼	비구술: 전국도감
284	0			프렌드볼	비나방: 전국도감
285	0			컴퍼티션볼>스피드볼	버섯꼬: 전국도감>전국도감
286	0			컴퍼티션볼>스피드볼	버섯모: 전국도감>전국도감
287	0			사파리볼>헤비볼	게을로: 전국도감>전국도감
288	0			사파리볼>헤비볼	발바로: 전국도감>전국도감
289	0			사파리볼>헤비볼	게을킹: 전국도감>전국도감
290	0			레벨볼>럭셔리볼	토중몬: 소드>전국도감
291	0			레벨볼>럭셔리볼	아이스크: 소드>전국도감
292	0			몬스터볼	껍질몬: 소드
293	0			드림볼	소곤룡: 소드
294	0			드림볼	노공룡: 소드
295	0			드림볼	폭음룡: 소드
296	0			드림볼	마크탕: 전국도감
297	0			드림볼	하리뭉: 전국도감
298	0			레벨볼	루리리: 소드
299	0			레벨볼	코코파스: 전국도감
300	0			힐볼	에나비: 전국도감
301	0			힐볼	델케티: 전국도감
302	0			사파리볼>네스트볼	깜까미: 소드>전국도감
303	0			러브러브볼	입치트: 소드
304	0			헤비볼	가보리: 소드
305	0			헤비볼	갱도라: 소드
306	0			헤비볼	보스로라: 소드
307	0			문볼	요가랑: 전국도감
308	0			문볼	요가램: 전국도감
309	0			문볼	썬더라이: 소드
310	0			문볼	썬더볼트: 소드
311	0			스피드볼	플러시: 전국도감
312	0			프렌드볼	마이농: 전국도감
313	0			네트볼	볼비트: 전국도감
314	0			네트볼	네오비트: 전국도감
315	0			럭셔리볼	로젤리아: 소드
316	0			문볼	꼴깍몬: 전국도감
317	0			문볼	꿀꺽몬: 전국도감
318	0			드림볼	샤프니아: 소드
319	0			드림볼	샤크니아: 소드
320	0			드림볼	고래왕자: 소드
321	0			드림볼	고래왕: 소드
322	0			문볼	둔타: 전국도감
323	0			문볼	폭타: 전국도감
324	0			스피드볼	코터스: 소드
325	0			문볼	피그점프: 전국도감
326	0			문볼	피그킹: 전국도감
327	0			프렌드볼	얼루기: 전국도감
328	0			프렌드볼	톱치: 소드
329	0			프렌드볼	비브라바: 소드
330	0			프렌드볼	플라이곤: 소드
331	0			사파리볼>레벨볼	선인왕: 전국도감>전국도감
332	0			사파리볼>레벨볼	밤선인: 전국도감>전국도감
333	0			레벨볼	파비코: 소드
334	0			레벨볼	파비코리: 소드
335	0			다이브볼	쟝고: 전국도감
336	0			다크볼	세비퍼: 전국도감
337	0			문볼>네트볼	루나톤: 소드>전국도감
338	0			레벨볼>리피트볼	솔록: 소드>전국도감
339	0			루어볼	미꾸리: 소드
340	0			루어볼	메깅: 소드
341	0			레벨볼	가재군: 소드
342	0			레벨볼	가재장군: 소드
343	0			문볼	오뚝군: 소드
344	0			문볼	점토도리: 소드
345	0			러브러브볼>힐볼	릴링: 소드>전국도감
346	0			러브러브볼>힐볼	릴리요: 소드>전국도감
347	0			컴퍼티션볼>리피트볼	아노딥스: 소드>전국도감
348	0			컴퍼티션볼>리피트볼	아말도: 소드>전국도감
349	0			러브러브볼	빈티나: 소드
350	0			러브러브볼	밀로틱: 소드
351	0			드림볼	캐스퐁: 전국도감
352	0			프렌드볼	켈리몬: 전국도감
353	0			문볼	어둠대신: 전국도감
354	0			문볼	다크펫: 전국도감
355	0			컴퍼티션볼>럭셔리볼	해골몽: 소드>전국도감
356	0			컴퍼티션볼>타이머볼	미라몽: 소드>전국도감
357	0			프렌드볼	트로피우스: 전국도감
358	0			레벨볼	치렁: 전국도감
359	0			프리미어볼	앱솔: 소드
360	0			러브러브볼	마자: 소드
361	0			프리미어볼	눈꼬마: 소드
362	0			프리미어볼	얼음귀신: 소드
363	0			드림볼	대굴레오: 소드
364	0			드림볼	씨레오: 소드
365	0			드림볼	씨카이저: 소드
366	0			루어볼	진주몽: 전국도감
367	0			루어볼	헌테일: 전국도감
368	0			레벨볼	분홍장이: 전국도감
369	0			다이브볼	시라칸: 소드
370	0			러브러브볼	사랑동이: 전국도감
371	0			프렌드볼	아공이: 소드
372	0			프렌드볼	쉘곤: 소드
373	0			프렌드볼	보만다: 소드
374	0			헤비볼>럭셔리볼	메탕: 소드>전국도감
375	0			헤비볼>럭셔리볼	메탕구: 소드>전국도감
376	0			헤비볼>럭셔리볼	메타그로스: 소드>전국도감
377	0			사파리볼>타이머볼	레지락: 소드>전국도감
378	0			다이브볼	레지아이스: 소드
379	0			헤비볼	레지스틸: 소드
380	0			레벨볼	라티아스: 소드
380	0		일반	레벨볼	라티아스: 스칼렛 초안
381	0			프렌드볼	라티오스: 소드
381	0		일반	프렌드볼	라티오스: 스칼렛 초안
382	0			드림볼>마스터볼>힐볼	가이오가: 소드>전국도감>전국도감
382	0		일반	드림볼	가이오가: 스칼렛 초안
383	0			레벨볼	그란돈: 소드
383	0		일반	레벨볼	그란돈: 스칼렛 초안
384	0			럭셔리볼	레쿠쟈: 소드
384	0		일반	럭셔리볼	레쿠쟈: 스칼렛 초안
385	0		일반	프레셔스볼	지라치: 소드
386	0			몬스터볼	테오키스: 전국도감
387	0			프렌드볼	모부기: 전국도감
388	0			프렌드볼	수풀부기: 전국도감
389	0			프렌드볼	토대부기: 전국도감
390	0			스피드볼	불꽃숭이: 전국도감
391	0			스피드볼	파이숭이: 전국도감
392	0			스피드볼	초염몽: 전국도감
393	0			다이브볼	팽도리: 전국도감
394	0			다이브볼	팽태자: 전국도감
395	0			다이브볼	엠페르트: 전국도감
396	0			문볼	찌르꼬: 전국도감
397	0			문볼	찌르버드: 전국도감
398	0			문볼	찌르호크: 전국도감
399	0			레벨볼	비버니: 전국도감
400	0			레벨볼	비버통: 전국도감
401	0			레벨볼	귀뚤뚜기: 전국도감
402	0			레벨볼	귀뚤톡크: 전국도감
403	0			레벨볼	꼬링크: 소드
404	0			레벨볼	럭시오: 소드
405	0			레벨볼	렌트라: 소드
406	0			럭셔리볼	꼬몽울: 소드
407	0			럭셔리볼	로즈레이드: 소드
408	0			타이머볼	두개도스: 전국도감
409	0			타이머볼	램펄드: 전국도감
410	0			럭셔리볼	방패톱스: 전국도감
411	0			럭셔리볼	바리톱스: 전국도감
412	0			프렌드볼	도롱충이: 전국도감
412	1			레벨볼	도롱충이(1): 전국도감
412	2			러브러브볼	도롱충이(2): 전국도감
413	0			프렌드볼	도롱마담: 전국도감
413	1			레벨볼	도롱마담(1): 전국도감
413	2			러브러브볼	도롱마담(2): 전국도감
414	0			문볼	나메일: 전국도감
414	1			문볼	나메일(1): 전국도감
414	2			문볼	나메일(2): 전국도감
415	0			컴퍼티션볼>럭셔리볼	세꿀버리: 소드>전국도감
416	0			컴퍼티션볼>럭셔리볼	비퀸: 소드>전국도감
417	0			힐볼	파치리스: 전국도감
418	0			레벨볼	브이젤: 전국도감
419	0			레벨볼	플로젤: 전국도감
420	0			드림볼	체리버: 소드
421	0			드림볼	체리꼬: 소드
422	0			러브러브볼	깝질무: 소드
422	1			프렌드볼	깝질무(1): 소드
423	0			러브러브볼	트리토돈: 소드
423	1			프렌드볼	트리토돈(1): 소드
424	0			러브러브볼	겟핸보숭: 전국도감
425	0			퀵볼	흔들풍손: 소드
426	0			퀵볼	둥실라이드: 소드
427	0			러브러브볼>힐볼	이어롤: 소드>전국도감
428	0			러브러브볼>힐볼	이어롭: 소드>전국도감
429	0			레벨볼	무우마직: 전국도감
430	0			드림볼	돈크로우: 전국도감
431	0			드림볼	나옹마: 전국도감
432	0			드림볼	몬냥이: 전국도감
433	0			레벨볼	랑딸랑: 전국도감
434	0			컴퍼티션볼>타이머볼	스컹뿡: 소드>전국도감
435	0			컴퍼티션볼>타이머볼	스컹탱크: 소드>전국도감
436	0			프렌드볼	동미러: 소드
437	0			프렌드볼	동탁군: 소드
438	0			레벨볼	꼬지지: 소드
439	0			문볼>프렌드볼	흉내내: 소드>전국도감
440	0			러브러브볼	핑복: 소드
441	0			레벨볼>럭셔리볼	페라페: 전국도감>전국도감
442	0			루어볼>드림볼	화강돌: 소드>전국도감
443	0			문볼>헤비볼>럭셔리볼	딥상어동: 소드>전국도감>전국도감
444	0			문볼>헤비볼>럭셔리볼	한바이트: 소드>전국도감>전국도감
445	0			문볼>헤비볼>럭셔리볼	한카리아스: 소드>전국도감>전국도감
446	0			헤비볼	먹고자: 소드
447	0			레벨볼	리오르: 소드
448	0			레벨볼	루카리오: 소드
449	0	수		헤비볼	히포포타스: 전국도감
449	0	암		사파리볼>헤비볼	히포포타스: 전국도감>전국도감
450	0	수		헤비볼	하마돈: 전국도감
450	0	암		사파리볼>헤비볼	하마돈: 전국도감>전국도감
451	0			드림볼	스콜피: 소드
452	0			드림볼	드래피온: 소드
453	0			문볼>네트볼	삐딱구리: 소드>전국도감
454	0			문볼>네트볼	독개굴: 소드>전국도감
455	0			프렌드볼>네스트볼	무스틈니: 전국도감>전국도감
456	0			레벨볼>프리미어볼	형광어: 전국도감>전국도감
457	0			레벨볼>프리미어볼	네오라이트: 전국도감>전국도감
458	0			다이브볼	타만타: 소드
459	0			다이브볼	눈쓰개: 소드
460	0			다이브볼	눈설왕: 소드
461	0			드림볼	포푸니라: 소드
462	0			헤비볼	자포코일: 소드
463	0			레벨볼	내룸벨트: 소드
464	0			레벨볼	거대코뿌리: 소드
465	0			프렌드볼	덩쿠림보: 소드
466	0			레벨볼	에레키블: 소드
467	0			드림볼	마그마번: 소드
468	0			프리미어볼	토게키스: 소드
469	0			문볼	메가자리: 전국도감
470	0			프렌드볼	리피아: 소드
471	0			다이브볼	글레이시아: 소드
472	0			문볼	글라이온: 전국도감
473	0			프렌드볼	맘모꾸리: 소드
474	0			울트라볼>드림볼	폴리곤Z: 소드>전국도감
475	0	수		문볼	엘레이드: 소드
475	0	암		러브러브볼>문볼	엘레이드: 소드>소드
476	0			레벨볼	대코파스: 전국도감
477	0			럭셔리볼	야느와르몽: 소드
478	0			러브러브볼	눈여아: 소드
479	0			스피드볼	로토무: 소드
479	1			스피드볼	로토무(1): 소드
479	2			스피드볼	로토무(2): 소드
479	3			스피드볼	로토무(3): 소드
479	4			스피드볼	로토무(4): 소드
479	5			스피드볼	로토무(5): 소드
480	0			레벨볼	유크시: 소드
481	0			러브러브볼	엠라이트: 소드
482	0			루어볼	아그놈: 소드
483	0			타이머볼	디아루가: 소드
483	0		일반	타이머볼	디아루가: 스칼렛 초안
484	0			러브러브볼	펄기아: 소드
484	0		일반	러브러브볼	펄기아: 스칼렛 초안
485	0			헤비볼	히드런: 소드
485	0		일반	헤비볼	히드런: Z-A 초안
486	0			헤비볼	레지기가스: 소드
487	0			문볼	기라티나: 소드
487	1			문볼	기라티나(1): 소드
488	0			문볼	크레세리아: 소드
489	0			몬스터볼	피오네: 전국도감 세이브
491	0			다크볼	다크라이: 전국도감
491	0		일반	문볼	다크라이: Z-A
492	0			네스트볼	쉐이미: 전국도감
494	0		일반	프레셔스볼	비크티니: 소드
495	0			프렌드볼	주리비얀: 전국도감
496	0			프렌드볼	샤비: 전국도감
497	0			프렌드볼	샤로다: 전국도감
498	0			헤비볼	뚜꾸리: 전국도감
499	0			헤비볼	차오꿀: 전국도감
500	0			헤비볼	염무왕: 전국도감
501	0			문볼	수댕이: 전국도감
502	0			문볼	쌍검자비: 전국도감
503	0			문볼	대검귀: 전국도감
503	1		일반	문볼	대검귀(1): 스칼렛
504	0			다크볼	보르쥐: 전국도감
505	0			다크볼	보르그: 전국도감
506	0			레벨볼	요테리: 소드
507	0			레벨볼	하데리어: 소드
508	0			레벨볼	바랜드: 소드
509	0			럭셔리볼	쌔비냥: 소드
510	0			럭셔리볼	레파르다스: 소드
511	0			프렌드볼>네스트볼	야나프: Z-A>전국도감
512	0			프렌드볼>네스트볼	야나키: Z-A>전국도감
513	0			컴퍼티션볼>타이머볼	바오프: Z-A>전국도감
514	0			컴퍼티션볼>타이머볼	바오키: Z-A>전국도감
515	0			다이브볼	앗차프: 전국도감
516	0			다이브볼	앗차키: 전국도감
517	0			드림볼	몽나: 소드
518	0			드림볼	몽얌나: 소드
519	0			럭셔리볼	콩둘기: 소드
520	0			럭셔리볼	유토브: 소드
521	0			럭셔리볼	켄호로우: 소드
522	0			프리미어볼	줄뮤마: 스칼렛
523	0			프리미어볼	제브라이카: 스칼렛
524	0			문볼	단굴: 소드
525	0			문볼	암트르: 소드
526	0			문볼	기가이어스: 소드
527	0			프렌드볼>럭셔리볼	또르박쥐: 소드>전국도감
528	0			프렌드볼>럭셔리볼	맘박쥐: 소드>전국도감
529	0			헤비볼>럭셔리볼	두더류: 소드>전국도감
530	0			헤비볼>럭셔리볼	몰드류: 소드>전국도감
531	0			드림볼	다부니: 소드
532	0			헤비볼	으랏차: 소드
533	0			헤비볼	토쇠골: 소드
534	0			헤비볼	노보청: 소드
535	0			다크볼	동챙이: 소드
536	0			다크볼	두까비: 소드
537	0			다크볼	두빅굴: 소드
538	0			타이머볼	던지미: 소드
539	0			네트볼	타격귀: 소드
540	0			프렌드볼	두르보: 전국도감
541	0			프렌드볼	두르쿤: 전국도감
542	0			프렌드볼	모아머: 전국도감
543	0			컴퍼티션볼>타이머볼	마디네: 소드>전국도감
544	0			컴퍼티션볼>타이머볼	휠구: 소드>전국도감
545	0			컴퍼티션볼>타이머볼	펜드라: 소드>전국도감
546	0			문볼	소미안: 소드
547	0			문볼	엘풍: 소드
548	0			프렌드볼	치릴리: 소드
549	0			프렌드볼	드레디어: 소드
550	0			프렌드볼	배쓰나이: 소드
550	1			프렌드볼	배쓰나이(1): 소드
550	2			루어볼	배쓰나이(2): 스칼렛
551	0			사파리볼>네스트볼	깜눈크: 소드>전국도감
552	0			사파리볼>네스트볼	악비르: 소드>전국도감
553	0			사파리볼>네스트볼	악비아르: 소드>전국도감
554	0			럭셔리볼	달막화: 소드
554	1			럭셔리볼	달막화(1): 소드
555	0			럭셔리볼	불비달마: 소드
555	2			럭셔리볼	불비달마(2): 소드
556	0			프렌드볼>네스트볼	마라카치: 소드>전국도감
557	0			사파리볼>네스트볼	돌살이: 소드>전국도감
558	0			사파리볼>네스트볼	암팰리스: 소드>전국도감
559	0			프렌드볼	곤율랭: 소드
560	0			프렌드볼	곤율거니: 소드
561	0			프렌드볼	심보러: 소드
562	0			드림볼>힐볼	데스마스: Z-A>전국도감
562	1			드림볼	데스마스(1): Z-A
563	0			드림볼>힐볼	데스니칸: 소드>전국도감
564	0			다이브볼	프로토가: 소드
565	0			다이브볼	늑골라: 소드
566	0			루어볼>몬스터볼	아켄: 소드>전국도감
567	0			루어볼>몬스터볼	아케오스: 소드>전국도감
568	0			헤비볼	깨봉이: 소드
569	0			헤비볼	더스트나: 소드
570	0			드림볼>다크볼	조로아: 소드>전국도감
571	0			드림볼>다크볼	조로아크: 소드>전국도감
572	0			레벨볼	치라미: 소드
573	0			레벨볼	치라치노: 소드
574	0			럭셔리볼	고디탱: 소드
575	0			럭셔리볼	고디보미: 소드
576	0			럭셔리볼	고디모아젤: 소드
577	0			문볼	유니란: 소드
578	0			문볼	듀란: 소드
579	0			문볼	란쿨루스: 소드
580	0			드림볼	꼬지보리: 전국도감
581	0			드림볼	스완나: 전국도감
582	0			다이브볼	바닐프티: 소드
583	0			다이브볼	바닐리치: 소드
584	0			다이브볼	배바닐라: 소드
585	0			힐볼	사철록: 전국도감
585	1			네스트볼	사철록(1): 전국도감
585	2			타이머볼	사철록(2): 전국도감
585	3			프리미어볼	사철록(3): 전국도감
586	0			힐볼	바라철록: 전국도감
586	1			네스트볼	바라철록(1): 전국도감
586	2			타이머볼	바라철록(2): 전국도감
586	3			프리미어볼	바라철록(3): 전국도감
587	0			레벨볼	에몽가: 소드
588	0			러브러브볼>드림볼	딱정곤: 소드>전국도감
589	0			러브러브볼>드림볼	슈바르고: 소드>전국도감
590	0			마스터볼>프리미어볼	깜놀버슬: 스칼렛>소드
591	0			마스터볼>프리미어볼	뽀록나: 스칼렛>소드
592	0	수		프렌드볼	탱그릴: 소드
592	0	암		드림볼>러브러브볼>힐볼>프렌드볼	탱그릴: 소드>전국도감>전국도감>소드
593	0	수		프렌드볼	탱탱겔: 소드
593	0	암		드림볼>러브러브볼>힐볼>프렌드볼	탱탱겔: 소드>전국도감>전국도감>소드
594	0			드림볼	맘복치: 전국도감
595	0			퀵볼	파쪼옥: 소드
596	0			퀵볼	전툴라: 소드
597	0			레벨볼>럭셔리볼	철시드: 소드>전국도감
598	0			레벨볼>럭셔리볼	너트령: 소드>전국도감
599	0			사파리볼>네스트볼	기어르: 소드>전국도감
600	0			사파리볼>네스트볼	기기어르: 소드>전국도감
601	0			사파리볼>네스트볼	기기기어르: 소드>전국도감
602	0			프렌드볼	저리어: 전국도감
603	0			프렌드볼	저리릴: 전국도감
604	0			프렌드볼	저리더프: 전국도감
605	0			힐볼	리그레: 소드
606	0			힐볼	벰크: 소드
607	0			문볼	불켜미: 소드
608	0			문볼	램프라: 소드
609	0			문볼	샹델라: 소드
610	0			레벨볼	터검니: 소드
611	0			레벨볼	액슨도: 소드
612	0			레벨볼	액스라이즈: 소드
613	0			다이브볼	코고미: 소드
614	0			다이브볼	툰베어: 소드
615	0			다이브볼	프리지오: 소드
616	0			럭셔리볼	쪼마리: 소드
617	0			럭셔리볼	어지리더: 소드
618	0			문볼	메더: 소드
618	1			사파리볼	메더(1): Z-A
619	0			러브러브볼	비조푸: 소드
620	0			러브러브볼	비조도: 소드
621	0			프렌드볼	크리만: 소드
622	0			헤비볼	골비람: 소드
623	0			헤비볼	골루그: 소드
624	0			문볼	자망칼: 스칼렛
625	0			문볼	절각참: 스칼렛
626	0			럭셔리볼	버프론: 소드
627	0			문볼	수리둥보: 소드
628	0			문볼	워글: 소드
629	0			드림볼>러브러브볼>힐볼	벌차이: 소드>전국도감>전국도감
630	0			드림볼>러브러브볼>힐볼	버랜지나: 소드>전국도감>전국도감
631	0			럭셔리볼	앤티골: 소드
632	0			헤비볼>럭셔리볼	아이앤트: 소드>전국도감
633	0			다크볼	모노두: 소드
634	0			다크볼	디헤드: 소드
635	0			다크볼	삼삼드래: 소드
636	0			레벨볼	활화르바: 소드
637	0			레벨볼	불카모스: 소드
638	0			문볼	코바르온: 소드
638	0		일반	문볼	코바르온: 스칼렛 초안
639	0			레벨볼	테라키온: 소드
639	0		일반	레벨볼	테라키온: 스칼렛 초안
640	0			러브러브볼	비리디온: 소드
640	0		일반	러브러브볼	비리디온: 스칼렛 초안
641	0			프렌드볼	토네로스: 소드
641	1			프렌드볼	토네로스(1): 소드
642	0			문볼	볼트로스: 소드
642	1			문볼	볼트로스(1): 소드
643	0			레벨볼	레시라무: 소드
643	0		일반	레벨볼	레시라무: 스칼렛 초안
644	0			럭셔리볼	제크로무: 소드
644	0		일반	럭셔리볼	제크로무: 스칼렛 초안
645	0			레벨볼	랜드로스: 소드
645	1			레벨볼	랜드로스(1): 소드
646	0			헤비볼	큐레무: 소드
646	0		일반	헤비볼	큐레무: 스칼렛 초안
647	0		일반	루어볼	케르디오: Z-A
647	1		일반	루어볼	케르디오(1): Z-A
648	0		일반	러브러브볼	메로엣타: Z-A
649	0		일반	마스터볼>프레셔스볼	게노세크트: Z-A>소드
649	1		일반	마스터볼>프레셔스볼	게노세크트(1): Z-A>소드
649	2		일반	마스터볼>프레셔스볼	게노세크트(2): Z-A>소드
649	3		일반	마스터볼>프레셔스볼	게노세크트(3): Z-A>소드
649	4		일반	마스터볼>프레셔스볼	게노세크트(4): Z-A>소드
650	0			사파리볼>네스트볼>몬스터볼	도치마론: 전국도감>전국도감>전국도감
651	0			사파리볼>네스트볼>몬스터볼	도치보구: 전국도감>전국도감>전국도감
652	0			사파리볼>네스트볼>몬스터볼	브리가론: 전국도감>전국도감>전국도감
653	0	수		드림볼>러브러브볼>타이머볼>몬스터볼	푸호꼬: 스칼렛>전국도감>전국도감>전국도감
653	0	암		러브러브볼>드림볼>타이머볼>몬스터볼	푸호꼬: 스칼렛>전국도감>전국도감>전국도감
654	0	수		드림볼>러브러브볼>타이머볼>몬스터볼	테르나: 스칼렛>전국도감>전국도감>전국도감
654	0	암		러브러브볼>드림볼>타이머볼>몬스터볼	테르나: 스칼렛>전국도감>전국도감>전국도감
655	0	수		드림볼>러브러브볼>타이머볼>몬스터볼	마폭시: 스칼렛>전국도감>전국도감>전국도감
655	0	암		러브러브볼>드림볼>타이머볼>몬스터볼	마폭시: 스칼렛>전국도감>전국도감>전국도감
656	0			문볼>럭셔리볼>몬스터볼	개구마르: 전국도감>전국도감>전국도감
657	0			문볼>럭셔리볼>몬스터볼	개굴반장: 전국도감>전국도감>전국도감
658	0			문볼>럭셔리볼>몬스터볼	개굴닌자: 전국도감>전국도감>전국도감
658	1			문볼>럭셔리볼>몬스터볼	개굴닌자(1): 전국도감>전국도감>전국도감
659	0			헤비볼>프리미어볼	파르빗: 소드>전국도감
660	0			헤비볼>프리미어볼	파르토: 소드>전국도감
661	0			스피드볼>럭셔리볼>몬스터볼	화살꼬빈: 소드>전국도감>전국도감
662	0			스피드볼>럭셔리볼>몬스터볼	불화살빈: 소드>전국도감>전국도감
663	0			스피드볼>럭셔리볼>몬스터볼	파이어로: 소드>전국도감>전국도감
664	0			프리미어볼	분이벌레: 스칼렛 초안
664	1			울트라볼	분이벌레(1): 스칼렛 초안
664	2			다이브볼	분이벌레(2): 스칼렛 초안
664	3			레벨볼>리피트볼	분이벌레(3): 전국도감>전국도감
664	4			프렌드볼	분이벌레(4): 스칼렛 초안
664	5			힐볼	분이벌레(5): 스칼렛 초안
664	6			러브러브볼	분이벌레(6): 스칼렛 초안
664	7			루어볼	분이벌레(7): 스칼렛 초안
664	8			다이브볼	분이벌레(8): 스칼렛 초안
664	9			리피트볼	분이벌레(9): 스칼렛 초안
664	10			네스트볼	분이벌레(10): 스칼렛 초안
664	11			럭셔리볼	분이벌레(11): 스칼렛 초안
664	12			문볼	분이벌레(12): 스칼렛 초안
664	13			헤비볼	분이벌레(13): 스칼렛 초안
664	14			퀵볼	분이벌레(14): 스칼렛 초안
664	15			스피드볼	분이벌레(15): 스칼렛 초안
664	16			레벨볼	분이벌레(16): 스칼렛 초안
664	17			다크볼	분이벌레(17): 스칼렛 초안
664	19			몬스터볼	분이벌레(19): 스칼렛 초안
665	0			프리미어볼	분떠도리: 스칼렛 초안
665	1			울트라볼	분떠도리(1): 스칼렛 초안
665	2			다이브볼	분떠도리(2): 스칼렛 초안
665	3			레벨볼>리피트볼	분떠도리(3): 전국도감>전국도감
665	4			프렌드볼	분떠도리(4): 스칼렛 초안
665	5			힐볼	분떠도리(5): 스칼렛 초안
665	6			러브러브볼	분떠도리(6): 스칼렛 초안
665	7			루어볼	분떠도리(7): 스칼렛 초안
665	8			다이브볼	분떠도리(8): 스칼렛 초안
665	8		일반	다이브볼	분떠도리(8): Z-A 초안
665	9			리피트볼	분떠도리(9): 스칼렛 초안
665	10			네스트볼	분떠도리(10): 스칼렛 초안
665	11			럭셔리볼	분떠도리(11): 스칼렛 초안
665	12			문볼	분떠도리(12): 스칼렛 초안
665	13			헤비볼	분떠도리(13): 스칼렛 초안
665	14			퀵볼	분떠도리(14): 스칼렛 초안
665	15			스피드볼	분떠도리(15): 스칼렛 초안
665	16			레벨볼	분떠도리(16): 스칼렛 초안
665	17			다크볼	분떠도리(17): 스칼렛 초안
665	19			몬스터볼	분떠도리(19): 스칼렛 초안
666	0			프리미어볼	비비용: 전국도감
666	1			울트라볼	비비용(1): 전국도감
666	2			다이브볼	비비용(2): 전국도감
666	3			레벨볼>리피트볼	비비용(3): 전국도감>전국도감
666	4			프렌드볼	비비용(4): 전국도감
666	5			힐볼	비비용(5): 전국도감
666	6			러브러브볼	비비용(6): 전국도감
666	7			루어볼	비비용(7): 전국도감
666	8			다이브볼	비비용(8): 전국도감
666	8		일반	다이브볼	비비용(8): Z-A 초안
666	9			리피트볼	비비용(9): 전국도감
666	10			네스트볼	비비용(10): 전국도감
666	11			럭셔리볼	비비용(11): 전국도감
666	12			문볼	비비용(12): 전국도감
666	13			헤비볼	비비용(13): 전국도감
666	14			퀵볼	비비용(14): 전국도감
666	15			스피드볼	비비용(15): 전국도감
666	16			레벨볼	비비용(16): 전국도감
666	17			다크볼	비비용(17): 전국도감
666	19			몬스터볼	비비용(19): 스칼렛 초안
667	0			스피드볼>리피트볼	레오꼬: 전국도감>전국도감
668	0			스피드볼>리피트볼	화염레오: 전국도감>전국도감
669	0			드림볼>러브러브볼>힐볼>몬스터볼	플라베베: 전국도감>전국도감>전국도감>전국도감
669	1			드림볼>레벨볼	플라베베(1): 전국도감>전국도감
669	2			드림볼>리피트볼	플라베베(2): 전국도감>전국도감
669	3			루어볼	플라베베(3): 전국도감
669	4			드림볼>프리미어볼	플라베베(4): 전국도감>전국도감
670	0			드림볼>러브러브볼>힐볼>몬스터볼	플라엣테: 전국도감>전국도감>전국도감>전국도감
670	1			드림볼>레벨볼	플라엣테(1): 전국도감>전국도감
670	2			드림볼>리피트볼	플라엣테(2): 전국도감>전국도감
670	3			드림볼>루어볼>다이브볼	플라엣테(3): 전국도감>전국도감>전국도감
670	4			드림볼>프리미어볼	플라엣테(4): 전국도감>전국도감
670	5		일반	러브러브볼	플라엣테(5): Z-A 초안
671	0			드림볼>러브러브볼>힐볼>몬스터볼	플라제스: 전국도감>전국도감>전국도감>전국도감
671	1			드림볼>레벨볼	플라제스(1): 전국도감>전국도감
671	2			드림볼>리피트볼	플라제스(2): 전국도감>전국도감
671	3			드림볼>루어볼>다이브볼	플라제스(3): 전국도감>전국도감>전국도감
671	4			드림볼>프리미어볼	플라제스(4): 전국도감>전국도감
672	0			프렌드볼>네스트볼	메이클: 전국도감>전국도감
673	0			프렌드볼>네스트볼	고고트: 전국도감>전국도감
674	0			타이머볼	판짱: 소드
675	0			타이머볼	부란다: 소드
676	0			럭셔리볼	트리미앙: 전국도감
676	1			러브러브볼>힐볼	트리미앙(1): 전국도감>전국도감
676	2			문볼>다이브볼	트리미앙(2): 전국도감>전국도감
676	3			레벨볼>리피트볼	트리미앙(3): 전국도감>전국도감
676	4			드림볼>러브러브볼	트리미앙(4): 전국도감>전국도감
676	5			레벨볼	트리미앙(5): 전국도감
676	6			프렌드볼	트리미앙(6): 전국도감
676	7			다이브볼	트리미앙(7): 전국도감
676	8			컴퍼티션볼>타이머볼	트리미앙(8): 전국도감>전국도감
676	9			울트라볼	트리미앙(9): 전국도감
677	0			레벨볼>프리미어볼	냐스퍼: 소드>전국도감
678	0			레벨볼>프리미어볼	냐오닉스: 소드>전국도감
678	1			레벨볼>프리미어볼	냐오닉스(1): 소드>전국도감
679	0			럭셔리볼	단칼빙: 소드
680	0			럭셔리볼	쌍검킬: 소드
681	0			럭셔리볼	킬가르도: 소드
682	0			드림볼>힐볼	슈쁘: 소드>전국도감
683	0			드림볼>힐볼	프레프티르: 소드>전국도감
684	0			럭셔리볼	나룸퍼프: 소드
685	0			럭셔리볼	나루림: 소드
686	0			레벨볼>럭셔리볼	오케이징: 소드>전국도감
687	0			레벨볼>럭셔리볼	칼라마네로: 소드>전국도감
688	0			프렌드볼	거북손손: 소드
689	0			프렌드볼	거북손데스: 소드
690	0			다이브볼	수레기: 소드
691	0			다이브볼	드래캄: 소드
692	0			루어볼	완철포: 소드
693	0			루어볼	블로스터: 소드
694	0			레벨볼>럭셔리볼	목도리키텔: 소드>전국도감
695	0			레벨볼>럭셔리볼	일레도리자드: 소드>전국도감
696	0			헤비볼>다이브볼>몬스터볼	티고라스: 소드>전국도감>전국도감
697	0			헤비볼>다이브볼>몬스터볼	견고라스: 소드>전국도감>전국도감
698	0			다이브볼>몬스터볼	아마루스: 소드>전국도감
699	0			다이브볼>몬스터볼	아마루르가: 소드>전국도감
700	0			러브러브볼	님피아: 소드
701	0			럭셔리볼	루차불: 소드
702	0			레벨볼	데덴네: 소드
703	0			헤비볼>다이브볼	멜리시: 소드>전국도감
704	0			힐볼	미끄메라: 소드
705	0			힐볼	미끄네일: 소드
705	1			헤비볼	미끄네일(1): Z-A
706	0			힐볼	미끄래곤: 소드
706	1			헤비볼	미끄래곤(1): Z-A
707	0			럭셔리볼	클레피: 소드
708	0			타이머볼	나목령: 소드
709	0			타이머볼	대로트: 소드
710	0			드림볼>다크볼	호바귀: Z-A>소드
710	1			드림볼>다크볼	호바귀(1): Z-A>소드
710	2			드림볼>다크볼	호바귀(2): Z-A>소드
710	3			드림볼>다크볼	호바귀(3): Z-A>소드
711	0			드림볼>다크볼	펌킨인: Z-A>소드
711	1			드림볼>다크볼	펌킨인(1): Z-A>소드
711	2			드림볼>다크볼	펌킨인(2): Z-A>소드
711	3			드림볼>다크볼	펌킨인(3): Z-A>소드
712	0			다이브볼	꽁어름: 소드
713	0			다이브볼	크레베이스: 소드
713	1			다이브볼	크레베이스(1): Z-A 초안
714	0			프렌드볼>다크볼	음뱃: 소드>전국도감
715	0			프렌드볼>다크볼	음번: 소드>전국도감
716	0			다이브볼	제르네아스: 소드
716	0		일반	다이브볼	제르네아스: Z-A 초안
717	0			타이머볼	이벨타르: 소드
717	0		일반	컴퍼티션볼	이벨타르: Z-A
718	0			프렌드볼	지가르데: 소드
718	0		일반	프렌드볼	지가르데: 전국도감
718	1			프렌드볼	지가르데(1): 소드
718	2			프렌드볼	지가르데(2): 소드
718	2		일반	프렌드볼	지가르데(2): Z-A 초안
718	3			프렌드볼	지가르데(3): 소드
718	3		일반	프렌드볼	지가르데(3): Z-A 초안
719	0		일반	러브러브볼	디안시: Z-A
720	0		일반	드림볼	후파: Z-A
720	1		일반	드림볼	후파(1): Z-A
721	0		일반	스피드볼>프레셔스볼	볼케니온: Z-A>소드
722	0			문볼	나몰빼미: 소드
723	0			문볼	빼미스로우: 소드
724	0			문볼	모크나이퍼: 소드
724	1		일반	프렌드볼	모크나이퍼(1): 스칼렛
725	0			컴퍼티션볼	냐오불: 소드
726	0			컴퍼티션볼	냐오히트: 소드
727	0			컴퍼티션볼	어흥염: 소드
728	0	수		다이브볼>러브러브볼	누리공: 소드>스칼렛 초안
728	0	암		러브러브볼>다이브볼	누리공: 소드>소드
729	0	수		다이브볼	키요공: 소드
729	0	암		러브러브볼>다이브볼	키요공: 소드>소드
730	0	수		다이브볼	누리레느: 소드
730	0	암		러브러브볼>다이브볼	누리레느: 소드>소드
731	0			럭셔리볼	콕코구리: 전국도감
732	0			럭셔리볼	크라파: 전국도감
733	0			럭셔리볼	왕큰부리: 전국도감
734	0			러브러브볼	영구스: 전국도감
735	0			러브러브볼	형사구스: 전국도감
736	0			프렌드볼	턱지충이: 소드
737	0			프렌드볼	전지충이: 소드
738	0			프렌드볼	투구뿌논: 소드
739	0			프리미어볼	오기지게: 전국도감
740	0			프리미어볼	모단단게: 전국도감
741	0			럭셔리볼	춤추새: 전국도감
741	1			레벨볼	춤추새(1): 전국도감
741	2			러브러브볼	춤추새(2): 전국도감
741	3			다이브볼	춤추새(3): 전국도감
742	0			러브러브볼	에블리: 소드
743	0			러브러브볼	에리본: 소드
744	0			문볼	암멍이: 소드
744	1			문볼	암멍이(1): 소드
745	0			문볼	루가루암: 소드
745	1			문볼	루가루암(1): 소드
745	2			문볼	루가루암(2): 소드
746	0			다이브볼	약어리: 소드
747	0			러브러브볼	시마사리: 소드
748	0			러브러브볼	더시마사리: 소드
749	0			레벨볼	머드나기: 소드
750	0			레벨볼	만마드: 소드
751	0			다이브볼>마스터볼	물거미: 소드>전국도감
752	0			다이브볼>마스터볼	깨비물거미: 소드>전국도감
753	0			프렌드볼	짜랑랑: 소드
754	0			프렌드볼	라란티스: 소드
755	0			레벨볼	자마슈: 소드
756	0			레벨볼	마셰이드: 소드
757	0			드림볼>러브러브볼	야도뇽: 소드>전국도감
758	0			드림볼>러브러브볼	염뉴트: 소드>전국도감
759	0			레벨볼	포곰곰: 소드
760	0			레벨볼	이븐곰: 소드
761	0			러브러브볼	달콤아: 소드
762	0			러브러브볼	달무리나: 소드
763	0			러브러브볼	달코퀸: 소드
764	0			힐볼	큐아링: 소드
765	0			드림볼>러브러브볼	하랑우탄: 소드>전국도감
766	0			문볼	내던숭이: 소드
767	0			울트라볼	꼬시레: 소드
768	0			울트라볼	갑주무사: 소드
769	0			럭셔리볼	모래꿍: 소드
770	0			럭셔리볼	모래성이당: 소드
771	0			프렌드볼	해무기: 소드
772	0		일반	몬스터볼	타입:널: 소드
773	0		일반	몬스터볼	실버디: 소드
773	1		일반	몬스터볼	실버디(1): 소드
773	2		일반	몬스터볼	실버디(2): 소드
773	3		일반	몬스터볼	실버디(3): 소드
773	4		일반	몬스터볼	실버디(4): 소드
773	5		일반	몬스터볼	실버디(5): 소드
773	6		일반	몬스터볼	실버디(6): 소드
773	7		일반	몬스터볼	실버디(7): 소드
773	8		일반	몬스터볼	실버디(8): 소드
773	9		일반	몬스터볼	실버디(9): 소드
773	10		일반	몬스터볼	실버디(10): 소드
773	11		일반	몬스터볼	실버디(11): 소드
773	12		일반	몬스터볼	실버디(12): 소드
773	13		일반	몬스터볼	실버디(13): 소드
773	14		일반	몬스터볼	실버디(14): 소드
773	15		일반	몬스터볼	실버디(15): 소드
773	16		일반	몬스터볼	실버디(16): 소드
773	17		일반	몬스터볼	실버디(17): 소드
774	7			럭셔리볼	메테노(7): 전국도감
774	8			럭셔리볼	메테노(8): 전국도감
774	9			럭셔리볼	메테노(9): 전국도감
774	10			럭셔리볼	메테노(10): 전국도감
774	11			럭셔리볼	메테노(11): 전국도감
774	12			럭셔리볼	메테노(12): 전국도감
774	13			럭셔리볼	메테노(13): 전국도감
775	0			문볼	자말라: 전국도감
776	0			레벨볼	폭거북스: 소드
777	0			프리미어볼	토게데마루: 소드
778	0	수		문볼>러브러브볼	따라큐: 스칼렛>소드
778	0	암		러브러브볼	따라큐: 스칼렛
779	0			프렌드볼	치갈기: 전국도감
780	0			레벨볼	할비롱: 소드
781	0			레벨볼	타타륜: 소드
782	0			러브러브볼	짜랑꼬: 소드
783	0			러브러브볼	짜랑고우: 소드
784	0			러브러브볼	짜랑고우거: 소드
785	0			럭셔리볼	카푸꼬꼬꼭: 소드
785	0		일반	스피드볼	카푸꼬꼬꼭: 전국도감
786	0			러브러브볼	카푸나비나: 소드
786	0		일반	러브러브볼	카푸나비나: 전국도감
787	0			레벨볼	카푸브루루: 소드
787	0		일반	레벨볼	카푸브루루: 전국도감
788	0			다이브볼	카푸느지느: 소드
788	0		일반	다이브볼	카푸느지느: 전국도감
789	0		일반	몬스터볼	코스모그: 소드
790	0		일반	몬스터볼	코스모움: 소드
791	0			레벨볼	솔가레오: 소드
791	0		일반	프리미어볼>레벨볼	솔가레오: 전국도감>스칼렛 초안
792	0			문볼	루나아라: 소드
792	0		일반	문볼	루나아라: 전국도감
793	0			울트라볼	텅비드: 소드
794	0			울트라볼	매시붕: 소드
795	0			울트라볼	페로코체: 소드
796	0			울트라볼	전수목: 소드
797	0			울트라볼	철화구야: 소드
798	0			울트라볼	종이신도: 소드
799	0			울트라볼	악식킹: 소드
800	0			울트라볼	네크로즈마: 소드
800	0		일반	럭셔리볼>울트라볼	네크로즈마: 전국도감>스칼렛 초안
801	1		일반	프레셔스볼	마기아나(1): 소드
802	0		일반	럭셔리볼>프레셔스볼	마샤도: Z-A>소드
803	0			몬스터볼	베베놈: 전국도감
803	0		일반	몬스터볼	베베놈: 소드
804	0			몬스터볼	아고용: 전국도감
804	0		일반	몬스터볼	아고용: 소드
805	0			울트라볼	차곡차곡: 소드
806	0			울트라볼	두파팡: 소드
807	0			프레셔스볼	제라오라: 소드
807	0		일반	울트라볼	제라오라: Z-A
808	0			몬스터볼	멜탄: 소드
808	0		일반	헤비볼	멜탄: Z-A
809	0			몬스터볼	멜메탈: 소드
810	0			프렌드볼	흥나숭: 소드
811	0			프렌드볼	채키몽: 소드
812	0			프렌드볼	고릴타: 소드
813	0			스피드볼	염버니: 소드
814	0			스피드볼	래비풋: 소드
815	0			스피드볼	에이스번: 소드
816	0			루어볼	울머기: 소드
817	0			루어볼	누겔레온: 소드
818	0			루어볼	인텔리레온: 소드
819	0			러브러브볼	탐리스: 소드
820	0			러브러브볼	요씽리스: 소드
821	0			헤비볼	파라꼬: 소드
822	0			헤비볼	파크로우: 소드
823	0			헤비볼	아머까오: 소드
824	0			드림볼	두루지벌레: 소드
825	0			드림볼	레돔벌레: 소드
826	0			드림볼	이올브: 소드
827	0			헤비볼	훔처우: 소드
828	0			헤비볼	폭슬라이: 소드
829	0			러브러브볼	꼬모카: 소드
830	0			러브러브볼	백솜모카: 소드
831	0			럭셔리볼	우르: 소드
832	0			럭셔리볼	배우르: 소드
833	0			프렌드볼	깨물부기: 소드
834	0			프렌드볼	갈가부기: 소드
835	0			레벨볼	멍파치: 소드
836	0			레벨볼	펄스멍: 소드
837	0			헤비볼	탄동: 소드
838	0			헤비볼	탄차곤: 소드
839	0			헤비볼	석탄산: 소드
840	0			프렌드볼	과사삭벌레: 스칼렛
841	0			프렌드볼	애프룡: 스칼렛
842	0			프렌드볼	단지래플: 스칼렛
843	0			헤비볼	모래뱀: 소드
844	0			헤비볼	사다이사: 소드
845	0			스피드볼	윽우지: 소드
846	0			타이머볼	찌로꼬치: 소드
847	0			타이머볼	꼬치조: 소드
848	0			드림볼	일레즌: 소드
849	0			드림볼	스트린더: 소드
849	1			드림볼	스트린더(1): 소드
850	0			스피드볼	태우지네: 소드
851	0			스피드볼	다태우지네: 소드
852	0			레벨볼	때때무노: 소드
853	0			레벨볼	케오퍼스: 소드
854	0			드림볼	데인차: 소드
854	1			몬스터볼	데인차(1): 소드
855	0			드림볼	포트데스: 소드
855	1			몬스터볼	포트데스(1): 소드
856	0			러브러브볼	몸지브림: 소드
857	0			러브러브볼	손지브림: 소드
858	0			러브러브볼	브리무음: 소드
859	0			드림볼	메롱꿍: 소드
860	0			드림볼	쏘겨모: 소드
861	0			드림볼	오롱털: 소드
862	0			루어볼	가로막구리: 소드
863	0			레벨볼	나이킹: 소드
863	0		일반	레벨볼	나이킹: 스칼렛 초안
864	0			프리미어볼	산호르곤: 소드
865	0			레벨볼	창파나이트: 소드
866	0			문볼	마임꽁꽁: 소드
867	0			드림볼	데스판: 소드
868	0			프리미어볼	마빌크: 소드
869	0			럭셔리볼	마휘핑: 스칼렛 초안
869	0		일반	몬스터볼	마휘핑: 소드
869	1			드림볼	마휘핑(1): 스칼렛 초안
869	1		일반	드림볼	마휘핑(1): 소드
869	2			프렌드볼	마휘핑(2): 스칼렛 초안
869	2		일반	프렌드볼	마휘핑(2): 소드
869	3			다이브볼	마휘핑(3): 스칼렛 초안
869	3		일반	다이브볼	마휘핑(3): 소드
869	4			레벨볼	마휘핑(4): 스칼렛 초안
869	4		일반	레벨볼	마휘핑(4): 소드
869	5			프리미어볼	마휘핑(5): 스칼렛 초안
869	5		일반	프리미어볼	마휘핑(5): 소드
869	6			러브러브볼	마휘핑(6): 스칼렛 초안
869	6		일반	러브러브볼	마휘핑(6): 소드
869	7			네스트볼	마휘핑(7): 스칼렛 초안
869	7		일반	네스트볼	마휘핑(7): 소드
869	8			힐볼	마휘핑(8): 스칼렛 초안
869	8		일반	힐볼	마휘핑(8): 소드
870	0			레벨볼	대여르: 소드
871	0			레벨볼	찌르성게: 소드
872	0			다이브볼	누니머기: 소드
873	0			다이브볼	모스노우: 소드
874	0			헤비볼	돌헨진: 소드
875	0			드림볼	빙큐보: 소드
876	0			문볼	에써르: 소드
876	1			문볼	에써르(1): 소드
877	0			레벨볼	모르페코: 소드
878	0			헤비볼	끼리동: 소드
879	0			헤비볼	대왕끼리동: 소드
880	0			몬스터볼	파치래곤: 소드
881	0			몬스터볼	파치르돈: 소드
882	0			몬스터볼	어래곤: 소드
883	0			몬스터볼	어치르돈: 소드
884	0			헤비볼	두랄루돈: 스칼렛
885	0			문볼	드라꼰: 소드
886	0			문볼	드래런치: 소드
887	0			문볼	드래펄트: 소드
888	0		일반	루어볼	자시안: 소드
889	0		일반	컴퍼티션볼	자마젠타: 소드
890	0		일반	울트라볼	무한다이노: 소드
891	0		일반	몬스터볼	치고마: 소드
892	0		일반	몬스터볼	우라오스: 소드
892	1		일반	몬스터볼	우라오스(1): 소드
893	0		일반	몬스터볼	자루도: 소드
893	1		일반	몬스터볼	자루도(1): 소드
894	0			스피드볼	레지에레키: 소드
895	0			루어볼	레지드래고: 소드
896	0		일반	몬스터볼	블리자포스: 소드
897	0		일반	몬스터볼	레이스포스: 소드
898	0		일반	몬스터볼	버드렉스: 소드
900	0			프렌드볼	사마자르: 스칼렛
901	1		일반	문볼	다투곰(1): 스칼렛
902	0			루어볼	대쓰여너: 스칼렛
902	1			루어볼	대쓰여너(1): 스칼렛
904	0			헤비볼	장침바루: 스칼렛
906	0	수		프렌드볼	나오하: 스칼렛
906	0	암		러브러브볼	나오하: 스칼렛
907	0	수		프렌드볼	나로테: 스칼렛
907	0	암		러브러브볼	나로테: 스칼렛
908	0	수		프렌드볼	마스카나: 스칼렛
908	0	암		러브러브볼	마스카나: 스칼렛
909	0			드림볼	뜨아거: 스칼렛
910	0			드림볼	악뜨거: 스칼렛
911	0			드림볼	라우드본: 스칼렛
912	0			루어볼	꾸왁스: 스칼렛
913	0			루어볼	아꾸왁: 스칼렛
914	0			루어볼	웨이니발: 스칼렛
915	0			러브러브볼	맛보돈: 스칼렛
916	0			러브러브볼	퍼퓨돈: 스칼렛
916	1			러브러브볼	퍼퓨돈(1): 스칼렛
917	0			컴퍼티션볼	타랜툴라: 스칼렛
918	0			컴퍼티션볼	트래피더: 스칼렛
919	0			레벨볼	콩알뚜기: 스칼렛
920	0			레벨볼	엑스레그: 스칼렛
921	0			러브러브볼	빠모: 스칼렛
922	0			러브러브볼	빠모트: 스칼렛
923	0			러브러브볼	빠르모트: 스칼렛
924	0			러브러브볼	두리쥐: 스칼렛
925	0			러브러브볼	파밀리쥐: 스칼렛
925	1			러브러브볼	파밀리쥐(1): 스칼렛
926	0			럭셔리볼	쫀도기: 스칼렛
927	0			럭셔리볼	바우첼: 스칼렛
928	0			프렌드볼	미니브: 스칼렛
929	0			프렌드볼	올리뇨: 스칼렛
930	0			프렌드볼	올리르바: 스칼렛
931	0			프렌드볼	시비꼬: 스칼렛
931	1			루어볼	시비꼬(1): 스칼렛
931	2			레벨볼	시비꼬(2): 스칼렛
931	3			프리미어볼	시비꼬(3): 스칼렛
932	0			레벨볼	베베솔트: 스칼렛
933	0			레벨볼	스태솔트: 스칼렛
934	0			레벨볼	콜로솔트: 스칼렛
935	0			문볼	카르본: 스칼렛
936	0			레벨볼	카디나르마: 스칼렛
937	0			문볼	파라블레이즈: 스칼렛
938	0			레벨볼	빈나두: 스칼렛
939	0			레벨볼	찌리배리: 스칼렛
940	0			레벨볼	찌리비: 스칼렛
941	0			레벨볼	찌리비크: 스칼렛
942	0			문볼	오라티프: 스칼렛
943	0			문볼	마피티프: 스칼렛
944	0			문볼	땃쭈르: 스칼렛
945	0			문볼	태깅구르: 스칼렛
946	0			레벨볼	그푸리: 스칼렛
947	0			레벨볼	공푸리: 스칼렛
948	0			드림볼	들눈해: 스칼렛
949	0			드림볼	육파리: 스칼렛
950	0			다이브볼	절벼게: 스칼렛
951	0			프렌드볼	캡싸이: 스칼렛
952	0			프렌드볼	스코빌런: 스칼렛
953	0			레벨볼	구르데: 스칼렛
954	0			레벨볼	베라카스: 스칼렛
955	0			문볼	하느라기: 스칼렛
956	0			문볼	클레스퍼트라: 스칼렛
957	0			러브러브볼	어리짱: 스칼렛
958	0			러브러브볼	벼리짱: 스칼렛
959	0			러브러브볼	두드리짱: 스칼렛
960	0			헤비볼	바다그다: 스칼렛
961	0			헤비볼	바닥트리오: 스칼렛
962	0			타이머볼	떨구새: 스칼렛
963	0			다이브볼	맨돌핀: 스칼렛
964	0			다이브볼	돌핀맨: 스칼렛
965	0			레벨볼	부르롱: 스칼렛
966	0			레벨볼	부르르룸: 스칼렛
967	0			문볼	모토마: 스칼렛
968	0			다이브볼	꿈트렁: 스칼렛
969	0			울트라볼	초롱순: 스칼렛
970	0			울트라볼	킬라플로르: 스칼렛
971	0			레벨볼	망망이: 스칼렛
972	0			레벨볼	묘두기: 스칼렛
973	0			힐볼	꼬이밍고: 스칼렛
974	0			럭셔리볼	터벅고래: 스칼렛
975	0			럭셔리볼	우락고래: 스칼렛
976	0			프렌드볼	가비루사: 스칼렛
977	0			레벨볼	어써러셔: 스칼렛
978	0			컴퍼티션볼	싸리용: 스칼렛
978	1			프리미어볼	싸리용(1): 스칼렛
978	2			스피드볼	싸리용(2): 스칼렛
979	0			헤비볼	저승갓숭: 스칼렛
980	0			헤비볼	토오: 스칼렛
981	0			드림볼	키키링: 스칼렛
982	0			레벨볼	노고고치: 스칼렛
982	1			레벨볼	노고고치(1): 스칼렛
983	0			문볼	대도각참: 스칼렛
984	0			사파리볼	위대한엄니: 스칼렛
985	0			러브러브볼	우렁찬꼬리: 스칼렛
986	0			다이브볼	사나운버섯: 스칼렛
987	0			프렌드볼	날개치는머리: 스칼렛
988	0			레벨볼	땅을기는날개: 스칼렛
989	0			럭셔리볼	모래털가죽: 스칼렛
990	0			컴퍼티션볼	무쇠바퀴: 스칼렛
991	0			다이브볼	무쇠보따리: 스칼렛
992	0			레벨볼	무쇠손: 스칼렛
993	0			헤비볼	무쇠머리: 스칼렛
994	0			레벨볼	무쇠독나방: 스칼렛
995	0			헤비볼	무쇠가시: 스칼렛
996	0			헤비볼	드니차: 스칼렛
997	0			헤비볼	드니꽁: 스칼렛
998	0			헤비볼	드닐레이브: 스칼렛
999	0			럭셔리볼	모으령: Z-A 초안
999	0		일반	럭셔리볼	모으령: 스칼렛
1000	0			럭셔리볼	타부자고: Z-A 초안
1000	0		일반	럭셔리볼	타부자고: 스칼렛
1001	0		일반	네스트볼	총지엔: 스칼렛
1002	0		일반	다이브볼	파오젠: 스칼렛
1003	0		일반	사파리볼	딩루: 스칼렛
1004	0		일반	스피드볼	위유이: 스칼렛
1005	0			문볼	고동치는달: 스칼렛
1006	0			러브러브볼	무쇠무인: 스칼렛
1007	0		일반	컴퍼티션볼	코라이돈: 스칼렛
1008	0		일반	울트라볼	미라이돈: 스칼렛
1009	0		일반	다이브볼	굽이치는물결: 스칼렛
1010	0		일반	프렌드볼	무쇠잎새: 스칼렛
1011	0			프렌드볼	과미르: 스칼렛
1012	0			프렌드볼	차데스: 스칼렛
1012	1			프렌드볼	차데스(1): 스칼렛
1013	0			프렌드볼	그우린차: 스칼렛
1013	1			프렌드볼	그우린차(1): 스칼렛
1014	0		일반	다크볼	조타구: 스칼렛
1015	0		일반	문볼	이야후: 스칼렛
1016	0		일반	드림볼	기로치: 스칼렛
1017	0		일반	프렌드볼	오거폰: 스칼렛
1018	0			헤비볼	브리두라스: 스칼렛
1019	0			프렌드볼	과미드라: 스칼렛
1020	0		일반	레벨볼	꿰뚫는화염: 스칼렛
1021	0		일반	레벨볼	날뛰는우레: 스칼렛
1022	0		일반	레벨볼	무쇠암석: 스칼렛
1023	0		일반	문볼	무쇠감투: 스칼렛
1024	0		일반	울트라볼	테라파고스: 스칼렛
1025	0		일반	드림볼	복숭악동: 스칼렛
