species	form	sex	class	name	via
1	0		탱커	이상해씨	이상해꽃
2	0		탱커	이상해풀	이상해꽃
3	0		탱커	이상해꽃	이상해꽃
4	0		고속특수	파이리	리자몽
5	0		고속특수	리자드	리자몽
6	0		고속특수	리자몽	리자몽
7	0		저속특수	꼬부기	거북왕
8	0		저속특수	어니부기	거북왕
9	0		저속특수	거북왕	거북왕
10	0		고속특수	캐터피	버터플
11	0		고속특수	단데기	버터플
12	0		고속특수	버터플	버터플
13	0		고속물리	뿔충이	독침붕
14	0		고속물리	딱충이	독침붕
15	0		고속물리	독침붕	독침붕
16	0		고속특수	구구	피죤투
17	0		고속특수	피죤	피죤투
18	0		고속특수	피죤투	피죤투
19	0		고속물리	꼬렛	레트라
19	1		고속물리	꼬렛(알로라의 모습)	레트라(알로라의 모습)
20	0		고속물리	레트라	레트라
20	1		고속물리	레트라(알로라의 모습)	레트라(알로라의 모습)
21	0		고속물리	깨비참	깨비드릴조
22	0		고속물리	깨비드릴조	깨비드릴조
23	0		고속물리	아보	아보크
24	0		고속물리	아보크	아보크
25	0		고속특수	피카츄	분기→라이츄
26	0		고속특수	라이츄	라이츄
26	1		고속특수	라이츄(알로라의 모습)	라이츄(알로라의 모습)
27	0		탱커	모래두지	고지
27	1		고속물리	모래두지(알로라의 모습)	고지(알로라의 모습)
28	0		탱커	고지	고지
28	1		고속물리	고지(알로라의 모습)	고지(알로라의 모습)
29	0		탱커	니드런♀	니드퀸
30	0		탱커	니드리나	니드퀸
31	0		탱커	니드퀸	니드퀸
32	0		고속특수	니드런♂	니드킹
33	0		고속특수	니드리노	니드킹
34	0		고속특수	니드킹	니드킹
35	0		탱커	삐삐	픽시
36	0		탱커	픽시	픽시
37	0		고속특수	식스테일	나인테일
37	1		고속특수	식스테일(알로라의 모습)	나인테일(알로라의 모습)
38	0		고속특수	나인테일	나인테일
38	1		고속특수	나인테일(알로라의 모습)	나인테일(알로라의 모습)
39	0		고속특수	푸린	푸크린
40	0		고속특수	푸크린	푸크린
41	0		고속물리	주뱃	크로뱃
42	0		고속물리	골뱃	크로뱃
43	0		탱커	뚜벅쵸	분기→라플레시아
44	0		탱커	냄새꼬	분기→라플레시아
45	0		탱커	라플레시아	라플레시아
46	0		탱커	파라스	파라섹트
47	0		탱커	파라섹트	파라섹트
48	0		고속특수	콘팡	도나리
49	0		고속특수	도나리	도나리
50	0		고속물리	디그다	닥트리오
50	1		고속물리	디그다(알로라의 모습)	닥트리오(알로라의 모습)
51	0		고속물리	닥트리오	닥트리오
51	1		고속물리	닥트리오(알로라의 모습)	닥트리오(알로라의 모습)
52	0		고속특수	나옹	페르시온
52	1		고속특수	나옹(알로라의 모습)	페르시온(알로라의 모습)
53	0		고속특수	페르시온	페르시온
53	1		고속특수	페르시온(알로라의 모습)	페르시온(알로라의 모습)
54	0		고속특수	고라파덕	골덕
55	0		고속특수	골덕	골덕
56	0		고속물리	망키	성원숭
57	0		고속물리	성원숭	성원숭
58	0		고속물리	가디	윈디
59	0		고속물리	윈디	윈디
60	0		탱커	발챙이	분기→강챙이
61	0		탱커	슈륙챙이	분기→강챙이
62	0		탱커	강챙이	강챙이
63	0		고속특수	캐이시	후딘
64	0		고속특수	윤겔라	후딘
65	0		고속특수	후딘	후딘
66	0		고속물리	알통몬	괴력몬
67	0		고속물리	근육몬	괴력몬
68	0		고속물리	괴력몬	괴력몬
69	0		탱커	모다피	우츠보트
70	0		탱커	우츠동	우츠보트
71	0		탱커	우츠보트	우츠보트
72	0		탱커	왕눈해	독파리
73	0		탱커	독파리	독파리
74	0		고속물리	꼬마돌	딱구리
74	1		고속물리	꼬마돌(알로라의 모습)	딱구리(알로라의 모습)
75	0		고속물리	데구리	딱구리
75	1		고속물리	데구리(알로라의 모습)	딱구리(알로라의 모습)
76	0		고속물리	딱구리	딱구리
76	1		고속물리	딱구리(알로라의 모습)	딱구리(알로라의 모습)
77	0		고속물리	포니타	날쌩마
78	0		고속물리	날쌩마	날쌩마
79	0		탱커	야돈	분기→야도란 (주인장)
80	0		탱커	야도란	야도란
81	0		고속특수	코일	자포코일
82	0		고속특수	레어코일	자포코일
83	0		고속물리	파오리	파오리
84	0		고속물리	두두	두트리오
85	0		고속물리	두트리오	두트리오
86	0		탱커	쥬쥬	쥬레곤
87	0		탱커	쥬레곤	쥬레곤
88	0		탱커	질퍽이	질뻐기
88	1		탱커	질퍽이(알로라의 모습)	질뻐기(알로라의 모습)
89	0		탱커	질뻐기	질뻐기
89	1		탱커	질뻐기(알로라의 모습)	질뻐기(알로라의 모습)
90	0		고속물리	셀러	파르셀
91	0		고속물리	파르셀	파르셀
92	0		고속특수	고오스	팬텀
93	0		고속특수	고우스트	팬텀
94	0		고속특수	팬텀	팬텀
95	0		탱커	롱스톤	강철톤
96	0		고속물리	슬리프	슬리퍼
97	0		고속물리	슬리퍼	슬리퍼
98	0		고속물리	크랩	킹크랩
99	0		고속물리	킹크랩	킹크랩
100	0		고속특수	찌리리공	붐볼
101	0		고속특수	붐볼	붐볼
102	0		고속특수	아라리	분기→나시(알로라의 모습) (주인장)
103	0		저속특수	나시	나시
103	1		고속특수	나시(알로라의 모습)	나시(알로라의 모습)
104	0		저속물리	탕구리	분기→텅구리
105	0		저속물리	텅구리	텅구리
105	1		저속물리	텅구리(알로라의 모습)	텅구리(알로라의 모습)
106	0		고속물리	시라소몬	시라소몬
107	0		고속물리	홍수몬	홍수몬
108	0		탱커	내루미	내룸벨트
109	0		탱커	또가스	또도가스
110	0		탱커	또도가스	또도가스
111	0		탱커	뿔카노	거대코뿌리
112	0		탱커	코뿌리	거대코뿌리
113	0		탱커	럭키	해피너스
114	0		탱커	덩쿠리	덩쿠림보
115	0		고속물리	캥카	캥카
116	0		고속특수	쏘드라	킹드라
117	0		고속특수	시드라	킹드라
118	0		고속물리	콘치	왕콘치
119	0		고속물리	왕콘치	왕콘치
120	0		고속특수	별가사리	아쿠스타
121	0		고속특수	아쿠스타	아쿠스타
122	0		고속특수	마임맨	마임맨
123	0		탱커	스라크	핫삼
124	0		고속특수	루주라	루주라
125	0		고속물리	에레브	에레키블
126	0		고속특수	마그마	마그마번
127	0		고속물리	쁘사이저	쁘사이저
128	0		고속물리	켄타로스	켄타로스
129	0		고속물리	잉어킹	갸라도스
130	0		고속물리	갸라도스	갸라도스
131	0		고속특수	라프라스	라프라스
132	0		탱커	메타몽	메타몽
133	0		저속특수	이브이	분기→님피아 (주인장)
134	0		탱커	샤미드	샤미드
135	0		고속특수	쥬피썬더	쥬피썬더
136	0		고속물리	부스터	부스터
137	0		고속특수	폴리곤	폴리곤Z
138	0		고속특수	암나이트	암스타
139	0		고속특수	암스타	암스타
140	0		고속물리	투구	투구푸스
141	0		고속물리	투구푸스	투구푸스
142	0		고속물리	프테라	프테라
143	0		탱커	잠만보	잠만보
144	0		탱커	프리져	프리져
145	0		탱커	썬더	썬더
146	0		고속특수	파이어	파이어
147	0		고속물리	미뇽	망나뇽
148	0		고속물리	신뇽	망나뇽
149	0		고속물리	망나뇽	망나뇽
150	0		고속특수	뮤츠	뮤츠
152	0		탱커	치코리타	메가니움
153	0		탱커	베이리프	메가니움
154	0		탱커	메가니움	메가니움
155	0		고속특수	브케인	블레이범
156	0		고속특수	마그케인	블레이범
157	0		고속특수	블레이범	블레이범
158	0		고속물리	리아코	장크로다일
159	0		고속물리	엘리게이	장크로다일
160	0		고속물리	장크로다일	장크로다일
161	0		고속물리	꼬리선	다꼬리
162	0		고속물리	다꼬리	다꼬리
163	0		고속특수	부우부	야부엉
164	0		고속특수	야부엉	야부엉
165	0		고속물리	레디바	레디안
166	0		고속물리	레디안	레디안
167	0		고속물리	페이검	아리아도스
168	0		고속물리	아리아도스	아리아도스
169	0		고속물리	크로뱃	크로뱃
170	0		탱커	초라기	랜턴
171	0		탱커	랜턴	랜턴
172	0		고속특수	피츄	분기→라이츄
173	0		탱커	삐	픽시
174	0		고속특수	푸푸린	푸크린
175	0		탱커	토게피	토게키스
176	0		탱커	토게틱	토게키스
177	0		탱커	네이티	네이티오
178	0		탱커	네이티오	네이티오
179	0		저속특수	메리프	전룡
180	0		저속특수	보송송	전룡
181	0		저속특수	전룡	전룡
182	0		탱커	아르코	아르코
183	0		저속물리	마릴	마릴리
184	0		저속물리	마릴리	마릴리
185	0		고속물리	꼬지모	꼬지모
186	0		탱커	왕구리	왕구리
187	0		고속물리	통통코	솜솜코
188	0		고속물리	두코	솜솜코
189	0		고속물리	솜솜코	솜솜코
190	0		고속물리	에이팜	겟핸보숭
191	0		고속특수	해너츠	해루미
192	0		고속특수	해루미	해루미
193	0		고속특수	왕자리	메가자리
194	0		탱커	우파	누오
195	0		탱커	누오	누오
196	0		고속특수	에브이	에브이
197	0		탱커	블래키	블래키
198	0		고속물리	니로우	돈크로우
199	0		저속특수	야도킹	야도킹
200	0		고속특수	무우마	무우마직
201	0		고속특수	안농	안농
201	1		고속특수	안농(B)	안농
201	2		고속특수	안농(C)	안농
201	3		고속특수	안농(D)	안농
201	4		고속특수	안농(E)	안농
201	5		고속특수	안농(F)	안농
201	6		고속특수	안농(G)	안농
201	7		고속특수	안농(H)	안농
201	8		고속특수	안농(I)	안농
201	9		고속특수	안농(J)	안농
201	10		고속특수	안농(K)	안농
201	11		고속특수	안농(L)	안농
201	12		고속특수	안농(M)	안농
201	13		고속특수	안농(N)	안농
201	14		고속특수	안농(O)	안농
201	15		고속특수	안농(P)	안농
201	16		고속특수	안농(Q)	안농
201	17		고속특수	안농(R)	안농
201	18		고속특수	안농(S)	안농
201	19		고속특수	안농(T)	안농
201	20		고속특수	안농(U)	안농
201	21		고속특수	안농(V)	안농
201	22		고속특수	안농(W)	안농
201	23		고속특수	안농(X)	안농
201	24		고속특수	안농(Y)	안농
201	25		고속특수	안농(Z)	안농
201	26		고속특수	안농(!)	안농
201	27		고속특수	안농(?)	안농
202	0		탱커	마자용	마자용
203	0		고속물리	키링키	키링키
204	0		탱커	피콘	쏘콘
205	0		탱커	쏘콘	쏘콘
206	0		탱커	노고치	노고치
207	0		탱커	글라이거	글라이온
208	0		탱커	강철톤	강철톤
209	0		저속물리	블루	그랑블루
210	0		저속물리	그랑블루	그랑블루
211	0		고속물리	침바루	침바루
212	0		탱커	핫삼	핫삼
213	0		탱커	단단지	단단지
214	0		고속물리	헤라크로스	헤라크로스
215	0		고속물리	포푸니	포푸니라
216	0		저속물리	깜지곰	링곰
217	0		저속물리	링곰	링곰
218	0		탱커	마그마그	마그카르고
219	0		탱커	마그카르고	마그카르고
220	0		고속물리	꾸꾸리	맘모꾸리
221	0		고속물리	메꾸리	맘모꾸리
222	0		탱커	코산호	코산호
223	0		저속특수	총어	대포무노
224	0		저속특수	대포무노	대포무노
225	0		고속특수	딜리버드	딜리버드
226	0		탱커	만타인	만타인
227	0		탱커	무장조	무장조
228	0		고속특수	델빌	헬가
229	0		고속특수	헬가	헬가
230	0		고속특수	킹드라	킹드라
231	0		저속물리	코코리	코리갑
232	0		저속물리	코리갑	코리갑
233	0		고속특수	폴리곤2	폴리곤Z
234	0		고속물리	노라키	노라키
235	0		탱커	루브도	루브도
236	0		고속물리	배루키	분기→홍수몬 (주인장)
237	0		탱커	카포에라	카포에라
238	0		고속특수	뽀뽀라	루주라
239	0		고속물리	에레키드	에레키블
240	0		고속특수	마그비	마그마번
241	0		탱커	밀탱크	밀탱크
242	0		탱커	해피너스	해피너스
243	0		고속특수	라이코	라이코
244	0		고속물리	앤테이	앤테이
245	0		탱커	스이쿤	스이쿤
246	0		고속물리	애버라스	마기라스
247	0		고속물리	데기라스	마기라스
248	0		고속물리	마기라스	마기라스
249	0		탱커	루기아	루기아
250	0		고속물리	칠색조	칠색조
252	0		고속특수	나무지기	나무킹
253	0		고속특수	나무돌이	나무킹
254	0		고속특수	나무킹	나무킹
255	0		고속물리	아차모	번치코
256	0		고속물리	영치코	번치코
257	0		고속물리	번치코	번치코
258	0		고속물리	물짱이	대짱이
259	0		고속물리	늪짱이	대짱이
260	0		고속물리	대짱이	대짱이
261	0		고속물리	포챠나	그라에나
262	0		고속물리	그라에나	그라에나
263	0		저속물리	지그제구리	직구리
264	0		저속물리	직구리	직구리
265	0		고속특수	개무소	분기→뷰티플라이 (주인장)
266	0		고속특수	실쿤	뷰티플라이
267	0		고속특수	뷰티플라이	뷰티플라이
268	0		탱커	카스쿤	독케일
269	0		탱커	독케일	독케일
270	0		고속특수	연꽃몬	로파파
271	0		고속특수	로토스	로파파
272	0		고속특수	로파파	로파파
273	0		고속물리	도토링	다탱구
274	0		고속물리	잎새코	다탱구
275	0		고속물리	다탱구	다탱구
276	0		고속특수	테일로	스왈로
277	0		고속특수	스왈로	스왈로
278	0		탱커	갈모매	패리퍼
279	0		탱커	패리퍼	패리퍼
280	0		고속특수	랄토스	가디안
281	0		고속특수	킬리아	가디안
282	0		고속특수	가디안	가디안
283	0		고속특수	비구술	비나방
284	0		고속특수	비나방	비나방
285	0		고속물리	버섯꼬	버섯모
286	0		고속물리	버섯모	버섯모
287	0		고속물리	게을로	게을킹
288	0		고속물리	발바로	게을킹
289	0		고속물리	게을킹	게을킹
290	0		고속물리	토중몬	분기→아이스크
291	0		고속물리	아이스크	아이스크
292	0		고속물리	껍질몬	껍질몬
293	0		고속특수	소곤룡	폭음룡
294	0		고속특수	노공룡	폭음룡
295	0		고속특수	폭음룡	폭음룡
296	0		저속물리	마크탕	하리뭉
297	0		저속물리	하리뭉	하리뭉
298	0		저속물리	루리리	마릴리
299	0		저속특수	코코파스	대코파스
300	0		고속물리	에나비	델케티
301	0		고속물리	델케티	델케티
302	0		탱커	깜까미	깜까미
303	0		고속물리	입치트	입치트
304	0		탱커	가보리	보스로라
305	0		탱커	갱도라	보스로라
306	0		탱커	보스로라	보스로라
307	0		고속물리	요가랑	요가램
308	0		고속물리	요가램	요가램
309	0		고속특수	썬더라이	썬더볼트
310	0		고속특수	썬더볼트	썬더볼트
311	0		고속특수	플러시	플러시
312	0		고속특수	마이농	마이농
313	0		탱커	볼비트	볼비트
314	0		탱커	네오비트	네오비트
315	0		고속특수	로젤리아	로즈레이드
316	0		저속특수	꼴깍몬	꿀꺽몬
317	0		저속특수	꿀꺽몬	꿀꺽몬
318	0		고속물리	샤프니아	샤크니아
319	0		고속물리	샤크니아	샤크니아
320	0		탱커	고래왕자	고래왕
321	0		탱커	고래왕	고래왕
322	0		저속특수	둔타	폭타
323	0		저속특수	폭타	폭타
324	0		탱커	코터스	코터스
325	0		고속특수	피그점프	피그킹
326	0		고속특수	피그킹	피그킹
327	0		저속물리	얼루기	얼루기
328	0		고속물리	톱치	플라이곤
329	0		고속물리	비브라바	플라이곤
330	0		고속물리	플라이곤	플라이곤
331	0		고속특수	선인왕	밤선인
332	0		고속특수	밤선인	밤선인
333	0		탱커	파비코	파비코리
334	0		탱커	파비코리	파비코리
335	0		고속물리	쟝고	쟝고
336	0		고속특수	세비퍼	세비퍼
337	0		고속특수	루나톤	루나톤
338	0		탱커	솔록	솔록
339	0		고속물리	미꾸리	메깅
340	0		고속물리	메깅	메깅
341	0		고속물리	가재군	가재장군
342	0		고속물리	가재장군	가재장군
343	0		탱커	오뚝군	점토도리
344	0		탱커	점토도리	점토도리
345	0		탱커	릴링	릴리요
346	0		탱커	릴리요	릴리요
347	0		탱커	아노딥스	아말도
348	0		탱커	아말도	아말도
349	0		탱커	빈티나	밀로틱
350	0		탱커	밀로틱	밀로틱
351	0		고속특수	캐스퐁	캐스퐁
352	0		저속물리	켈리몬	켈리몬
353	0		고속물리	어둠대신	다크펫
354	0		고속물리	다크펫	다크펫
355	0		저속물리	해골몽	야느와르몽
356	0		저속물리	미라몽	야느와르몽
357	0		탱커	트로피우스	트로피우스
358	0		탱커	치렁	치렁
359	0		고속물리	앱솔	앱솔
360	0		탱커	마자	마자용
361	0		고속물리	눈꼬마	분기→얼음귀신 (주인장)
362	0		고속물리	얼음귀신	얼음귀신
363	0		탱커	대굴레오	씨카이저
364	0		탱커	씨레오	씨카이저
365	0		탱커	씨카이저	씨카이저
366	0		고속물리	진주몽	분기→헌테일 (주인장)
367	0		고속물리	헌테일	헌테일
368	0		고속특수	분홍장이	분홍장이
369	0		고속물리	시라칸	시라칸
370	0		고속특수	사랑동이	사랑동이
371	0		고속물리	아공이	보만다
372	0		고속물리	쉘곤	보만다
373	0		고속물리	보만다	보만다
374	0		고속물리	메탕	메타그로스
375	0		고속물리	메탕구	메타그로스
376	0		고속물리	메타그로스	메타그로스
377	0		탱커	레지락	레지락
378	0		고속특수	레지아이스	레지아이스
379	0		탱커	레지스틸	레지스틸
380	0		고속특수	라티아스	라티아스
381	0		고속특수	라티오스	라티오스
382	0		고속특수	가이오가	가이오가
383	0		고속특수	그란돈	그란돈
384	0		고속물리	레쿠쟈	레쿠쟈
387	0		고속물리	모부기	토대부기
388	0		고속물리	수풀부기	토대부기
389	0		고속물리	토대부기	토대부기
390	0		고속물리	불꽃숭이	초염몽
391	0		고속물리	파이숭이	초염몽
392	0		고속물리	초염몽	초염몽
393	0		탱커	팽도리	엠페르트
394	0		탱커	팽태자	엠페르트
395	0		탱커	엠페르트	엠페르트
396	0		고속물리	찌르꼬	찌르호크
397	0		고속물리	찌르버드	찌르호크
398	0		고속물리	찌르호크	찌르호크
399	0		고속물리	비버니	비버통
400	0		고속물리	비버통	비버통
401	0		고속물리	귀뚤뚜기	귀뚤톡크
402	0		고속물리	귀뚤톡크	귀뚤톡크
403	0		고속물리	꼬링크	렌트라
404	0		고속물리	럭시오	렌트라
405	0		고속물리	렌트라	렌트라
406	0		고속특수	꼬몽울	로즈레이드
407	0		고속특수	로즈레이드	로즈레이드
408	0		고속물리	두개도스	램펄드
409	0		고속물리	램펄드	램펄드
410	0		탱커	방패톱스	바리톱스
411	0		탱커	바리톱스	바리톱스
412	0		고속특수	도롱충이	도롱마담
412	1		탱커	도롱충이(모래땅도롱)	도롱마담(모래땅도롱)
412	2		탱커	도롱충이(슈레도롱)	도롱마담(슈레도롱)
413	0		고속특수	도롱마담	도롱마담
413	1		탱커	도롱마담(모래땅도롱)	도롱마담(모래땅도롱)
413	2		탱커	도롱마담(슈레도롱)	도롱마담(슈레도롱)
414	0		고속특수	나메일	나메일
414	1		고속특수	나메일(모래땅도롱)	나메일
414	2		고속특수	나메일(슈레도롱)	나메일
415	0		탱커	세꿀버리	비퀸
416	0		탱커	비퀸	비퀸
417	0		탱커	파치리스	파치리스
418	0		고속특수	브이젤	플로젤
419	0		고속특수	플로젤	플로젤
420	0		고속물리	체리버	체리꼬
421	0		고속물리	체리꼬	체리꼬
422	0		탱커	깝질무	트리토돈
422	1		탱커	깝질무(동쪽바다)	트리토돈
423	0		탱커	트리토돈	트리토돈
423	1		탱커	트리토돈(동쪽바다)	트리토돈
424	0		고속물리	겟핸보숭	겟핸보숭
425	0		고속특수	흔들풍손	둥실라이드
426	0		고속특수	둥실라이드	둥실라이드
427	0		고속물리	이어롤	이어롭
428	0		고속물리	이어롭	이어롭
429	0		고속특수	무우마직	무우마직
430	0		고속물리	돈크로우	돈크로우
431	0		고속물리	나옹마	몬냥이
432	0		고속물리	몬냥이	몬냥이
433	0		탱커	랑딸랑	치렁
434	0		고속물리	스컹뿡	스컹탱크
435	0		고속물리	스컹탱크	스컹탱크
436	0		탱커	동미러	동탁군
437	0		탱커	동탁군	동탁군
438	0		고속물리	꼬지지	꼬지모
439	0		고속특수	흉내내	마임맨
440	0		탱커	핑복	해피너스
441	0		고속특수	페라페	페라페
442	0		저속물리	화강돌	화강돌
443	0		고속물리	딥상어동	한카리아스
444	0		고속물리	한바이트	한카리아스
445	0		고속물리	한카리아스	한카리아스
446	0		탱커	먹고자	잠만보
447	0		고속물리	리오르	루카리오
448	0		고속물리	루카리오	루카리오
449	0		탱커	히포포타스	하마돈
450	0		탱커	하마돈	하마돈
451	0		고속물리	스콜피	드래피온
452	0		고속물리	드래피온	드래피온
453	0		고속물리	삐딱구리	독개굴
454	0		고속물리	독개굴	독개굴
455	0		저속물리	무스틈니	무스틈니
456	0		탱커	형광어	네오라이트
457	0		탱커	네오라이트	네오라이트
458	0		탱커	타만타	만타인
459	0		고속특수	눈쓰개	눈설왕
460	0		고속특수	눈설왕	눈설왕
461	0		고속물리	포푸니라	포푸니라
462	0		고속특수	자포코일	자포코일
463	0		탱커	내룸벨트	내룸벨트
464	0		탱커	거대코뿌리	거대코뿌리
465	0		탱커	덩쿠림보	덩쿠림보
466	0		고속물리	에레키블	에레키블
467	0		고속특수	마그마번	마그마번
468	0		탱커	토게키스	토게키스
469	0		고속특수	메가자리	메가자리
470	0		고속물리	리피아	리피아
471	0		고속특수	글레이시아	글레이시아
472	0		탱커	글라이온	글라이온
473	0		고속물리	맘모꾸리	맘모꾸리
474	0		고속특수	폴리곤Z	폴리곤Z
475	0		고속물리	엘레이드	엘레이드
476	0		저속특수	대코파스	대코파스
477	0		저속물리	야느와르몽	야느와르몽
478	0		고속특수	눈여아	눈여아
479	0		고속특수	로토무	로토무
479	1		고속특수	로토무(히트로토무)	로토무(히트로토무)
479	2		탱커	로토무(워시로토무)	로토무(워시로토무)
479	3		고속특수	로토무(프로스트로토무)	로토무(프로스트로토무)
479	4		탱커	로토무(스핀로토무)	로토무(스핀로토무)
479	5		고속특수	로토무(커트로토무)	로토무(커트로토무)
480	0		탱커	유크시	유크시
481	0		고속특수	엠라이트	엠라이트
482	0		고속특수	아그놈	아그놈
483	0		고속특수	디아루가	디아루가
484	0		고속특수	펄기아	펄기아
485	0		고속특수	히드런	히드런
486	0		저속물리	레지기가스	레지기가스
487	0		탱커	기라티나	기라티나
488	0		탱커	크레세리아	크레세리아
489	0		탱커	피오네	피오네
491	0		고속특수	다크라이	다크라이
495	0		탱커	주리비얀	샤로다
496	0		탱커	샤비	샤로다
497	0		탱커	샤로다	샤로다
498	0		고속물리	뚜꾸리	염무왕
499	0		고속물리	차오꿀	염무왕
500	0		고속물리	염무왕	염무왕
501	0		고속특수	수댕이	대검귀
502	0		고속특수	쌍검자비	대검귀
503	0		고속특수	대검귀	대검귀
504	0		고속물리	보르쥐	보르그
505	0		고속물리	보르그	보르그
506	0		고속물리	요테리	바랜드
507	0		고속물리	하데리어	바랜드
508	0		고속물리	바랜드	바랜드
509	0		고속물리	쌔비냥	레파르다스
510	0		고속물리	레파르다스	레파르다스
511	0		고속특수	야나프	야나키
512	0		고속특수	야나키	야나키
513	0		고속특수	바오프	바오키
514	0		고속특수	바오키	바오키
515	0		고속특수	앗차프	앗차키
516	0		고속특수	앗차키	앗차키
517	0		탱커	몽나	몽얌나
518	0		탱커	몽얌나	몽얌나
519	0		고속물리	콩둘기	켄호로우
520	0		고속물리	유토브	켄호로우
521	0		고속물리	켄호로우	켄호로우
522	0		고속특수	줄뮤마	제브라이카
523	0		고속특수	제브라이카	제브라이카
524	0		탱커	단굴	기가이어스
525	0		탱커	암트르	기가이어스
526	0		탱커	기가이어스	기가이어스
527	0		고속특수	또르박쥐	맘박쥐
528	0		고속특수	맘박쥐	맘박쥐
529	0		고속물리	두더류	몰드류
530	0		고속물리	몰드류	몰드류
531	0		탱커	다부니	다부니
532	0		고속물리	으랏차	노보청
533	0		고속물리	토쇠골	노보청
534	0		고속물리	노보청	노보청
535	0		탱커	동챙이	두빅굴
536	0		탱커	두까비	두빅굴
537	0		탱커	두빅굴	두빅굴
538	0		탱커	던지미	던지미
539	0		고속물리	타격귀	타격귀
540	0		고속물리	두르보	모아머
541	0		고속물리	두르쿤	모아머
542	0		고속물리	모아머	모아머
543	0		고속물리	마디네	펜드라
544	0		고속물리	휠구	펜드라
545	0		고속물리	펜드라	펜드라
546	0		고속특수	소미안	엘풍
547	0		고속특수	엘풍	엘풍
548	0		고속특수	치릴리	드레디어
549	0		고속특수	드레디어	드레디어
550	0		고속물리	배쓰나이	배쓰나이
550	1		고속물리	배쓰나이(청색근의 모습)	배쓰나이
551	0		고속물리	깜눈크	악비아르
552	0		고속물리	악비르	악비아르
553	0		고속물리	악비아르	악비아르
554	0		고속물리	달막화	불비달마
555	0		고속물리	불비달마	불비달마
556	0		고속특수	마라카치	마라카치
557	0		고속물리	돌살이	암팰리스
558	0		고속물리	암팰리스	암팰리스
559	0		탱커	곤율랭	곤율거니
560	0		탱커	곤율거니	곤율거니
561	0		고속특수	심보러	심보러
562	0		탱커	데스마스	데스니칸
563	0		탱커	데스니칸	데스니칸
564	0		고속물리	프로토가	늑골라
565	0		고속물리	늑골라	늑골라
566	0		고속물리	아켄	아케오스
567	0		고속물리	아케오스	아케오스
568	0		탱커	깨봉이	더스트나
569	0		탱커	더스트나	더스트나
570	0		고속특수	조로아	조로아크
571	0		고속특수	조로아크	조로아크
572	0		고속물리	치라미	치라치노
573	0		고속물리	치라치노	치라치노
574	0		탱커	고디탱	고디모아젤
575	0		탱커	고디보미	고디모아젤
576	0		탱커	고디모아젤	고디모아젤
577	0		탱커	유니란	란쿨루스
578	0		탱커	듀란	란쿨루스
579	0		탱커	란쿨루스	란쿨루스
580	0		고속특수	꼬지보리	스완나
581	0		고속특수	스완나	스완나
582	0		고속특수	바닐프티	배바닐라
583	0		고속특수	바닐리치	배바닐라
584	0		고속특수	배바닐라	배바닐라
585	0		고속물리	사철록	바라철록
585	1		고속물리	사철록(여름의 모습)	바라철록
585	2		고속물리	사철록(가을의 모습)	바라철록
585	3		고속물리	사철록(겨울의 모습)	바라철록
586	0		고속물리	바라철록	바라철록
586	1		고속물리	바라철록(여름의 모습)	바라철록
586	2		고속물리	바라철록(가을의 모습)	바라철록
586	3		고속물리	바라철록(겨울의 모습)	바라철록
587	0		고속특수	에몽가	에몽가
588	0		탱커	딱정곤	슈바르고
589	0		탱커	슈바르고	슈바르고
590	0		탱커	깜놀버슬	뽀록나
591	0		탱커	뽀록나	뽀록나
592	0		탱커	탱그릴	탱탱겔
593	0		탱커	탱탱겔	탱탱겔
594	0		탱커	맘복치	맘복치
595	0		고속특수	파쪼옥	전툴라
596	0		고속특수	전툴라	전툴라
597	0		탱커	철시드	너트령
598	0		탱커	너트령	너트령
599	0		고속물리	기어르	기기기어르
600	0		고속물리	기기어르	기기기어르
601	0		고속물리	기기기어르	기기기어르
602	0		저속특수	저리어	저리더프
603	0		저속특수	저리릴	저리더프
604	0		저속특수	저리더프	저리더프
605	0		저속특수	리그레	벰크
606	0		저속특수	벰크	벰크
607	0		고속특수	불켜미	샹델라
608	0		고속특수	램프라	샹델라
609	0		고속특수	샹델라	샹델라
610	0		고속물리	터검니	액스라이즈
611	0		고속물리	액슨도	액스라이즈
612	0		고속물리	액스라이즈	액스라이즈
613	0		고속물리	코고미	툰베어
614	0		고속물리	툰베어	툰베어
615	0		고속특수	프리지오	프리지오
616	0		고속특수	쪼마리	어지리더
617	0		고속특수	어지리더	어지리더
618	0		탱커	메더	메더
619	0		고속특수	비조푸	비조도
620	0		고속특수	비조도	비조도
621	0		탱커	크리만	크리만
622	0		고속물리	골비람	골루그
623	0		고속물리	골루그	골루그
624	0		고속물리	자망칼	절각참
625	0		고속물리	절각참	절각참
626	0		탱커	버프론	버프론
627	0		고속물리	수리둥보	워글
628	0		고속물리	워글	워글
629	0		탱커	벌차이	버랜지나
630	0		탱커	버랜지나	버랜지나
631	0		고속물리	앤티골	앤티골
632	0		고속물리	아이앤트	아이앤트
633	0		고속특수	모노두	삼삼드래
634	0		고속특수	디헤드	삼삼드래
635	0		고속특수	삼삼드래	삼삼드래
636	0		고속특수	활화르바	불카모스
637	0		고속특수	불카모스	불카모스
638	0		고속물리	코바르온	코바르온
639	0		고속물리	테라키온	테라키온
640	0		고속물리	비리디온	비리디온
641	0		고속특수	토네로스	토네로스
641	1		고속특수	토네로스(영물폼)	토네로스(영물폼)
642	0		고속특수	볼트로스	볼트로스
642	1		고속특수	볼트로스(영물폼)	볼트로스(영물폼)
643	0		고속특수	레시라무	레시라무
644	0		고속물리	제크로무	제크로무
645	0		고속특수	랜드로스	랜드로스
645	1		고속물리	랜드로스(영물폼)	랜드로스(영물폼)
646	0		고속특수	큐레무	큐레무
650	0		탱커	도치마론	브리가론
651	0		탱커	도치보구	브리가론
652	0		탱커	브리가론	브리가론
653	0		고속특수	푸호꼬	마폭시
654	0		고속특수	테르나	마폭시
655	0		고속특수	마폭시	마폭시
656	0		고속특수	개구마르	개굴닌자(지우개굴닌자)
657	0		고속특수	개굴반장	개굴닌자(지우개굴닌자)
658	0		고속특수	개굴닌자	개굴닌자(지우개굴닌자)
659	0		고속물리	파르빗	파르토
660	0		고속물리	파르토	파르토
661	0		고속물리	화살꼬빈	파이어로
662	0		고속물리	불화살빈	파이어로
663	0		고속물리	파이어로	파이어로
664	3		고속특수	분이벌레(대륙의 모양)	비비용
665	3		고속특수	분떠도리(대륙의 모양)	비비용
666	0		고속특수	비비용	비비용
666	1		고속특수	비비용(설국의 모양)	비비용
666	2		고속특수	비비용(설원의 모양)	비비용
666	3		고속특수	비비용(대륙의 모양)	비비용
666	4		고속특수	비비용(정원의 모양)	비비용
666	5		고속특수	비비용(우아한 모양)	비비용
666	6		고속특수	비비용(화원의 모양)	비비용
666	7		고속특수	비비용(모던한 모양)	비비용
666	8		고속특수	비비용(마린의 모양)	비비용
666	9		고속특수	비비용(군도의 모양)	비비용
666	10		고속특수	비비용(황야의 모양)	비비용
666	11		고속특수	비비용(사진의 모양)	비비용
666	12		고속특수	비비용(대하의 모양)	비비용
666	13		고속특수	비비용(스콜의 모양)	비비용
666	14		고속특수	비비용(사바나의 모양)	비비용
666	15		고속특수	비비용(태양의 모양)	비비용
666	16		고속특수	비비용(오션의 모양)	비비용
666	17		고속특수	비비용(정글의 모양)	비비용
667	0		고속특수	레오꼬	화염레오
668	0		고속특수	화염레오	화염레오
669	0		탱커	플라베베	플라제스
669	1		탱커	플라베베(노란 )	플라제스
669	2		탱커	플라베베(오렌지)	플라제스
669	3		탱커	플라베베(파란 )	플라제스
669	4		탱커	플라베베(하얀 )	플라제스
670	0		탱커	플라엣테	플라제스
670	1		탱커	플라엣테(노란 )	플라제스
670	2		탱커	플라엣테(오렌지)	플라제스
670	3		탱커	플라엣테(파란 )	플라제스
670	4		탱커	플라엣테(하얀 )	플라제스
671	0		탱커	플라제스	플라제스
671	1		탱커	플라제스(노란 )	플라제스
671	2		탱커	플라제스(오렌지)	플라제스
671	3		탱커	플라제스(파란 )	플라제스
671	4		탱커	플라제스(하얀 )	플라제스
672	0		탱커	메이클	고고트
673	0		탱커	고고트	고고트
674	0		고속물리	판짱	부란다
675	0		고속물리	부란다	부란다
676	0		고속물리	트리미앙	트리미앙
676	1		고속물리	트리미앙(하트컷)	트리미앙
676	2		고속물리	트리미앙(스타컷)	트리미앙
676	3		고속물리	트리미앙(다이아컷)	트리미앙
676	4		고속물리	트리미앙(레이디컷)	트리미앙
676	5		고속물리	트리미앙(마담컷)	트리미앙
676	6		고속물리	트리미앙(젠틀컷)	트리미앙
676	7		고속물리	트리미앙(퀸컷)	트리미앙
676	8		고속물리	트리미앙(가부키컷)	트리미앙
676	9		고속물리	트리미앙(킹덤컷)	트리미앙
677	0		고속특수	냐스퍼	냐오닉스(♀)
678	0		탱커	냐오닉스	냐오닉스
678	1		고속특수	냐오닉스(♀)	냐오닉스(♀)
679	0		저속특수	단칼빙	킬가르도
680	0		저속특수	쌍검킬	킬가르도
681	0		저속특수	킬가르도	킬가르도
682	0		저속특수	슈쁘	프레프티르
683	0		저속특수	프레프티르	프레프티르
684	0		고속물리	나룸퍼프	나루림
685	0		고속물리	나루림	나루림
686	0		탱커	오케이징	칼라마네로
687	0		탱커	칼라마네로	칼라마네로
688	0		고속물리	거북손손	거북손데스
689	0		고속물리	거북손데스	거북손데스
690	0		저속특수	수레기	드래캄
691	0		저속특수	드래캄	드래캄
692	0		고속특수	완철포	블로스터
693	0		고속특수	블로스터	블로스터
694	0		고속특수	목도리키텔	일레도리자드
695	0		고속특수	일레도리자드	일레도리자드
696	0		고속물리	티고라스	견고라스
697	0		고속물리	견고라스	견고라스
698	0		고속특수	아마루스	아마루르가
699	0		고속특수	아마루르가	아마루르가
700	0		저속특수	님피아	님피아
701	0		고속물리	루차불	루차불
702	0		고속특수	데덴네	데덴네
703	0		탱커	멜리시	멜리시
704	0		고속특수	미끄메라	미끄래곤
705	0		고속특수	미끄네일	미끄래곤
706	0		고속특수	미끄래곤	미끄래곤
707	0		탱커	클레피	클레피
708	0		고속물리	나목령	대로트
709	0		고속물리	대로트	대로트
710	0		고속물리	호바귀	펌킨인
710	1		탱커	호바귀(작은 사이즈)	펌킨인(작은 사이즈)
710	2		고속특수	호바귀(큰 사이즈)	펌킨인(큰 사이즈)
710	3		탱커	호바귀(특대 사이즈)	펌킨인(특대 사이즈)
711	0		고속물리	펌킨인	펌킨인
711	1		탱커	펌킨인(작은 사이즈)	펌킨인(작은 사이즈)
711	2		고속특수	펌킨인(큰 사이즈)	펌킨인(큰 사이즈)
711	3		탱커	펌킨인(특대 사이즈)	펌킨인(특대 사이즈)
712	0		탱커	꽁어름	크레베이스
713	0		탱커	크레베이스	크레베이스
714	0		고속특수	음뱃	음번
715	0		고속특수	음번	음번
716	0		고속특수	제르네아스	제르네아스
717	0		고속특수	이벨타르	이벨타르
718	1		고속물리	지가르데(10%폼)	지가르데(10%폼)
722	0		고속물리	나몰빼미	모크나이퍼
723	0		고속물리	빼미스로우	모크나이퍼
724	0		고속물리	모크나이퍼	모크나이퍼
725	0		탱커	냐오불	어흥염
726	0		탱커	냐오히트	어흥염
727	0		탱커	어흥염	어흥염
728	0		고속특수	누리공	누리레느
729	0		고속특수	키요공	누리레느
730	0		고속특수	누리레느	누리레느
731	0		고속특수	콕코구리	왕큰부리
732	0		고속특수	크라파	왕큰부리
733	0		고속특수	왕큰부리	왕큰부리
734	0		고속물리	영구스	형사구스
735	0		고속물리	형사구스	형사구스
736	0		고속특수	턱지충이	투구뿌논
737	0		고속특수	전지충이	투구뿌논
738	0		고속특수	투구뿌논	투구뿌논
739	0		탱커	오기지게	모단단게
740	0		탱커	모단단게	모단단게
741	0		고속특수	춤추새	춤추새
741	1		탱커	춤추새(파칙파칙스타일)	춤추새(파칙파칙스타일)
741	2		고속특수	춤추새(훌라훌라스타일)	춤추새
741	3		고속특수	춤추새(하늘하늘스타일)	춤추새(하늘하늘스타일)
742	0		고속특수	에블리	에리본
743	0		고속특수	에리본	에리본
744	0		고속물리	암멍이	분기→루가루암
744	1		고속물리	암멍이(황혼의)	루가루암(황혼의)
745	0		고속물리	루가루암	루가루암
745	1		고속물리	루가루암(한밤중의 모습)	루가루암(한밤중의 모습)
745	2		고속물리	루가루암(황혼의)	루가루암(황혼의)
746	0		저속특수	약어리	약어리
747	0		탱커	시마사리	더시마사리
748	0		탱커	더시마사리	더시마사리
749	0		탱커	머드나기	만마드
750	0		탱커	만마드	만마드
751	0		저속물리	물거미	깨비물거미
752	0		저속물리	깨비물거미	깨비물거미
753	0		탱커	짜랑랑	라란티스
754	0		탱커	라란티스	라란티스
755	0		고속특수	자마슈	마셰이드
756	0		고속특수	마셰이드	마셰이드
757	0		고속특수	야도뇽	염뉴트
758	0		고속특수	염뉴트	염뉴트
759	0		고속물리	포곰곰	이븐곰
760	0		고속물리	이븐곰	이븐곰
761	0		고속물리	달콤아	달코퀸
762	0		고속물리	달무리나	달코퀸
763	0		고속물리	달코퀸	달코퀸
764	0		저속특수	큐아링	큐아링
765	0		저속특수	하랑우탄	하랑우탄
766	0		고속물리	내던숭이	내던숭이
767	0		저속물리	꼬시레	갑주무사
768	0		저속물리	갑주무사	갑주무사
769	0		탱커	모래꿍	모래성이당
770	0		탱커	모래성이당	모래성이당
771	0		탱커	해무기	해무기
772	0		고속물리	타입:널	실버디
773	0		고속물리	실버디	실버디
774	7		고속물리	메테노(빨간색 코어)	메테노
774	8		고속물리	메테노(주황색 코어)	메테노
774	9		고속물리	메테노(노란색 코어)	메테노
774	10		고속물리	메테노(초록색 코어)	메테노
774	11		고속물리	메테노(옥색 코어)	메테노
774	12		고속물리	메테노(파란색 코어)	메테노
774	13		고속물리	메테노(보라색 코어)	메테노
775	0		저속물리	자말라	자말라
776	0		고속특수	폭거북스	폭거북스
777	0		고속물리	토게데마루	토게데마루
778	0		고속물리	따라큐	따라큐
779	0		고속물리	치갈기	치갈기
780	0		저속특수	할비롱	할비롱
781	0		고속물리	타타륜	타타륜
782	0		고속물리	짜랑꼬	짜랑고우거
783	0		고속물리	짜랑고우	짜랑고우거
784	0		고속물리	짜랑고우거	짜랑고우거
789	0		고속특수	코스모그	분기→루나아라 (주인장)
790	0		고속특수	코스모움	분기→루나아라 (주인장)
793	0		고속특수	텅비드	텅비드
794	0		탱커	매시붕	매시붕
795	0		고속물리	페로코체	페로코체
796	0		고속특수	전수목	전수목
797	0		탱커	철화구야	철화구야
798	0		고속물리	종이신도	종이신도
799	0		고속특수	악식킹	악식킹
803	0		고속특수	베베놈	아고용
804	0		고속특수	아고용	아고용
805	0		저속물리	차곡차곡	차곡차곡
806	0		고속특수	두파팡	두파팡
