species	form	sex	class	name	via	basis
1	0		탱커	이상해씨	이상해꽃	7세대 표
2	0		탱커	이상해풀	이상해꽃	7세대 표
3	0		탱커	이상해꽃		7세대 표
4	0		고속특수	파이리	리자몽	7세대 표
5	0		고속특수	리자드	리자몽	7세대 표
6	0		고속특수	리자몽		7세대 표
7	0		저속특수	꼬부기	거북왕	7세대 표
8	0		저속특수	어니부기	거북왕	7세대 표
9	0		저속특수	거북왕		7세대 표
10	0		고속특수	캐터피	버터플	7세대 표
11	0		고속특수	단데기	버터플	7세대 표
12	0		고속특수	버터플		7세대 표
25	0		고속특수	피카츄	라이츄	7세대 표
26	0		고속특수	라이츄		7세대 표
26	1		고속특수	라이츄(알로라의 모습)		7세대 표
27	0		탱커	모래두지	고지	7세대 표
27	1		고속물리	모래두지(알로라의 모습)	고지(알로라의 모습)	7세대 표
28	0		탱커	고지		7세대 표
28	1		고속물리	고지(알로라의 모습)		7세대 표
29	0		탱커	니드런♀	니드퀸	7세대 표
30	0		탱커	니드리나	니드퀸	7세대 표
31	0		탱커	니드퀸		7세대 표
32	0		고속특수	니드런♂	니드킹	7세대 표
33	0		고속특수	니드리노	니드킹	7세대 표
34	0		고속특수	니드킹		7세대 표
35	0		탱커	삐삐	픽시	7세대 표
36	0		탱커	픽시		7세대 표
37	0		고속특수	식스테일	나인테일	7세대 표
37	1		고속특수	식스테일(알로라의 모습)	나인테일(알로라의 모습)	7세대 표
38	0		고속특수	나인테일		7세대 표
38	1		고속특수	나인테일(알로라의 모습)		7세대 표
39	0		고속특수	푸린	푸크린	7세대 표
40	0		고속특수	푸크린		7세대 표
41	0		고속물리	주뱃	크로뱃	7세대 표
42	0		고속물리	골뱃	크로뱃	7세대 표
43	0		탱커	뚜벅쵸	라플레시아	7세대 표
44	0		탱커	냄새꼬	라플레시아	7세대 표
45	0		탱커	라플레시아		7세대 표
50	0		고속물리	디그다	닥트리오	7세대 표
50	1		고속물리	디그다(알로라의 모습)	닥트리오(알로라의 모습)	7세대 표
51	0		고속물리	닥트리오		7세대 표
51	1		고속물리	닥트리오(알로라의 모습)		7세대 표
52	0		고속특수	나옹	페르시온	7세대 표
52	1		고속특수	나옹(알로라의 모습)	페르시온(알로라의 모습)	7세대 표
52	2		고속물리	나옹(가라르의 모습)	나이킹	pu 2세트 {'fast-phys': 2}
53	0		고속특수	페르시온		7세대 표
53	1		고속특수	페르시온(알로라의 모습)		7세대 표
54	0		고속특수	고라파덕	골덕	7세대 표
55	0		고속특수	골덕		7세대 표
58	0		고속물리	가디	윈디	7세대 표
59	0		고속물리	윈디		7세대 표
60	0		탱커	발챙이	강챙이	7세대 표
61	0		탱커	슈륙챙이	강챙이	7세대 표
62	0		탱커	강챙이		7세대 표
63	0		고속특수	캐이시	후딘	7세대 표
64	0		고속특수	윤겔라	후딘	7세대 표
65	0		고속특수	후딘		7세대 표
66	0		고속물리	알통몬	괴력몬	7세대 표
67	0		고속물리	근육몬	괴력몬	7세대 표
68	0		고속물리	괴력몬		7세대 표
72	0		탱커	왕눈해	독파리	7세대 표
73	0		탱커	독파리		7세대 표
77	0		고속물리	포니타	날쌩마	7세대 표
77	1		고속물리	포니타(가라르의 모습)	날쌩마(가라르의 모습)	zu 2세트 {'fast-phys': 1, 'tank': 1}
78	0		고속물리	날쌩마		7세대 표
78	1		고속물리	날쌩마(가라르의 모습)		zu 2세트 {'fast-phys': 1, 'tank': 1}
79	0		탱커	야돈	분기→야도란 (주인장)	7세대 표
79	1		탱커	야돈(가라르의 모습)	야도란(가라르의 모습)	uu 4세트 {'tank': 4}
80	0		탱커	야도란		7세대 표
80	2		탱커	야도란(가라르의 모습)		uu 4세트 {'tank': 4}
81	0		고속특수	코일	자포코일	7세대 표
82	0		고속특수	레어코일	자포코일	7세대 표
83	0		고속물리	파오리		7세대 표
83	1		고속물리	파오리(가라르의 모습)	창파나이트	ru 1세트 {'fast-phys': 1}
90	0		고속물리	셀러	파르셀	7세대 표
91	0		고속물리	파르셀		7세대 표
92	0		고속특수	고오스	팬텀	7세대 표
93	0		고속특수	고우스트	팬텀	7세대 표
94	0		고속특수	팬텀		7세대 표
95	0		탱커	롱스톤	강철톤	7세대 표
98	0		고속물리	크랩	킹크랩	7세대 표
99	0		고속물리	킹크랩		7세대 표
102	0		저속특수	아라리	나시	7세대 표
103	0		저속특수	나시		7세대 표
103	1		고속특수	나시(알로라의 모습)		7세대 표
104	0		저속물리	탕구리	텅구리	7세대 표
105	0		저속물리	텅구리		7세대 표
105	1		저속물리	텅구리(알로라의 모습)		7세대 표
106	0		고속물리	시라소몬		7세대 표
107	0		고속물리	홍수몬		7세대 표
108	0		탱커	내루미	내룸벨트	7세대 표
109	0		탱커	또가스	또도가스(가라르의 모습)	ru 3세트 {'tank': 3}
110	0		탱커	또도가스		7세대 표
110	1		탱커	또도가스(가라르의 모습)		ru 3세트 {'tank': 3}
111	0		탱커	뿔카노	거대코뿌리	7세대 표
112	0		탱커	코뿌리	거대코뿌리	7세대 표
113	0		탱커	럭키	해피너스	7세대 표
114	0		탱커	덩쿠리	덩쿠림보	7세대 표
115	0		고속물리	캥카		7세대 표
116	0		고속특수	쏘드라	킹드라	7세대 표
117	0		고속특수	시드라	킹드라	7세대 표
118	0		고속물리	콘치	왕콘치	7세대 표
119	0		고속물리	왕콘치		7세대 표
120	0		고속특수	별가사리	아쿠스타	7세대 표
121	0		고속특수	아쿠스타		7세대 표
122	0		고속특수	마임맨		7세대 표
122	1		저속특수	마임맨(가라르의 모습)	마임꽁꽁	zu 1세트 {'slow-spec': 1}
123	0		탱커	스라크	핫삼	7세대 표
124	0		고속특수	루주라		7세대 표
125	0		고속물리	에레브	에레키블	7세대 표
126	0		고속특수	마그마	마그마번	7세대 표
127	0		고속물리	쁘사이저		7세대 표
128	0		고속물리	켄타로스		7세대 표
129	0		고속물리	잉어킹	갸라도스	7세대 표
130	0		고속물리	갸라도스		7세대 표
131	0		고속특수	라프라스		7세대 표
132	0		탱커	메타몽		7세대 표
133	0		저속특수	이브이	분기→님피아 (주인장)	7세대 표
134	0		탱커	샤미드		7세대 표
135	0		고속특수	쥬피썬더		7세대 표
136	0		고속물리	부스터		7세대 표
137	0		고속특수	폴리곤	폴리곤Z	7세대 표
138	0		고속특수	암나이트	암스타	7세대 표
139	0		고속특수	암스타		7세대 표
140	0		고속물리	투구	투구푸스	7세대 표
141	0		고속물리	투구푸스		7세대 표
142	0		고속물리	프테라		7세대 표
143	0		탱커	잠만보		7세대 표
144	0		탱커	프리져		7세대 표
144	1		고속특수	프리져(가라르의 모습)		nu 4세트 {'fast-spec': 4}
145	0		탱커	썬더		7세대 표
145	1		고속물리	썬더(가라르의 모습)		ou 11세트 {'fast-phys': 10, 'slow-phys': 1}
146	0		고속특수	파이어		7세대 표
146	1		고속특수	파이어(가라르의 모습)		ou 9세트 {'fast-spec': 4, 'slow-spec': 3, 'tank': 2}
147	0		고속물리	미뇽	망나뇽	7세대 표
148	0		고속물리	신뇽	망나뇽	7세대 표
149	0		고속물리	망나뇽		7세대 표
150	0		고속특수	뮤츠		7세대 표
163	0		고속특수	부우부	야부엉	7세대 표
164	0		고속특수	야부엉		7세대 표
169	0		고속물리	크로뱃		7세대 표
170	0		탱커	초라기	랜턴	7세대 표
171	0		탱커	랜턴		7세대 표
172	0		고속특수	피츄	라이츄	7세대 표
173	0		탱커	삐	픽시	7세대 표
174	0		고속특수	푸푸린	푸크린	7세대 표
175	0		탱커	토게피	토게키스	7세대 표
176	0		탱커	토게틱	토게키스	7세대 표
177	0		탱커	네이티	네이티오	7세대 표
178	0		탱커	네이티오		7세대 표
182	0		탱커	아르코		7세대 표
183	0		저속물리	마릴	마릴리	7세대 표
184	0		저속물리	마릴리		7세대 표
185	0		고속물리	꼬지모		7세대 표
186	0		탱커	왕구리		7세대 표
194	0		탱커	우파	누오	7세대 표
195	0		탱커	누오		7세대 표
196	0		고속특수	에브이		7세대 표
197	0		탱커	블래키		7세대 표
199	0		저속특수	야도킹		7세대 표
199	1		탱커	야도킹(가라르의 모습)		ou 6세트 {'slow-spec': 2, 'tank': 4}
202	0		탱커	마자용		7세대 표
206	0		탱커	노고치		7세대 표
208	0		탱커	강철톤		7세대 표
211	0		고속물리	침바루		7세대 표
212	0		탱커	핫삼		7세대 표
213	0		탱커	단단지		7세대 표
214	0		고속물리	헤라크로스		7세대 표
215	0		고속물리	포푸니	포푸니라	7세대 표
220	0		고속물리	꾸꾸리	맘모꾸리	7세대 표
221	0		고속물리	메꾸리	맘모꾸리	7세대 표
222	0		탱커	코산호		7세대 표
222	1		고속특수	코산호(가라르의 모습)	산호르곤	zu 1세트 {'fast-spec': 1}
223	0		저속특수	총어	대포무노	7세대 표
224	0		저속특수	대포무노		7세대 표
225	0		고속특수	딜리버드		7세대 표
226	0		탱커	만타인		7세대 표
227	0		탱커	무장조		7세대 표
230	0		고속특수	킹드라		7세대 표
233	0		고속특수	폴리곤2	폴리곤Z	7세대 표
236	0		고속물리	배루키	분기→홍수몬 (주인장)	7세대 표
237	0		탱커	카포에라		7세대 표
238	0		고속특수	뽀뽀라	루주라	7세대 표
239	0		고속물리	에레키드	에레키블	7세대 표
240	0		고속특수	마그비	마그마번	7세대 표
241	0		탱커	밀탱크		7세대 표
242	0		탱커	해피너스		7세대 표
243	0		고속특수	라이코		7세대 표
244	0		고속물리	앤테이		7세대 표
245	0		탱커	스이쿤		7세대 표
246	0		고속물리	애버라스	마기라스	7세대 표
247	0		고속물리	데기라스	마기라스	7세대 표
248	0		고속물리	마기라스		7세대 표
249	0		탱커	루기아		7세대 표
250	0		고속물리	칠색조		7세대 표
252	0		고속특수	나무지기	나무킹	7세대 표
253	0		고속특수	나무돌이	나무킹	7세대 표
254	0		고속특수	나무킹		7세대 표
255	0		고속물리	아차모	번치코	7세대 표
256	0		고속물리	영치코	번치코	7세대 표
257	0		고속물리	번치코		7세대 표
258	0		고속물리	물짱이	대짱이	7세대 표
259	0		고속물리	늪짱이	대짱이	7세대 표
260	0		고속물리	대짱이		7세대 표
263	0		저속물리	지그제구리	직구리	7세대 표
263	1		고속물리	지그제구리(가라르의 모습)	가로막구리	ubers 4세트 {'fast-phys': 4}
264	0		저속물리	직구리		7세대 표
264	1		고속물리	직구리(가라르의 모습)	가로막구리	ubers 4세트 {'fast-phys': 4}
270	0		고속특수	연꽃몬	로파파	7세대 표
271	0		고속특수	로토스	로파파	7세대 표
272	0		고속특수	로파파		7세대 표
273	0		고속물리	도토링	다탱구	7세대 표
274	0		고속물리	잎새코	다탱구	7세대 표
275	0		고속물리	다탱구		7세대 표
278	0		탱커	갈모매	패리퍼	7세대 표
279	0		탱커	패리퍼		7세대 표
280	0		고속특수	랄토스	가디안	7세대 표
281	0		고속특수	킬리아	가디안	7세대 표
282	0		고속특수	가디안		7세대 표
290	0		고속물리	토중몬	아이스크	7세대 표
291	0		고속물리	아이스크		7세대 표
292	0		고속물리	껍질몬		7세대 표
293	0		고속특수	소곤룡	폭음룡	7세대 표
294	0		고속특수	노공룡	폭음룡	7세대 표
295	0		고속특수	폭음룡		7세대 표
298	0		저속물리	루리리	마릴리	7세대 표
302	0		탱커	깜까미		7세대 표
303	0		고속물리	입치트		7세대 표
304	0		탱커	가보리	보스로라	7세대 표
305	0		탱커	갱도라	보스로라	7세대 표
306	0		탱커	보스로라		7세대 표
309	0		고속특수	썬더라이	썬더볼트	7세대 표
310	0		고속특수	썬더볼트		7세대 표
315	0		고속특수	로젤리아	로즈레이드	7세대 표
318	0		고속물리	샤프니아	샤크니아	7세대 표
319	0		고속물리	샤크니아		7세대 표
320	0		탱커	고래왕자	고래왕	7세대 표
321	0		탱커	고래왕		7세대 표
324	0		탱커	코터스		7세대 표
328	0		고속물리	톱치	플라이곤	7세대 표
329	0		고속물리	비브라바	플라이곤	7세대 표
330	0		고속물리	플라이곤		7세대 표
333	0		탱커	파비코	파비코리	7세대 표
334	0		탱커	파비코리		7세대 표
337	0		고속특수	루나톤		7세대 표
338	0		탱커	솔록		7세대 표
339	0		고속물리	미꾸리	메깅	7세대 표
340	0		고속물리	메깅		7세대 표
341	0		고속물리	가재군	가재장군	7세대 표
342	0		고속물리	가재장군		7세대 표
343	0		탱커	오뚝군	점토도리	7세대 표
344	0		탱커	점토도리		7세대 표
345	0		탱커	릴링	릴리요	7세대 표
346	0		탱커	릴리요		7세대 표
347	0		탱커	아노딥스	아말도	7세대 표
348	0		탱커	아말도		7세대 표
349	0		탱커	빈티나	밀로틱	7세대 표
350	0		탱커	밀로틱		7세대 표
355	0		저속물리	해골몽	야느와르몽	7세대 표
356	0		저속물리	미라몽	야느와르몽	7세대 표
359	0		고속물리	앱솔		7세대 표
360	0		탱커	마자	마자용	7세대 표
361	0		고속물리	눈꼬마	분기→얼음귀신 (주인장)	7세대 표
362	0		고속물리	얼음귀신		7세대 표
363	0		탱커	대굴레오	씨카이저	7세대 표
364	0		탱커	씨레오	씨카이저	7세대 표
365	0		탱커	씨카이저		7세대 표
369	0		고속물리	시라칸		7세대 표
371	0		고속물리	아공이	보만다	7세대 표
372	0		고속물리	쉘곤	보만다	7세대 표
373	0		고속물리	보만다		7세대 표
374	0		고속물리	메탕	메타그로스	7세대 표
375	0		고속물리	메탕구	메타그로스	7세대 표
376	0		고속물리	메타그로스		7세대 표
377	0		탱커	레지락		7세대 표
378	0		고속특수	레지아이스		7세대 표
379	0		탱커	레지스틸		7세대 표
380	0		고속특수	라티아스		7세대 표
381	0		고속특수	라티오스		7세대 표
382	0		고속특수	가이오가		7세대 표
383	0		고속특수	그란돈		7세대 표
384	0		고속물리	레쿠쟈		7세대 표
403	0		고속물리	꼬링크	렌트라	7세대 표
404	0		고속물리	럭시오	렌트라	7세대 표
405	0		고속물리	렌트라		7세대 표
406	0		고속특수	꼬몽울	로즈레이드	7세대 표
407	0		고속특수	로즈레이드		7세대 표
415	0		탱커	세꿀버리	비퀸	7세대 표
416	0		탱커	비퀸		7세대 표
420	0		고속물리	체리버	체리꼬	7세대 표
421	0		고속물리	체리꼬		7세대 표
422	0		탱커	깝질무	트리토돈	7세대 표
422	1		탱커	깝질무(동쪽바다)	트리토돈(동쪽바다)	7세대 표
423	0		탱커	트리토돈		7세대 표
423	1		탱커	트리토돈(동쪽바다)		7세대 표
425	0		고속특수	흔들풍손	둥실라이드	7세대 표
426	0		고속특수	둥실라이드		7세대 표
427	0		고속물리	이어롤	이어롭	7세대 표
428	0		고속물리	이어롭		7세대 표
434	0		고속물리	스컹뿡	스컹탱크	7세대 표
435	0		고속물리	스컹탱크		7세대 표
436	0		탱커	동미러	동탁군	7세대 표
437	0		탱커	동탁군		7세대 표
438	0		고속물리	꼬지지	꼬지모	7세대 표
439	0		저속특수	흉내내	마임꽁꽁	zu 1세트 {'slow-spec': 1}
440	0		탱커	핑복	해피너스	7세대 표
442	0		저속물리	화강돌		7세대 표
443	0		고속물리	딥상어동	한카리아스	7세대 표
444	0		고속물리	한바이트	한카리아스	7세대 표
445	0		고속물리	한카리아스		7세대 표
446	0		탱커	먹고자	잠만보	7세대 표
447	0		고속물리	리오르	루카리오	7세대 표
448	0		고속물리	루카리오		7세대 표
449	0		탱커	히포포타스	하마돈	7세대 표
450	0		탱커	하마돈		7세대 표
451	0		고속물리	스콜피	드래피온	7세대 표
452	0		고속물리	드래피온		7세대 표
453	0		고속물리	삐딱구리	독개굴	7세대 표
454	0		고속물리	독개굴		7세대 표
458	0		탱커	타만타	만타인	7세대 표
459	0		고속특수	눈쓰개	눈설왕	7세대 표
460	0		고속특수	눈설왕		7세대 표
461	0		고속물리	포푸니라		7세대 표
462	0		고속특수	자포코일		7세대 표
463	0		탱커	내룸벨트		7세대 표
464	0		탱커	거대코뿌리		7세대 표
465	0		탱커	덩쿠림보		7세대 표
466	0		고속물리	에레키블		7세대 표
467	0		고속특수	마그마번		7세대 표
468	0		탱커	토게키스		7세대 표
470	0		고속물리	리피아		7세대 표
471	0		고속특수	글레이시아		7세대 표
473	0		고속물리	맘모꾸리		7세대 표
474	0		고속특수	폴리곤Z		7세대 표
475	0		고속물리	엘레이드		7세대 표
477	0		저속물리	야느와르몽		7세대 표
478	0		고속특수	눈여아		7세대 표
479	0		고속특수	로토무		7세대 표
479	1		고속특수	로토무(히트로토무)		7세대 표
479	2		탱커	로토무(워시로토무)		7세대 표
479	3		고속특수	로토무(프로스트로토무)		7세대 표
479	4		탱커	로토무(스핀로토무)		7세대 표
479	5		고속특수	로토무(커트로토무)		7세대 표
480	0		탱커	유크시		7세대 표
481	0		고속특수	엠라이트		7세대 표
482	0		고속특수	아그놈		7세대 표
483	0		고속특수	디아루가		7세대 표
484	0		고속특수	펄기아		7세대 표
485	0		고속특수	히드런		7세대 표
486	0		저속물리	레지기가스		7세대 표
487	0		탱커	기라티나		7세대 표
487	1		저속특수	기라티나(오리진폼)		ubers 2세트 {'slow-spec': 1, 'slow-phys': 1}
488	0		탱커	크레세리아		7세대 표
506	0		고속물리	요테리	바랜드	7세대 표
507	0		고속물리	하데리어	바랜드	7세대 표
508	0		고속물리	바랜드		7세대 표
509	0		고속물리	쌔비냥	레파르다스	7세대 표
510	0		고속물리	레파르다스		7세대 표
517	0		탱커	몽나	몽얌나	7세대 표
518	0		탱커	몽얌나		7세대 표
519	0		고속물리	콩둘기	켄호로우	7세대 표
520	0		고속물리	유토브	켄호로우	7세대 표
521	0		고속물리	켄호로우		7세대 표
524	0		탱커	단굴	기가이어스	7세대 표
525	0		탱커	암트르	기가이어스	7세대 표
526	0		탱커	기가이어스		7세대 표
527	0		고속특수	또르박쥐	맘박쥐	7세대 표
528	0		고속특수	맘박쥐		7세대 표
529	0		고속물리	두더류	몰드류	7세대 표
530	0		고속물리	몰드류		7세대 표
531	0		탱커	다부니		7세대 표
532	0		고속물리	으랏차	노보청	7세대 표
533	0		고속물리	토쇠골	노보청	7세대 표
534	0		고속물리	노보청		7세대 표
535	0		탱커	동챙이	두빅굴	7세대 표
536	0		탱커	두까비	두빅굴	7세대 표
537	0		탱커	두빅굴		7세대 표
538	0		탱커	던지미		7세대 표
539	0		고속물리	타격귀		7세대 표
543	0		고속물리	마디네	펜드라	7세대 표
544	0		고속물리	휠구	펜드라	7세대 표
545	0		고속물리	펜드라		7세대 표
546	0		고속특수	소미안	엘풍	7세대 표
547	0		고속특수	엘풍		7세대 표
548	0		고속특수	치릴리	드레디어	7세대 표
549	0		고속특수	드레디어		7세대 표
550	0		고속물리	배쓰나이		7세대 표
550	1		고속물리	배쓰나이(청색근의 모습)		7세대 표
551	0		고속물리	깜눈크	악비아르	7세대 표
552	0		고속물리	악비르	악비아르	7세대 표
553	0		고속물리	악비아르		7세대 표
554	0		고속물리	달막화	불비달마	7세대 표
554	1		고속물리	달막화(가라르의 모습)	불비달마(가라르의 모습)	ubers 13세트 {'fast-phys': 13}
555	0		고속물리	불비달마		7세대 표
555	2		고속물리	불비달마(가라르의 모습)		ubers 13세트 {'fast-phys': 13}
556	0		고속특수	마라카치		7세대 표
557	0		고속물리	돌살이	암팰리스	7세대 표
558	0		고속물리	암팰리스		7세대 표
559	0		탱커	곤율랭	곤율거니	7세대 표
560	0		탱커	곤율거니		7세대 표
561	0		고속특수	심보러		7세대 표
562	0		탱커	데스마스	데스니칸	7세대 표
562	1		탱커	데스마스(가라르의 모습)	데스판	pu 4세트 {'tank': 4}
563	0		탱커	데스니칸		7세대 표
564	0		고속물리	프로토가	늑골라	7세대 표
565	0		고속물리	늑골라		7세대 표
566	0		고속물리	아켄	아케오스	7세대 표
567	0		고속물리	아케오스		7세대 표
568	0		탱커	깨봉이	더스트나	7세대 표
569	0		탱커	더스트나		7세대 표
570	0		고속특수	조로아	조로아크	7세대 표
571	0		고속특수	조로아크		7세대 표
572	0		고속물리	치라미	치라치노	7세대 표
573	0		고속물리	치라치노		7세대 표
574	0		탱커	고디탱	고디모아젤	7세대 표
575	0		탱커	고디보미	고디모아젤	7세대 표
576	0		탱커	고디모아젤		7세대 표
577	0		탱커	유니란	란쿨루스	7세대 표
578	0		탱커	듀란	란쿨루스	7세대 표
579	0		탱커	란쿨루스		7세대 표
582	0		고속특수	바닐프티	배바닐라	7세대 표
583	0		고속특수	바닐리치	배바닐라	7세대 표
584	0		고속특수	배바닐라		7세대 표
587	0		고속특수	에몽가		7세대 표
588	0		탱커	딱정곤	슈바르고	7세대 표
589	0		탱커	슈바르고		7세대 표
590	0		탱커	깜놀버슬	뽀록나	7세대 표
591	0		탱커	뽀록나		7세대 표
592	0		탱커	탱그릴	탱탱겔	7세대 표
593	0		탱커	탱탱겔		7세대 표
595	0		고속특수	파쪼옥	전툴라	7세대 표
596	0		고속특수	전툴라		7세대 표
597	0		탱커	철시드	너트령	7세대 표
598	0		탱커	너트령		7세대 표
599	0		고속물리	기어르	기기기어르	7세대 표
600	0		고속물리	기기어르	기기기어르	7세대 표
601	0		고속물리	기기기어르		7세대 표
605	0		저속특수	리그레	벰크	7세대 표
606	0		저속특수	벰크		7세대 표
607	0		고속특수	불켜미	샹델라	7세대 표
608	0		고속특수	램프라	샹델라	7세대 표
609	0		고속특수	샹델라		7세대 표
610	0		고속물리	터검니	액스라이즈	7세대 표
611	0		고속물리	액슨도	액스라이즈	7세대 표
612	0		고속물리	액스라이즈		7세대 표
613	0		고속물리	코고미	툰베어	7세대 표
614	0		고속물리	툰베어		7세대 표
615	0		고속특수	프리지오		7세대 표
616	0		고속특수	쪼마리	어지리더	7세대 표
617	0		고속특수	어지리더		7세대 표
618	0		탱커	메더		7세대 표
618	1		탱커	메더(가라르의 모습)		nu 3세트 {'tank': 3}
619	0		고속특수	비조푸	비조도	7세대 표
620	0		고속특수	비조도		7세대 표
621	0		탱커	크리만		7세대 표
622	0		고속물리	골비람	골루그	7세대 표
623	0		고속물리	골루그		7세대 표
624	0		고속물리	자망칼	절각참	7세대 표
625	0		고속물리	절각참		7세대 표
626	0		탱커	버프론		7세대 표
627	0		고속물리	수리둥보	워글	7세대 표
628	0		고속물리	워글		7세대 표
629	0		탱커	벌차이	버랜지나	7세대 표
630	0		탱커	버랜지나		7세대 표
631	0		고속물리	앤티골		7세대 표
632	0		고속물리	아이앤트		7세대 표
633	0		고속특수	모노두	삼삼드래	7세대 표
634	0		고속특수	디헤드	삼삼드래	7세대 표
635	0		고속특수	삼삼드래		7세대 표
636	0		고속특수	활화르바	불카모스	7세대 표
637	0		고속특수	불카모스		7세대 표
638	0		고속물리	코바르온		7세대 표
639	0		고속물리	테라키온		7세대 표
640	0		고속물리	비리디온		7세대 표
641	0		고속특수	토네로스		7세대 표
641	1		고속특수	토네로스(영물폼)		7세대 표
642	0		고속특수	볼트로스		7세대 표
642	1		고속특수	볼트로스(영물폼)		7세대 표
643	0		고속특수	레시라무		7세대 표
644	0		고속물리	제크로무		7세대 표
645	0		고속특수	랜드로스		7세대 표
645	1		고속물리	랜드로스(영물폼)		7세대 표
646	0		고속특수	큐레무		7세대 표
659	0		고속물리	파르빗	파르토	7세대 표
660	0		고속물리	파르토		7세대 표
661	0		고속물리	화살꼬빈	파이어로	7세대 표
662	0		고속물리	불화살빈	파이어로	7세대 표
663	0		고속물리	파이어로		7세대 표
674	0		고속물리	판짱	부란다	7세대 표
675	0		고속물리	부란다		7세대 표
677	0		고속특수	냐스퍼	냐오닉스(♀)	7세대 표
678	0		탱커	냐오닉스		7세대 표
678	1		고속특수	냐오닉스(♀)		7세대 표
679	0		저속특수	단칼빙	킬가르도	7세대 표
680	0		저속특수	쌍검킬	킬가르도	7세대 표
681	0		저속특수	킬가르도		7세대 표
682	0		저속특수	슈쁘	프레프티르	7세대 표
683	0		저속특수	프레프티르		7세대 표
684	0		고속물리	나룸퍼프	나루림	7세대 표
685	0		고속물리	나루림		7세대 표
686	0		탱커	오케이징	칼라마네로	7세대 표
687	0		탱커	칼라마네로		7세대 표
688	0		고속물리	거북손손	거북손데스	7세대 표
689	0		고속물리	거북손데스		7세대 표
690	0		저속특수	수레기	드래캄	7세대 표
691	0		저속특수	드래캄		7세대 표
692	0		고속특수	완철포	블로스터	7세대 표
693	0		고속특수	블로스터		7세대 표
694	0		고속특수	목도리키텔	일레도리자드	7세대 표
695	0		고속특수	일레도리자드		7세대 표
696	0		고속물리	티고라스	견고라스	7세대 표
697	0		고속물리	견고라스		7세대 표
698	0		고속특수	아마루스	아마루르가	7세대 표
699	0		고속특수	아마루르가		7세대 표
700	0		저속특수	님피아		7세대 표
701	0		고속물리	루차불		7세대 표
702	0		고속특수	데덴네		7세대 표
703	0		탱커	멜리시		7세대 표
704	0		고속특수	미끄메라	미끄래곤	7세대 표
705	0		고속특수	미끄네일	미끄래곤	7세대 표
706	0		고속특수	미끄래곤		7세대 표
707	0		탱커	클레피		7세대 표
708	0		고속물리	나목령	대로트	7세대 표
709	0		고속물리	대로트		7세대 표
710	0		고속물리	호바귀	펌킨인	7세대 표
710	1		탱커	호바귀(작은 사이즈)	펌킨인(작은 사이즈)	7세대 표
710	2		고속특수	호바귀(큰 사이즈)	펌킨인(큰 사이즈)	7세대 표
710	3		탱커	호바귀(특대 사이즈)	펌킨인(특대 사이즈)	7세대 표
711	0		고속물리	펌킨인		7세대 표
711	1		탱커	펌킨인(작은 사이즈)		7세대 표
711	2		고속특수	펌킨인(큰 사이즈)		7세대 표
711	3		탱커	펌킨인(특대 사이즈)		7세대 표
712	0		탱커	꽁어름	크레베이스	7세대 표
713	0		탱커	크레베이스		7세대 표
714	0		고속특수	음뱃	음번	7세대 표
715	0		고속특수	음번		7세대 표
716	0		고속특수	제르네아스		7세대 표
717	0		고속특수	이벨타르		7세대 표
718	0		탱커	지가르데		ubers 11세트 {'fast-phys': 4, 'tank': 5, 'slow-phys': 2}
718	1		고속물리	지가르데(10%폼)		uu 4세트 {'fast-phys': 4}
718	2		고속물리	지가르데(10%폼-C)		uu 4세트 {'fast-phys': 4}
718	3		탱커	지가르데(50%폼-C)		ubers 11세트 {'fast-phys': 4, 'tank': 5, 'slow-phys': 2}
722	0		고속물리	나몰빼미	모크나이퍼	7세대 표
723	0		고속물리	빼미스로우	모크나이퍼	7세대 표
724	0		고속물리	모크나이퍼		7세대 표
725	0		탱커	냐오불	어흥염	7세대 표
726	0		탱커	냐오히트	어흥염	7세대 표
727	0		탱커	어흥염		7세대 표
728	0		고속특수	누리공	누리레느	7세대 표
729	0		고속특수	키요공	누리레느	7세대 표
730	0		고속특수	누리레느		7세대 표
736	0		고속특수	턱지충이	투구뿌논	7세대 표
737	0		고속특수	전지충이	투구뿌논	7세대 표
738	0		고속특수	투구뿌논		7세대 표
742	0		고속특수	에블리	에리본	7세대 표
743	0		고속특수	에리본		7세대 표
744	0		고속물리	암멍이	루가루암	7세대 표
744	1		고속물리	암멍이(황혼의)	루가루암(황혼의)	7세대 표
745	0		고속물리	루가루암		7세대 표
745	1		고속물리	루가루암(한밤중의 모습)		7세대 표
745	2		고속물리	루가루암(황혼의)		7세대 표
746	0		저속특수	약어리		7세대 표
747	0		탱커	시마사리	더시마사리	7세대 표
748	0		탱커	더시마사리		7세대 표
749	0		탱커	머드나기	만마드	7세대 표
750	0		탱커	만마드		7세대 표
751	0		저속물리	물거미	깨비물거미	7세대 표
752	0		저속물리	깨비물거미		7세대 표
753	0		탱커	짜랑랑	라란티스	7세대 표
754	0		탱커	라란티스		7세대 표
755	0		고속특수	자마슈	마셰이드	7세대 표
756	0		고속특수	마셰이드		7세대 표
757	0		고속특수	야도뇽	염뉴트	7세대 표
758	0		고속특수	염뉴트		7세대 표
759	0		고속물리	포곰곰	이븐곰	7세대 표
760	0		고속물리	이븐곰		7세대 표
761	0		고속물리	달콤아	달코퀸	7세대 표
762	0		고속물리	달무리나	달코퀸	7세대 표
763	0		고속물리	달코퀸		7세대 표
764	0		저속특수	큐아링		7세대 표
765	0		저속특수	하랑우탄		7세대 표
766	0		고속물리	내던숭이		7세대 표
767	0		저속물리	꼬시레	갑주무사	7세대 표
768	0		저속물리	갑주무사		7세대 표
769	0		탱커	모래꿍	모래성이당	7세대 표
770	0		탱커	모래성이당		7세대 표
771	0		탱커	해무기		7세대 표
772	0		고속물리	타입:널	실버디	7세대 표
773	0		고속물리	실버디		7세대 표
773	1		고속특수	실버디(격투)		zu 1세트 {'fast-spec': 1}
773	2		고속물리	실버디(비행)		zu 1세트 {'fast-phys': 1}
773	3		고속물리	실버디(독)		pu 6세트 {'fast-spec': 2, 'fast-phys': 3, 'tank': 1}
773	4		고속물리	실버디(땅)		nu 1세트 {'fast-phys': 1}
773	5		고속물리	실버디(바위)		zu 1세트 {'fast-phys': 1}
773	6		고속물리	실버디(벌레)		zu 1세트 {'fast-phys': 1}
773	7		고속물리	실버디(고스트)		pu 1세트 {'fast-phys': 1}
773	8		탱커	실버디(강철)		nu 3세트 {'tank': 2, 'fast-spec': 1}
773	9		고속물리	실버디(불꽃)		zu 1세트 {'fast-phys': 1}
773	10		탱커	실버디(물)		zu 4세트 {'tank': 1, 'fast-phys': 1, 'fast-spec': 1, 'slow-phys': 1}
773	11		고속물리	실버디(풀)		pu 3세트 {'fast-phys': 2, 'tank': 1}
773	12		고속특수	실버디(전기)		zu 1세트 {'fast-spec': 1}
773	13		고속물리	실버디(에스퍼)		zu 1세트 {'fast-phys': 1}
773	14		고속물리	실버디(얼음)		zu 1세트 {'fast-phys': 1}
773	15		고속물리	실버디(드래곤)		Silvally 의 zu 3세트 {'fast-phys': 3}
773	16		고속물리	실버디(악)		zu 1세트 {'fast-phys': 1}
773	17		고속물리	실버디(페어리)		nu 4세트 {'fast-phys': 3, 'tank': 1}
776	0		고속특수	폭거북스		7세대 표
777	0		고속물리	토게데마루		7세대 표
778	0		고속물리	따라큐		7세대 표
780	0		저속특수	할비롱		7세대 표
781	0		고속물리	타타륜		7세대 표
782	0		고속물리	짜랑꼬	짜랑고우거	7세대 표
783	0		고속물리	짜랑고우	짜랑고우거	7세대 표
784	0		고속물리	짜랑고우거		7세대 표
785	0		고속특수	카푸꼬꼬꼭		ou 18세트 {'fast-spec': 9, 'tank': 6, 'slow-spec': 1, 'slow-phys': 1, 'fast-phys': 1}
786	0		고속특수	카푸나비나		ou 18세트 {'fast-spec': 17, 'tank': 1}
787	0		고속물리	카푸브루루		ou 11세트 {'fast-phys': 6, 'tank': 5}
788	0		탱커	카푸느지느		ubers 21세트 {'tank': 14, 'fast-spec': 5, 'slow-spec': 2}
789	0		탱커	코스모그	솔가레오	ubers 2세트 {'tank': 2}
790	0		탱커	코스모움	솔가레오	ubers 2세트 {'tank': 2}
791	0		탱커	솔가레오		ubers 2세트 {'tank': 2}
792	0		탱커	루나아라		ubers 5세트 {'fast-spec': 2, 'tank': 3}
793	0		고속특수	텅비드		7세대 표
794	0		탱커	매시붕		7세대 표
795	0		고속물리	페로코체		7세대 표
796	0		고속특수	전수목		7세대 표
797	0		탱커	철화구야		7세대 표
798	0		고속물리	종이신도		7세대 표
799	0		고속특수	악식킹		7세대 표
800	0		고속물리	네크로즈마		uu 3세트 {'fast-phys': 1, 'fast-spec': 1, 'slow-spec': 1}
803	0		고속특수	베베놈	아고용	7세대 표
804	0		고속특수	아고용		7세대 표
805	0		저속물리	차곡차곡		7세대 표
806	0		고속특수	두파팡		7세대 표
808	0		탱커	멜탄		zu 1세트 {'tank': 1}
809	0		저속물리	멜메탈		ou 8세트 {'slow-phys': 6, 'tank': 2}
810	0		고속물리	흥나숭	고릴타	ou 13세트 {'slow-phys': 1, 'fast-phys': 10, 'tank': 1, 'fast-spec': 1}
811	0		고속물리	채키몽	고릴타	ou 13세트 {'slow-phys': 1, 'fast-phys': 10, 'tank': 1, 'fast-spec': 1}
812	0		고속물리	고릴타		ou 13세트 {'slow-phys': 1, 'fast-phys': 10, 'tank': 1, 'fast-spec': 1}
813	0		고속물리	염버니	에이스번	ubers 4세트 {'fast-phys': 4}
814	0		고속물리	래비풋	에이스번	ubers 4세트 {'fast-phys': 4}
815	0		고속물리	에이스번		ubers 4세트 {'fast-phys': 4}
816	0		고속특수	울머기	인텔리레온	nu 1세트 {'fast-spec': 1}
817	0		고속특수	누겔레온	인텔리레온	nu 1세트 {'fast-spec': 1}
818	0		고속특수	인텔리레온		nu 1세트 {'fast-spec': 1}
819	0		저속물리	탐리스	요씽리스	zu 1세트 {'slow-phys': 1}
820	0		저속물리	요씽리스		zu 1세트 {'slow-phys': 1}
821	0		탱커	파라꼬	아머까오	ou 16세트 {'tank': 15, 'fast-phys': 1}
822	0		탱커	파크로우	아머까오	ou 16세트 {'tank': 15, 'fast-phys': 1}
823	0		탱커	아머까오		ou 16세트 {'tank': 15, 'fast-phys': 1}
824	0		고속특수	두루지벌레	이올브	zu 2세트 {'fast-spec': 1, 'tank': 1}
825	0		고속특수	레돔벌레	이올브	zu 2세트 {'fast-spec': 1, 'tank': 1}
826	0		고속특수	이올브		zu 2세트 {'fast-spec': 1, 'tank': 1}
827	0		고속특수	훔처우	폭슬라이	pu 3세트 {'slow-spec': 1, 'fast-spec': 2}
828	0		고속특수	폭슬라이		pu 3세트 {'slow-spec': 1, 'fast-spec': 2}
829	0		탱커	꼬모카	백솜모카	ru 4세트 {'tank': 3, 'slow-spec': 1}
830	0		탱커	백솜모카		ru 4세트 {'tank': 3, 'slow-spec': 1}
831	0		탱커	우르	배우르	zu 1세트 {'tank': 1}
832	0		탱커	배우르		zu 1세트 {'tank': 1}
833	0		고속물리	깨물부기	갈가부기	ru 2세트 {'fast-phys': 2}
834	0		고속물리	갈가부기		ru 2세트 {'fast-phys': 2}
835	0		고속물리	멍파치	펄스멍	zu 1세트 {'fast-phys': 1}
836	0		고속물리	펄스멍		zu 1세트 {'fast-phys': 1}
837	0		탱커	탄동	석탄산	pu 3세트 {'tank': 3}
838	0		탱커	탄차곤	석탄산	pu 3세트 {'tank': 3}
839	0		탱커	석탄산		pu 3세트 {'tank': 3}
840	0		고속물리	과사삭벌레	분기→애프룡 (기본)	zu 2세트 {'fast-phys': 2}
841	0		고속물리	애프룡		zu 2세트 {'fast-phys': 2}
842	0		고속특수	단지래플		zu 2세트 {'fast-spec': 1, 'tank': 1}
843	0		탱커	모래뱀	사다이사	pu 2세트 {'tank': 2}
844	0		탱커	사다이사		pu 2세트 {'tank': 2}
845	0		탱커	윽우지		zu 1세트 {'tank': 1}
846	0		고속물리	찌로꼬치	꼬치조	ou 4세트 {'fast-phys': 4}
847	0		고속물리	꼬치조		ou 4세트 {'fast-phys': 4}
848	0		고속특수	일레즌	스트린더	ou 8세트 {'fast-spec': 7, 'fast-phys': 1}
849	0		고속특수	스트린더		ou 8세트 {'fast-spec': 7, 'fast-phys': 1}
849	1		고속특수	스트린더(로우한 모습)		Toxtricity 의 ou 8세트 {'fast-spec': 7, 'fast-phys': 1}
850	0		고속물리	태우지네	다태우지네	ru 2세트 {'fast-phys': 2}
851	0		고속물리	다태우지네		ru 2세트 {'fast-phys': 2}
852	0		고속물리	때때무노	케오퍼스	zu 1세트 {'fast-phys': 1}
853	0		고속물리	케오퍼스		zu 1세트 {'fast-phys': 1}
854	0		고속특수	데인차	포트데스	ou 3세트 {'fast-spec': 3}
854	1		고속특수	데인차(진작)	포트데스(진작)	Polteageist 의 ou 3세트 {'fast-spec': 3}
855	0		고속특수	포트데스		ou 3세트 {'fast-spec': 3}
855	1		고속특수	포트데스(진작)		Polteageist 의 ou 3세트 {'fast-spec': 3}
856	0		탱커	몸지브림	브리무음	ou 3세트 {'tank': 3}
857	0		탱커	손지브림	브리무음	ou 3세트 {'tank': 3}
858	0		탱커	브리무음		ou 3세트 {'tank': 3}
859	0		탱커	메롱꿍	오롱털	ubers 12세트 {'tank': 7, 'fast-phys': 3, 'slow-phys': 2}
860	0		탱커	쏘겨모	오롱털	ubers 12세트 {'tank': 7, 'fast-phys': 3, 'slow-phys': 2}
861	0		탱커	오롱털		ubers 12세트 {'tank': 7, 'fast-phys': 3, 'slow-phys': 2}
862	0		고속물리	가로막구리		ubers 4세트 {'fast-phys': 4}
863	0		고속물리	나이킹		pu 2세트 {'fast-phys': 2}
864	0		고속특수	산호르곤		zu 1세트 {'fast-spec': 1}
865	0		고속물리	창파나이트		ru 1세트 {'fast-phys': 1}
866	0		저속특수	마임꽁꽁		zu 1세트 {'slow-spec': 1}
867	0		탱커	데스판		pu 4세트 {'tank': 4}
868	0		탱커	마빌크	마휘핑	pu 4세트 {'tank': 3, 'fast-spec': 1}
869	0		탱커	마휘핑		pu 4세트 {'tank': 3, 'fast-spec': 1}
869	1		탱커	마휘핑(밀키루비)		Alcremie 의 pu 4세트 {'tank': 3, 'fast-spec': 1}
869	2		탱커	마휘핑(밀키말차)		Alcremie 의 pu 4세트 {'tank': 3, 'fast-spec': 1}
869	3		탱커	마휘핑(밀키민트)		Alcremie 의 pu 4세트 {'tank': 3, 'fast-spec': 1}
869	4		탱커	마휘핑(밀키레몬)		Alcremie 의 pu 4세트 {'tank': 3, 'fast-spec': 1}
869	5		탱커	마휘핑(밀키솔트)		Alcremie 의 pu 4세트 {'tank': 3, 'fast-spec': 1}
869	6		탱커	마휘핑(루비믹스)		Alcremie 의 pu 4세트 {'tank': 3, 'fast-spec': 1}
869	7		탱커	마휘핑(캐러멜믹스)		Alcremie 의 pu 4세트 {'tank': 3, 'fast-spec': 1}
869	8		탱커	마휘핑(트리플믹스)		Alcremie 의 pu 4세트 {'tank': 3, 'fast-spec': 1}
870	0		고속물리	대여르		zu 1세트 {'fast-phys': 1}
871	0		탱커	찌르성게		nu 3세트 {'slow-spec': 1, 'tank': 2}
872	0		고속특수	누니머기	모스노우	pu 1세트 {'fast-spec': 1}
873	0		고속특수	모스노우		pu 1세트 {'fast-spec': 1}
874	0		고속물리	돌헨진		zu 1세트 {'fast-phys': 1}
875	0		고속물리	빙큐보		zu 1세트 {'fast-phys': 1}
876	0		고속특수	에써르		ru 5세트 {'fast-spec': 5}
876	1		탱커	에써르(♀)		종족값
877	0		고속물리	모르페코		zu 2세트 {'fast-phys': 2}
878	0		저속물리	끼리동	대왕끼리동	ru 3세트 {'slow-phys': 1, 'fast-phys': 1, 'tank': 1}
879	0		저속물리	대왕끼리동		ru 3세트 {'slow-phys': 1, 'fast-phys': 1, 'tank': 1}
880	0		고속물리	파치래곤		ou 7세트 {'fast-phys': 6, 'fast-spec': 1}
881	0		고속물리	파치르돈		ou 4세트 {'fast-phys': 4}
882	0		고속물리	어래곤		ubers 7세트 {'fast-phys': 6, 'slow-phys': 1}
883	0		고속물리	어치르돈		ru 2세트 {'fast-phys': 2}
884	0		고속특수	두랄루돈		nu 3세트 {'fast-spec': 2, 'tank': 1}
885	0		고속특수	드라꼰	드래펄트	ou 18세트 {'fast-spec': 9, 'fast-phys': 6, 'slow-phys': 1, 'tank': 2}
886	0		고속특수	드래런치	드래펄트	ou 18세트 {'fast-spec': 9, 'fast-phys': 6, 'slow-phys': 1, 'tank': 2}
887	0		고속특수	드래펄트		ou 18세트 {'fast-spec': 9, 'fast-phys': 6, 'slow-phys': 1, 'tank': 2}
888	0		고속물리	자시안		anythinggoes 2세트 {'fast-phys': 2}
890	0		고속특수	무한다이노		ubers 10세트 {'tank': 3, 'fast-spec': 7}
891	0		고속물리	치고마	우라오스	ubers 8세트 {'fast-phys': 4, 'slow-phys': 2, 'fast-spec': 1, 'tank': 1}
892	0		고속물리	우라오스		ubers 8세트 {'fast-phys': 4, 'slow-phys': 2, 'fast-spec': 1, 'tank': 1}
892	1		고속물리	우라오스(연격의)		ou 15세트 {'fast-phys': 12, 'fast-spec': 1, 'slow-phys': 2}
894	0		고속특수	레지에레키		ubers 9세트 {'fast-phys': 3, 'fast-spec': 5, 'slow-spec': 1}
895	0		고속물리	레지드래고		ru 9세트 {'fast-phys': 4, 'tank': 2, 'slow-spec': 1, 'slow-phys': 1, 'fast-spec': 1}
896	0		탱커	블리자포스		ou 9세트 {'fast-phys': 2, 'slow-phys': 3, 'tank': 4}
897	0		고속특수	레이스포스		ubers 10세트 {'fast-spec': 7, 'tank': 3}
898	0		고속특수	버드렉스		zu 1세트 {'fast-spec': 1}
