species	form	sex	ball	name	how
1	0		프렌드볼	이상해씨	초안 스칼렛 초안 소드 세이브 1-0
2	0		프렌드볼	이상해풀	초안 스칼렛 초안 소드 세이브 1-0
3	0		프렌드볼	이상해꽃	초안 스칼렛 초안 소드 세이브 1-0
4	0		문볼	파이리	초안 스칼렛 초안 소드 세이브 4-0
5	0		문볼	리자드	초안 스칼렛 초안 소드 세이브 4-0
6	0		문볼	리자몽	초안 스칼렛 초안 소드 세이브 4-0
7	0		다이브볼	꼬부기	초안 스칼렛 초안 소드 세이브 7-0
8	0		다이브볼	어니부기	초안 스칼렛 초안 소드 세이브 7-0
9	0		다이브볼	거북왕	초안 스칼렛 초안 소드 세이브 7-0
13	0		프렌드볼	뿔충이	초안 울트라썬 세이브
14	0		프렌드볼	딱충이	초안 울트라썬 세이브
15	0		프렌드볼	독침붕	초안 울트라썬 세이브
16	0		레벨볼	구구	초안 울트라썬 세이브
17	0		레벨볼	피죤	초안 울트라썬 세이브
18	0		레벨볼	피죤투	초안 울트라썬 세이브
23	0		레벨볼	아보	초안 스칼렛 주인장 선택
24	0		레벨볼	아보크	초안 스칼렛 주인장 선택
25	0		스피드볼	피카츄	초안 스칼렛 초안 소드 세이브 172-0
26	0		스피드볼	라이츄	초안 스칼렛 초안 소드 세이브 172-0
26	1		스피드볼	라이츄(알로라의 모습)	초안 울트라썬 세이브
35	0		러브러브볼	삐삐	초안 스칼렛 초안 소드 세이브 173-0
36	0		러브러브볼	픽시	초안 스칼렛 초안 소드 세이브 173-0
39	0		러브러브볼	푸린	초안 스칼렛 초안 소드 세이브 174-0
40	0		러브러브볼	푸크린	초안 스칼렛 초안 소드 세이브 174-0
41	0		드림볼	주뱃	초안 소드 세이브
42	0		드림볼	골뱃	초안 소드 세이브
52	0		럭셔리볼	나옹	초안 스칼렛 초안 소드 세이브 52-0
52	1		문볼	나옹(알로라의 모습)	초안 스칼렛 초안 소드 세이브 52-1
52	2		레벨볼	나옹(가라르의 모습)	초안 스칼렛 초안 소드 세이브 52-2
53	0		럭셔리볼	페르시온	초안 스칼렛 초안 소드 세이브 52-0
53	1		문볼	페르시온(알로라의 모습)	초안 스칼렛 초안 소드 세이브 52-1
56	0		헤비볼	망키	초안 스칼렛 주인장 선택
57	0		헤비볼	성원숭	초안 스칼렛 주인장 선택
63	0		힐볼	캐이시	초안 소드 세이브
64	0		힐볼	윤겔라	초안 소드 세이브
65	0		힐볼	후딘	초안 소드 세이브
66	0		프렌드볼	알통몬	초안 소드 세이브
67	0		프렌드볼	근육몬	초안 소드 세이브
68	0		프렌드볼	괴력몬	초안 소드 세이브
69	0		프렌드볼	모다피	초안 스칼렛 초안 전국도감 69-0
70	0		프렌드볼	우츠동	초안 스칼렛 초안 전국도감 69-0
71	0		프렌드볼	우츠보트	초안 스칼렛 초안 전국도감 69-0
79	0		드림볼	야돈	초안 스칼렛 초안 소드 세이브 79-0
79	1		드림볼	야돈(가라르의 모습)	초안 스칼렛 초안 소드 세이브 79-1
80	0		드림볼	야도란	초안 스칼렛 초안 소드 세이브 79-0
80	2		드림볼	야도란(가라르의 모습)	초안 스칼렛 초안 소드 세이브 79-1
83	0		사파리볼	파오리	초안 울트라썬 세이브
83	1		사파리볼	파오리(가라르의 모습)	초안 울트라썬 세이브
92	0		문볼	고오스	초안 스칼렛 초안 소드 세이브 92-0
93	0		문볼	고우스트	초안 스칼렛 초안 소드 세이브 92-0
94	0		문볼	팬텀	초안 스칼렛 초안 소드 세이브 92-0
95	0		레벨볼	롱스톤	초안 소드 세이브
104	0		사파리볼	탕구리	초안 소드 세이브
105	0		사파리볼	텅구리	초안 울트라썬 세이브
105	1		문볼	텅구리(알로라의 모습)	초안 울트라썬 세이브
115	0		헤비볼	캥카	초안 소드 세이브
120	0		루어볼	별가사리	초안 소드 세이브
121	0		루어볼	아쿠스타	초안 소드 세이브
122	0		프렌드볼	마임맨	초안 울트라썬 세이브
122	1		프렌드볼	마임맨(가라르의 모습)	초안 울트라썬 세이브
123	0		프렌드볼	스라크	초안 스칼렛 초안 소드 세이브 123-0
127	0		문볼	쁘사이저	초안 소드 세이브
129	0		컴퍼티션볼	잉어킹	초안 스칼렛 초안 소드 세이브 129-0
130	0		컴퍼티션볼	갸라도스	초안 스칼렛 초안 소드 세이브 129-0
133	0		러브러브볼	이브이	초안 스칼렛 초안(구성원) 소드 세이브 133-0
134	0		드림볼	샤미드	초안 스칼렛 초안(구성원) 소드 세이브 133-0
135	0		프렌드볼	쥬피썬더	초안 스칼렛 초안(구성원) 소드 세이브 133-0
136	0		스피드볼	부스터	초안 스칼렛 초안(구성원) 소드 세이브 133-0
137	0		울트라볼	폴리곤	초안 스칼렛 초안 소드 세이브 137-0
142	0		드림볼	프테라	초안 소드 세이브
147	0		프렌드볼	미뇽	초안 스칼렛 초안 소드 세이브 147-0
148	0		프렌드볼	신뇽	초안 스칼렛 초안 소드 세이브 147-0
149	0		프렌드볼	망나뇽	초안 스칼렛 초안 소드 세이브 147-0
150	0		프렌드볼	뮤츠	초안 스칼렛 초안 소드 세이브 150-0
152	0		프렌드볼	치코리타	초안 스칼렛 초안 전국도감 152-0
153	0		프렌드볼	베이리프	초안 스칼렛 초안 전국도감 152-0
154	0		프렌드볼	메가니움	초안 스칼렛 초안 전국도감 152-0
158	0		루어볼	리아코	초안 스칼렛 초안 전국도감 158-0
159	0		루어볼	엘리게이	초안 스칼렛 초안 전국도감 158-0
160	0		루어볼	장크로다일	초안 스칼렛 초안 전국도감 158-0
167	0		드림볼	페이검	초안 스칼렛 초안 전국도감 167-0
168	0		드림볼	아리아도스	초안 스칼렛 초안 전국도감 167-0
169	0		드림볼	크로뱃	초안 소드 세이브
172	0		스피드볼	피츄	초안 스칼렛 초안 소드 세이브 172-0
173	0		러브러브볼	삐	초안 스칼렛 초안 소드 세이브 173-0
174	0		러브러브볼	푸푸린	초안 스칼렛 초안 소드 세이브 174-0
179	0		드림볼	메리프	초안 스칼렛 초안 전국도감 179-0
180	0		드림볼	보송송	초안 스칼렛 초안 전국도감 179-0
181	0		드림볼	전룡	초안 스칼렛 초안 전국도감 179-0
196	0		프렌드볼	에브이	초안 스칼렛 초안(구성원) 소드 세이브 133-0
197	0		문볼	블래키	초안 스칼렛 초안(구성원) 소드 세이브 133-0
199	0		드림볼	야도킹	초안 스칼렛 초안 소드 세이브 79-0
199	1		드림볼	야도킹(가라르의 모습)	초안 스칼렛 초안 소드 세이브 79-1
208	0		레벨볼	강철톤	초안 소드 세이브
211	0		드림볼	침바루	초안 스칼렛 초안 소드 세이브 211-0
211	1		헤비볼	침바루(히스이의)	초안 스칼렛 주인장 선택
212	0		프렌드볼	핫삼	초안 스칼렛 초안 소드 세이브 123-0
214	0		드림볼	헤라크로스	초안 스칼렛 초안 소드 세이브 214-0
225	0		드림볼	딜리버드	초안 스칼렛 초안 소드 세이브 225-0
227	0		프렌드볼	무장조	초안 스칼렛 초안 소드 세이브 227-0
228	0		문볼	델빌	초안 스칼렛 초안 전국도감 228-0
229	0		문볼	헬가	초안 스칼렛 초안 전국도감 228-0
233	0		울트라볼	폴리곤2	초안 스칼렛 초안 소드 세이브 137-0
246	0		사파리볼	애버라스	초안 스칼렛 초안 소드 세이브 246-0
247	0		사파리볼	데기라스	초안 스칼렛 초안 소드 세이브 246-0
248	0		사파리볼	마기라스	초안 스칼렛 초안 소드 세이브 246-0
252	0		문볼	나무지기	초안 스칼렛 초안 소드 세이브 252-0
253	0		문볼	나무돌이	초안 스칼렛 초안 소드 세이브 252-0
254	0		문볼	나무킹	초안 스칼렛 초안 소드 세이브 252-0
255	0		스피드볼	아차모	초안 스칼렛 초안 소드 세이브 255-0
256	0		스피드볼	영치코	초안 스칼렛 초안 소드 세이브 255-0
257	0		스피드볼	번치코	초안 스칼렛 초안 소드 세이브 255-0
258	0		드림볼	물짱이	초안 스칼렛 초안 소드 세이브 258-0
259	0		드림볼	늪짱이	초안 스칼렛 초안 소드 세이브 258-0
260	0		드림볼	대짱이	초안 스칼렛 초안 소드 세이브 258-0
280	0	수	문볼	랄토스	초안 스칼렛 주인장 선택
280	0	암	러브러브볼	랄토스	초안 스칼렛 주인장 선택
281	0	수	문볼	킬리아	초안 스칼렛 주인장 선택
281	0	암	러브러브볼	킬리아	초안 스칼렛 주인장 선택
282	0	수	문볼	가디안	초안 스칼렛 주인장 선택
282	0	암	러브러브볼	가디안	초안 스칼렛 주인장 선택
302	0		사파리볼	깜까미	초안 스칼렛 초안 소드 세이브 302-0
303	0		러브러브볼	입치트	초안 소드 세이브
304	0		헤비볼	가보리	초안 소드 세이브
305	0		헤비볼	갱도라	초안 소드 세이브
306	0		헤비볼	보스로라	초안 소드 세이브
307	0		문볼	요가랑	초안 스칼렛 초안 전국도감 307-0
308	0		문볼	요가램	초안 스칼렛 초안 전국도감 307-0
309	0		문볼	썬더라이	초안 소드 세이브
310	0		문볼	썬더볼트	초안 소드 세이브
315	0		럭셔리볼	로젤리아	초안 소드 세이브
316	0		문볼	꼴깍몬	초안 스칼렛 초안 전국도감 316-0
317	0		문볼	꿀꺽몬	초안 스칼렛 초안 전국도감 316-0
318	0		드림볼	샤프니아	초안 소드 세이브
319	0		드림볼	샤크니아	초안 소드 세이브
322	0		문볼	둔타	초안 스칼렛 초안 전국도감 322-0
323	0		문볼	폭타	초안 스칼렛 초안 전국도감 322-0
325	0		문볼	피그점프	초안 스칼렛 초안 전국도감 325-0
326	0		문볼	피그킹	초안 스칼렛 초안 전국도감 325-0
333	0		레벨볼	파비코	초안 스칼렛 초안 소드 세이브 333-0
334	0		레벨볼	파비코리	초안 스칼렛 초안 소드 세이브 333-0
335	0		다이브볼	쟝고	초안 스칼렛 초안 전국도감 335-0
336	0		다크볼	세비퍼	초안 스칼렛 초안 전국도감 336-0
349	0		러브러브볼	빈티나	초안 스칼렛 초안 소드 세이브 349-0
350	0		러브러브볼	밀로틱	초안 스칼렛 초안 소드 세이브 349-0
352	0		프렌드볼	켈리몬	초안 울트라썬 세이브
353	0		문볼	어둠대신	초안 스칼렛 초안 전국도감 353-0
354	0		문볼	다크펫	초안 스칼렛 초안 전국도감 353-0
358	0		레벨볼	치렁	초안 스칼렛 초안 전국도감 433-0
359	0		프리미어볼	앱솔	초안 소드 세이브
361	0		프리미어볼	눈꼬마	초안 스칼렛 초안(구성원) 소드 세이브 361-0
362	0		프리미어볼	얼음귀신	초안 스칼렛 초안(구성원) 소드 세이브 361-0
371	0		프렌드볼	아공이	초안 스칼렛 초안 소드 세이브 371-0
372	0		프렌드볼	쉘곤	초안 스칼렛 초안 소드 세이브 371-0
373	0		프렌드볼	보만다	초안 스칼렛 초안 소드 세이브 371-0
374	0		헤비볼	메탕	초안 스칼렛 초안 소드 세이브 374-0
375	0		헤비볼	메탕구	초안 스칼렛 초안 소드 세이브 374-0
376	0		헤비볼	메타그로스	초안 스칼렛 초안 소드 세이브 374-0
380	0		레벨볼	라티아스	초안 스칼렛 초안 소드 세이브 380-0
381	0		프렌드볼	라티오스	초안 스칼렛 초안 소드 세이브 381-0
382	0		드림볼	가이오가	초안 스칼렛 초안 소드 세이브 382-0
383	0		레벨볼	그란돈	초안 스칼렛 초안 소드 세이브 383-0
384	0		럭셔리볼	레쿠쟈	초안 스칼렛 초안 소드 세이브 384-0
396	0		문볼	찌르꼬	초안 스칼렛 초안 전국도감 396-0
397	0		문볼	찌르버드	초안 스칼렛 초안 전국도감 396-0
398	0		문볼	찌르호크	초안 스칼렛 초안 전국도감 396-0
406	0		럭셔리볼	꼬몽울	초안 소드 세이브
407	0		럭셔리볼	로즈레이드	초안 소드 세이브
427	0		러브러브볼	이어롤	초안 소드 세이브
428	0		러브러브볼	이어롭	초안 소드 세이브
433	0		레벨볼	랑딸랑	초안 스칼렛 초안 전국도감 433-0
439	0		문볼	흉내내	초안 소드 세이브
443	0		문볼	딥상어동	초안 스칼렛 초안 소드 세이브 443-0
444	0		문볼	한바이트	초안 스칼렛 초안 소드 세이브 443-0
445	0		문볼	한카리아스	초안 스칼렛 초안 소드 세이브 443-0
447	0		레벨볼	리오르	초안 스칼렛 초안 소드 세이브 447-0
448	0		레벨볼	루카리오	초안 스칼렛 초안 소드 세이브 447-0
449	0		헤비볼	히포포타스	초안 스칼렛 초안 소드 세이브 449-0
450	0		헤비볼	하마돈	초안 스칼렛 초안 소드 세이브 449-0
459	0		다이브볼	눈쓰개	초안 스칼렛 초안 소드 세이브 459-0
460	0		다이브볼	눈설왕	초안 스칼렛 초안 소드 세이브 459-0
470	0		프렌드볼	리피아	초안 스칼렛 초안(구성원) 소드 세이브 133-0
471	0		다이브볼	글레이시아	초안 스칼렛 초안(구성원) 소드 세이브 133-0
474	0		울트라볼	폴리곤Z	초안 스칼렛 초안 소드 세이브 137-0
475	0		문볼	엘레이드	초안 스칼렛 초안(구성원) 소드 세이브 280-0
478	0		러브러브볼	눈여아	초안 스칼렛 초안(구성원) 소드 세이브 361-0
479	0		스피드볼	로토무	초안 스칼렛 초안 소드 세이브 479-0
479	1		스피드볼	로토무(히트로토무)	초안 울트라썬 세이브
479	2		스피드볼	로토무(워시로토무)	초안 울트라썬 세이브
479	3		스피드볼	로토무(프로스트로토무)	초안 울트라썬 세이브
479	4		스피드볼	로토무(스핀로토무)	초안 울트라썬 세이브
479	5		스피드볼	로토무(커트로토무)	초안 울트라썬 세이브
485	0		헤비볼	히드런	초안 소드 세이브
491	0		문볼	다크라이	주인장 선택 2026-10-05 (검토판)
498	0		헤비볼	뚜꾸리	초안 스칼렛 초안 전국도감 498-0
499	0		헤비볼	차오꿀	초안 스칼렛 초안 전국도감 498-0
500	0		헤비볼	염무왕	초안 스칼렛 초안 전국도감 498-0
504	0		다크볼	보르쥐	초안 울트라썬 세이브
505	0		다크볼	보르그	초안 울트라썬 세이브
509	0		럭셔리볼	쌔비냥	초안 소드 세이브
510	0		럭셔리볼	레파르다스	초안 소드 세이브
511	0		프렌드볼	야나프	주인장 선택 2026-10-05 (검토판)
512	0		프렌드볼	야나키	주인장 선택 2026-10-05 (검토판)
513	0		컴퍼티션볼	바오프	주인장 선택 2026-10-05 (검토판)
514	0		컴퍼티션볼	바오키	주인장 선택 2026-10-05 (검토판)
515	0		다이브볼	앗차프	주인장 확인 2026-10-05 (검토판, 초안대로)
516	0		다이브볼	앗차키	주인장 확인 2026-10-05 (검토판, 초안대로)
517	0		드림볼	몽나	초안 소드 세이브
518	0		드림볼	몽얌나	초안 소드 세이브
529	0		헤비볼	두더류	초안 스칼렛 초안 소드 세이브 529-0
530	0		헤비볼	몰드류	초안 스칼렛 초안 소드 세이브 529-0
531	0		드림볼	다부니	초안 소드 세이브
538	0		타이머볼	던지미	초안 소드 세이브
539	0		네트볼	타격귀	초안 소드 세이브
543	0		컴퍼티션볼	마디네	초안 소드 세이브
544	0		컴퍼티션볼	휠구	초안 소드 세이브
545	0		컴퍼티션볼	펜드라	초안 소드 세이브
551	0		사파리볼	깜눈크	초안 스칼렛 초안 소드 세이브 551-0
552	0		사파리볼	악비르	초안 스칼렛 초안 소드 세이브 551-0
553	0		사파리볼	악비아르	초안 스칼렛 초안 소드 세이브 551-0
559	0		프렌드볼	곤율랭	초안 스칼렛 초안 소드 세이브 559-0
560	0		프렌드볼	곤율거니	초안 스칼렛 초안 소드 세이브 559-0
562	0		드림볼	데스마스	주인장 선택 2026-10-05 (검토판)
562	1		드림볼	데스마스(가라르의 모습)	주인장 선택 2026-10-05 (검토판)
563	0		드림볼	데스니칸	주인장 확인 2026-10-05 (검토판, 초안대로)
568	0		헤비볼	깨봉이	초안 소드 세이브
569	0		헤비볼	더스트나	초안 소드 세이브
582	0		다이브볼	바닐프티	초안 소드 세이브
583	0		다이브볼	바닐리치	초안 소드 세이브
584	0		다이브볼	배바닐라	초안 소드 세이브
587	0		레벨볼	에몽가	초안 소드 세이브
590	0		마스터볼	깜놀버슬	초안 스칼렛 주인장 선택
591	0		마스터볼	뽀록나	초안 스칼렛 주인장 선택
602	0		프렌드볼	저리어	초안 스칼렛 초안 전국도감 602-0
603	0		프렌드볼	저리릴	초안 스칼렛 초안 전국도감 602-0
604	0		프렌드볼	저리더프	초안 스칼렛 초안 전국도감 602-0
607	0		문볼	불켜미	초안 스칼렛 초안 소드 세이브 607-0
608	0		문볼	램프라	초안 스칼렛 초안 소드 세이브 607-0
609	0		문볼	샹델라	초안 스칼렛 초안 소드 세이브 607-0
615	0		다이브볼	프리지오	초안 스칼렛 초안 소드 세이브 615-0
618	0		문볼	메더	초안 울트라썬 세이브
618	1		사파리볼	메더(가라르의 모습)	주인장 선택 2026-10-05 (검토판)
622	0		헤비볼	골비람	초안 스칼렛 초안 소드 세이브 622-0
623	0		헤비볼	골루그	초안 스칼렛 초안 소드 세이브 622-0
638	0		문볼	코바르온	초안 스칼렛 초안 소드 세이브 638-0
639	0		레벨볼	테라키온	초안 스칼렛 초안 소드 세이브 639-0
640	0		러브러브볼	비리디온	초안 스칼렛 초안 소드 세이브 640-0
647	0		루어볼	케르디오	주인장 선택 2026-10-05 (검토판)
647	1		루어볼	케르디오(각오의 모습)	주인장 선택 2026-10-05 (검토판)
648	0		프레셔스볼	메로엣타	초안 스칼렛 초안 전국도감 648-0
649	0		마스터볼	게노세크트	주인장 선택 2026-10-05 (검토판)
649	1		마스터볼	게노세크트(물)	주인장 선택 2026-10-05 (검토판)
649	2		마스터볼	게노세크트(전기)	주인장 선택 2026-10-05 (검토판)
649	3		마스터볼	게노세크트(불꽃)	주인장 선택 2026-10-05 (검토판)
649	4		마스터볼	게노세크트(얼음)	주인장 선택 2026-10-05 (검토판)
650	0		네스트볼	도치마론	초안 스칼렛 초안 전국도감 650-0
651	0		네스트볼	도치보구	초안 스칼렛 초안 전국도감 650-0
652	0		네스트볼	브리가론	초안 스칼렛 초안 전국도감 650-0
653	0	수	드림볼	푸호꼬	초안 스칼렛 주인장 선택
653	0	암	러브러브볼	푸호꼬	초안 스칼렛 주인장 선택
654	0	수	드림볼	테르나	초안 스칼렛 주인장 선택
654	0	암	러브러브볼	테르나	초안 스칼렛 주인장 선택
655	0	수	드림볼	마폭시	초안 스칼렛 주인장 선택
655	0	암	러브러브볼	마폭시	초안 스칼렛 주인장 선택
656	0		문볼	개구마르	초안 스칼렛 초안 전국도감 656-0
657	0		문볼	개굴반장	초안 스칼렛 초안 전국도감 656-0
658	0		문볼	개굴닌자	초안 스칼렛 초안 전국도감 656-0
659	0		헤비볼	파르빗	초안 소드 세이브
660	0		헤비볼	파르토	초안 소드 세이브
661	0		스피드볼	화살꼬빈	초안 스칼렛 초안 소드 세이브 661-0
662	0		스피드볼	불화살빈	초안 스칼렛 초안 소드 세이브 661-0
663	0		스피드볼	파이어로	초안 스칼렛 초안 소드 세이브 661-0
664	4		프렌드볼	분이벌레(정원의 모양)	초안 스칼렛 초안 전국도감 664-4
664	6		러브러브볼	분이벌레(화원의 모양)	초안 스칼렛 초안 전국도감 664-6
665	4		프렌드볼	분떠도리(정원의 모양)	초안 스칼렛 초안 전국도감 664-4
665	6		러브러브볼	분떠도리(화원의 모양)	초안 스칼렛 초안 전국도감 664-6
665	8		다이브볼	분떠도리(마린의 모양)	초안 스칼렛 초안 전국도감 664-8
666	4		프렌드볼	비비용(정원의 모양)	초안 스칼렛 초안 전국도감 664-4
666	6		러브러브볼	비비용(화원의 모양)	초안 스칼렛 초안 전국도감 664-6
666	8		다이브볼	비비용(마린의 모양)	초안 스칼렛 초안 전국도감 664-8
667	0		스피드볼	레오꼬	초안 스칼렛 초안 전국도감 667-0
668	0		스피드볼	화염레오	초안 스칼렛 초안 전국도감 667-0
669	0		러브러브볼	플라베베	초안 스칼렛 초안 전국도감 669-0
669	1		레벨볼	플라베베(노란)	초안 스칼렛 초안 전국도감 669-1
669	2		리피트볼	플라베베(오렌지)	초안 스칼렛 초안 전국도감 669-2
669	3		루어볼	플라베베(파란)	초안 스칼렛 초안 전국도감 669-3
669	4		프리미어볼	플라베베(하얀)	초안 스칼렛 초안 전국도감 669-4
670	0		러브러브볼	플라엣테	초안 스칼렛 초안 전국도감 669-0
670	1		레벨볼	플라엣테(노란)	초안 스칼렛 초안 전국도감 669-1
670	2		리피트볼	플라엣테(오렌지)	초안 스칼렛 초안 전국도감 669-2
670	3		루어볼	플라엣테(파란)	초안 스칼렛 초안 전국도감 669-3
670	4		프리미어볼	플라엣테(하얀)	초안 스칼렛 초안 전국도감 669-4
670	5		러브러브볼	플라엣테(영원의)	초안 울트라썬 세이브
671	0		러브러브볼	플라제스	초안 스칼렛 초안 전국도감 669-0
671	1		레벨볼	플라제스(노란)	초안 스칼렛 초안 전국도감 669-1
671	2		리피트볼	플라제스(오렌지)	초안 스칼렛 초안 전국도감 669-2
671	3		루어볼	플라제스(파란)	초안 스칼렛 초안 전국도감 669-3
671	4		프리미어볼	플라제스(하얀)	초안 스칼렛 초안 전국도감 669-4
672	0		네스트볼	메이클	초안 스칼렛 초안 전국도감 672-0
673	0		네스트볼	고고트	초안 스칼렛 초안 전국도감 672-0
674	0		타이머볼	판짱	초안 소드 세이브
675	0		타이머볼	부란다	초안 소드 세이브
676	0		럭셔리볼	트리미앙	초안 울트라썬 세이브
676	1		러브러브볼	트리미앙(하트컷)	초안 울트라썬 세이브
676	2		문볼	트리미앙(스타컷)	초안 울트라썬 세이브
676	3		레벨볼	트리미앙(다이아컷)	초안 울트라썬 세이브
676	4		러브러브볼	트리미앙(레이디컷)	초안 울트라썬 세이브
676	5		레벨볼	트리미앙(마담컷)	초안 울트라썬 세이브
676	6		프렌드볼	트리미앙(젠틀컷)	초안 울트라썬 세이브
676	7		다이브볼	트리미앙(퀸컷)	초안 울트라썬 세이브
676	8		타이머볼	트리미앙(가부키컷)	초안 울트라썬 세이브
676	9		울트라볼	트리미앙(킹덤컷)	초안 울트라썬 세이브
677	0		레벨볼	냐스퍼	초안 스칼렛 초안 소드 세이브 677-0
678	0		레벨볼	냐오닉스	초안 스칼렛 초안 소드 세이브 677-0
678	1		레벨볼	냐오닉스(♀)	초안 스칼렛 초안 소드 세이브 677-0
679	0		럭셔리볼	단칼빙	초안 소드 세이브
680	0		럭셔리볼	쌍검킬	초안 소드 세이브
681	0		럭셔리볼	킬가르도	초안 울트라썬 세이브
682	0		드림볼	슈쁘	초안 소드 세이브
683	0		드림볼	프레프티르	초안 소드 세이브
684	0		럭셔리볼	나룸퍼프	초안 소드 세이브
685	0		럭셔리볼	나루림	초안 소드 세이브
686	0		레벨볼	오케이징	초안 스칼렛 초안 소드 세이브 686-0
687	0		레벨볼	칼라마네로	초안 스칼렛 초안 소드 세이브 686-0
688	0		프렌드볼	거북손손	초안 소드 세이브
689	0		프렌드볼	거북손데스	초안 소드 세이브
690	0		다이브볼	수레기	초안 스칼렛 초안 소드 세이브 690-0
691	0		다이브볼	드래캄	초안 스칼렛 초안 소드 세이브 690-0
692	0		루어볼	완철포	초안 스칼렛 초안 소드 세이브 692-0
693	0		루어볼	블로스터	초안 스칼렛 초안 소드 세이브 692-0
694	0		레벨볼	목도리키텔	초안 소드 세이브
695	0		레벨볼	일레도리자드	초안 소드 세이브
696	0		헤비볼	티고라스	초안 소드 세이브
697	0		헤비볼	견고라스	초안 소드 세이브
698	0		다이브볼	아마루스	초안 소드 세이브
699	0		다이브볼	아마루르가	초안 소드 세이브
700	0		러브러브볼	님피아	초안 스칼렛 초안(구성원) 소드 세이브 133-0
701	0		럭셔리볼	루차불	초안 스칼렛 초안 소드 세이브 701-0
702	0		레벨볼	데덴네	초안 스칼렛 초안 소드 세이브 702-0
703	0		헤비볼	멜리시	초안 스칼렛 초안 소드 세이브 703-0
704	0		힐볼	미끄메라	초안 스칼렛 초안 소드 세이브 704-0
705	0		힐볼	미끄네일	초안 스칼렛 초안 소드 세이브 704-0
705	1		헤비볼	미끄네일(히스이의)	주인장 선택 2026-10-05 (검토판)
706	0		힐볼	미끄래곤	초안 스칼렛 초안 소드 세이브 704-0
706	1		헤비볼	미끄래곤(히스이의)	주인장 선택 2026-10-05 (검토판)
707	0		럭셔리볼	클레피	초안 스칼렛 초안 소드 세이브 707-0
708	0		타이머볼	나목령	초안 스칼렛 초안 소드 세이브 708-0
709	0		타이머볼	대로트	초안 스칼렛 초안 소드 세이브 708-0
710	0		드림볼	호바귀	주인장 선택 2026-10-05 (검토판)
710	1		드림볼	호바귀(소과종)	주인장 선택 2026-10-05 (검토판)
710	2		드림볼	호바귀(대과종)	주인장 선택 2026-10-05 (검토판)
710	3		드림볼	호바귀(특대과종)	주인장 선택 2026-10-05 (검토판)
711	0		드림볼	펌킨인	주인장 선택 2026-10-05 (검토판)
711	1		드림볼	펌킨인(소과종)	주인장 선택 2026-10-05 (검토판)
711	2		드림볼	펌킨인(대과종)	주인장 선택 2026-10-05 (검토판)
711	3		드림볼	펌킨인(특대과종)	주인장 선택 2026-10-05 (검토판)
712	0		다이브볼	꽁어름	초안 스칼렛 초안 소드 세이브 712-0
713	0		다이브볼	크레베이스	초안 스칼렛 초안 소드 세이브 712-0
713	1		다이브볼	크레베이스(히스이의)	초안 울트라썬 세이브
714	0		프렌드볼	음뱃	초안 스칼렛 초안 소드 세이브 714-0
715	0		프렌드볼	음번	초안 스칼렛 초안 소드 세이브 714-0
716	0		다이브볼	제르네아스	초안 울트라썬 세이브
717	0		컴퍼티션볼	이벨타르	주인장 선택 2026-10-05 (검토판)
718	2		프렌드볼	지가르데(10%폼-C)	초안 울트라썬 세이브
718	3		프렌드볼	지가르데(50%폼-C)	초안 울트라썬 세이브
719	0		러브러브볼	디안시	주인장 선택 2026-10-05 (검토판)
720	0		드림볼	후파	주인장 선택 2026-10-05 (검토판)
720	1		드림볼	후파(굴레를 벗어난 후파)	주인장 선택 2026-10-05 (검토판)
721	0		스피드볼	볼케니온	주인장 선택 2026-10-05 (검토판)
739	0		프리미어볼	오기지게	초안 스칼렛 초안 전국도감 739-0
740	0		프리미어볼	모단단게	초안 스칼렛 초안 전국도감 739-0
767	0		울트라볼	꼬시레	초안 소드 세이브
768	0		울트라볼	갑주무사	초안 소드 세이브
769	0		럭셔리볼	모래꿍	초안 스칼렛 초안 소드 세이브 769-0
770	0		럭셔리볼	모래성이당	초안 스칼렛 초안 소드 세이브 769-0
778	0	수	문볼	따라큐	초안 스칼렛 주인장 선택
778	0	암	러브러브볼	따라큐	초안 스칼렛 주인장 선택
780	0		레벨볼	할비롱	초안 소드 세이브
801	0		프레셔스볼	마기아나	초안 울트라썬 세이브
802	0		럭셔리볼	마샤도	주인장 선택 2026-10-05 (검토판)
807	0		울트라볼	제라오라	주인장 선택 2026-10-05 (검토판)
808	0		헤비볼	멜탄	주인장 선택 2026-10-05 (검토판)
809	0		몬스터볼	멜메탈	주인장 확인 2026-10-05 (검토판, 초안대로)
821	0		헤비볼	파라꼬	초안 스칼렛 초안 소드 세이브 821-0
822	0		헤비볼	파크로우	초안 스칼렛 초안 소드 세이브 821-0
823	0		헤비볼	아머까오	초안 스칼렛 초안 소드 세이브 821-0
827	0		헤비볼	훔처우	초안 소드 세이브
828	0		헤비볼	폭슬라이	초안 소드 세이브
848	0		드림볼	일레즌	초안 스칼렛 초안 소드 세이브 848-0
849	0		드림볼	스트린더	초안 스칼렛 초안 소드 세이브 848-0
849	1		드림볼	스트린더(로우한 모습)	초안 스칼렛 초안 소드 세이브 848-0
852	0		레벨볼	때때무노	초안 소드 세이브
853	0		레벨볼	케오퍼스	초안 소드 세이브
863	0		레벨볼	나이킹	초안 스칼렛 초안 소드 세이브 52-2
865	0		레벨볼	창파나이트	초안 소드 세이브
866	0		문볼	마임꽁꽁	초안 소드 세이브
867	0		드림볼	데스판	주인장 확인 2026-10-05 (검토판, 초안대로)
870	0		레벨볼	대여르	초안 스칼렛 초안 소드 세이브 870-0
876	0		문볼	에써르	초안 스칼렛 초안 소드 세이브 876-0
876	1		문볼	에써르(♀)	초안 스칼렛 초안 소드 세이브 876-1
877	0		레벨볼	모르페코	초안 스칼렛 초안 소드 세이브 877-0
900	0		프렌드볼	사마자르	초안 스칼렛 주인장 선택
904	0		헤비볼	장침바루	초안 스칼렛 주인장 선택
926	0		럭셔리볼	쫀도기	초안 스칼렛 주인장 선택
927	0		럭셔리볼	바우첼	초안 스칼렛 주인장 선택
931	0		프렌드볼	시비꼬	초안 스칼렛 주인장 선택
931	1		루어볼	시비꼬(파란)	초안 스칼렛 주인장 선택
931	2		레벨볼	시비꼬(노란)	초안 스칼렛 주인장 선택
931	3		프리미어볼	시비꼬(하얀)	초안 스칼렛 주인장 선택
932	0		레벨볼	베베솔트	초안 스칼렛 주인장 선택
933	0		레벨볼	스태솔트	초안 스칼렛 주인장 선택
934	0		레벨볼	콜로솔트	초안 스칼렛 주인장 선택
935	0		문볼	카르본	초안 스칼렛 주인장 선택
936	0		레벨볼	카디나르마	초안 스칼렛 주인장 선택
937	0		문볼	파라블레이즈	초안 스칼렛 주인장 선택
942	0		문볼	오라티프	초안 스칼렛 주인장 선택
943	0		문볼	마피티프	초안 스칼렛 주인장 선택
944	0		문볼	땃쭈르	초안 스칼렛 주인장 선택
945	0		문볼	태깅구르	초안 스칼렛 주인장 선택
951	0		프렌드볼	캡싸이	초안 스칼렛 주인장 선택
952	0		프렌드볼	스코빌런	초안 스칼렛 주인장 선택
957	0		러브러브볼	어리짱	초안 스칼렛 주인장 선택
958	0		러브러브볼	벼리짱	초안 스칼렛 주인장 선택
959	0		러브러브볼	두드리짱	초안 스칼렛 주인장 선택
967	0		문볼	모토마	초안 스칼렛 주인장 선택
969	0		울트라볼	초롱순	초안 스칼렛 주인장 선택
970	0		울트라볼	킬라플로르	초안 스칼렛 주인장 선택
971	0		레벨볼	망망이	초안 스칼렛 주인장 선택
972	0		레벨볼	묘두기	초안 스칼렛 주인장 선택
973	0		힐볼	꼬이밍고	초안 스칼렛 주인장 선택
977	0		레벨볼	어써러셔	초안 스칼렛 주인장 선택
978	0		컴퍼티션볼	싸리용	초안 스칼렛 주인장 선택
978	1		프리미어볼	싸리용(늘어진)	초안 스칼렛 주인장 선택
978	2		스피드볼	싸리용(뻗은)	초안 스칼렛 주인장 선택
979	0		헤비볼	저승갓숭	초안 스칼렛 주인장 선택
996	0		헤비볼	드니차	초안 스칼렛 주인장 선택
997	0		헤비볼	드니꽁	초안 스칼렛 주인장 선택
998	0		헤비볼	드닐레이브	초안 스칼렛 주인장 선택
999	0		럭셔리볼	모으령	초안 스칼렛 주인장 선택
1000	0		럭셔리볼	타부자고	초안 스칼렛 주인장 선택
