species	form	sex	ball	name	how
1	0		프렌드볼	이상해씨	초안 소드 세이브 1-0
2	0		프렌드볼	이상해풀	초안 소드 세이브 1-0
3	0		프렌드볼	이상해꽃	초안 소드 세이브 1-0
4	0		문볼	파이리	초안 소드 세이브 4-0
5	0		문볼	리자드	초안 소드 세이브 4-0
6	0		문볼	리자몽	초안 소드 세이브 4-0
7	0		다이브볼	꼬부기	초안 소드 세이브 7-0
8	0		다이브볼	어니부기	초안 소드 세이브 7-0
9	0		다이브볼	거북왕	초안 소드 세이브 7-0
23	0		레벨볼	아보	주인장 23-0
24	0		레벨볼	아보크	주인장 23-0
25	0		스피드볼	피카츄(노말)	초안 소드 세이브 172-0
26	0		스피드볼	라이츄(노말)	초안 소드 세이브 172-0
27	0		레벨볼	모래두지(노말)	주인장 27-0
27	1		다이브볼	모래두지(알로라의 모습)	초안 소드 세이브 27-1
28	0		레벨볼	고지(노말)	주인장 27-0
28	1		다이브볼	고지(알로라의 모습)	초안 소드 세이브 27-1
35	0		러브러브볼	삐삐	초안 소드 세이브 173-0
36	0		러브러브볼	픽시	초안 소드 세이브 173-0
37	0		문볼	식스테일(노말)	초안 소드 세이브 37-0
37	1	수	프리미어볼	식스테일(알로라의 모습)	주인장(성별)
37	1	암	러브러브볼	식스테일(알로라의 모습)	주인장(성별)
38	0		문볼	나인테일(노말)	초안 소드 세이브 37-0
38	1	수	프리미어볼	나인테일(알로라의 모습)	주인장(성별)
38	1	암	러브러브볼	나인테일(알로라의 모습)	주인장(성별)
39	0		러브러브볼	푸린	초안 소드 세이브 174-0
40	0		러브러브볼	푸크린	초안 소드 세이브 174-0
43	0		프렌드볼	뚜벅쵸	초안(구성원) 소드 세이브 43-0
44	0		프렌드볼	냄새꼬	초안(구성원) 소드 세이브 43-0
45	0		프렌드볼	라플레시아	초안(구성원) 소드 세이브 43-0
48	0		다이브볼	콘팡	주인장 48-0
49	0		다이브볼	도나리	주인장 48-0
50	0		헤비볼	디그다(노말)	초안 소드 세이브 50-0
50	1		문볼	디그다(알로라의 모습)	초안 소드 세이브 50-1
51	0		헤비볼	닥트리오(노말)	초안 소드 세이브 50-0
51	1		문볼	닥트리오(알로라의 모습)	초안 소드 세이브 50-1
52	0		럭셔리볼	나옹(노말)	초안 소드 세이브 52-0
52	1		문볼	나옹(알로라의 모습)	초안 소드 세이브 52-1
52	2		레벨볼	나옹(가라르의 모습)	초안 소드 세이브 52-2
53	0		럭셔리볼	페르시온(노말)	초안 소드 세이브 52-0
53	1		문볼	페르시온(알로라의 모습)	초안 소드 세이브 52-1
54	0		루어볼	고라파덕	초안 소드 세이브 54-0
55	0		루어볼	골덕	초안 소드 세이브 54-0
56	0		헤비볼	망키	주인장 56-0
57	0		헤비볼	성원숭	주인장 56-0
58	0		레벨볼	가디(노말)	초안 소드 세이브 58-0
58	1		몬스터볼	가디(히스이의)	없음 58-1
59	0		레벨볼	윈디(노말)	초안 소드 세이브 58-0
59	1		몬스터볼	윈디(히스이의)	없음 58-1
60	0		프렌드볼	발챙이	초안(구성원) 소드 세이브 60-0
61	0		프렌드볼	슈륙챙이	초안(구성원) 소드 세이브 60-0
62	0		프렌드볼	강챙이	초안(구성원) 소드 세이브 60-0
69	0		프렌드볼	모다피	초안 전국도감 69-0
70	0		프렌드볼	우츠동	초안 전국도감 69-0
71	0		프렌드볼	우츠보트	초안 전국도감 69-0
72	0		문볼	왕눈해	초안 소드 세이브 72-0
73	0		문볼	독파리	초안 소드 세이브 72-0
74	0		사파리볼	꼬마돌(노말)	초안 전국도감 74-0
74	1		럭셔리볼	꼬마돌(알로라의 모습)	초안 전국도감 74-1
75	0		사파리볼	데구리(노말)	초안 전국도감 74-0
75	1		럭셔리볼	데구리(알로라의 모습)	초안 전국도감 74-1
76	0		사파리볼	딱구리(노말)	초안 전국도감 74-0
76	1		럭셔리볼	딱구리(알로라의 모습)	초안 전국도감 74-1
79	0		드림볼	야돈(노말)	초안 소드 세이브 79-0
79	1		드림볼	야돈(가라르의 모습)	초안 소드 세이브 79-1
80	0		드림볼	야도란(노말)	초안 소드 세이브 79-0
80	2		드림볼	야도란(가라르의 모습)	초안 소드 세이브 79-1
81	0		헤비볼	코일	초안 소드 세이브 81-0
82	0		헤비볼	레어코일	초안 소드 세이브 81-0
84	0		사파리볼	두두	초안 전국도감 84-0
85	0		사파리볼	두트리오	초안 전국도감 84-0
86	0		프리미어볼	쥬쥬	초안 전국도감 86-0
87	0		프리미어볼	쥬레곤	초안 전국도감 86-0
88	0		프렌드볼	질퍽이(노말)	초안 전국도감 88-0
88	1		드림볼	질퍽이(알로라의 모습)	주인장 88-1
89	0		프렌드볼	질뻐기(노말)	초안 전국도감 88-0
89	1		드림볼	질뻐기(알로라의 모습)	주인장 88-1
90	0		헤비볼	셀러	초안 소드 세이브 90-0
91	0		헤비볼	파르셀	초안 소드 세이브 90-0
92	0		문볼	고오스	초안 소드 세이브 92-0
93	0		문볼	고우스트	초안 소드 세이브 92-0
94	0		문볼	팬텀	초안 소드 세이브 92-0
96	0		드림볼	슬리프	초안 전국도감 96-0
97	0		드림볼	슬리퍼	초안 전국도감 96-0
100	0		다이브볼	찌리리공(노말)	초안 전국도감 100-0
101	0		다이브볼	붐볼(노말)	초안 전국도감 100-0
102	0		레벨볼	아라리	초안 소드 세이브 102-0
103	0		레벨볼	나시(노말)	초안 소드 세이브 102-0
103	1		몬스터볼	나시(알로라의 모습)	초안 소드 세이브 103-1
106	0		네스트볼	시라소몬	초안(구성원) 소드 세이브 236-0
107	0		네스트볼	홍수몬	초안(구성원) 소드 세이브 236-0
109	0		드림볼	또가스	초안 소드 세이브 109-0
110	0		드림볼	또도가스(노말)	초안 소드 세이브 109-0
111	0		레벨볼	뿔카노	초안 소드 세이브 111-0
112	0		레벨볼	코뿌리	초안 소드 세이브 111-0
113	0		프렌드볼	럭키	초안(구성원) 소드 세이브 440-0
116	0		드림볼	쏘드라	초안 소드 세이브 116-0
117	0		드림볼	시드라	초안 소드 세이브 116-0
123	0		프렌드볼	스라크	초안 소드 세이브 123-0
125	0		레벨볼	에레브	초안 소드 세이브 239-0
126	0		드림볼	마그마	초안 소드 세이브 240-0
128	0		사파리볼	켄타로스(노말)	초안 소드 세이브 128-0
128	1		럭셔리볼	켄타로스(팔데아 컴뱃)	주인장 128-1
128	2		럭셔리볼	켄타로스(팔데아 블레이즈)	주인장 128-2
128	3		럭셔리볼	켄타로스(팔데아 워터)	주인장 128-3
129	0		컴퍼티션볼	잉어킹	초안 소드 세이브 129-0
130	0		컴퍼티션볼	갸라도스	초안 소드 세이브 129-0
131	0		드림볼	라프라스	초안 소드 세이브 131-0
132	0		다이브볼	메타몽	초안 소드 세이브 132-0
133	0		러브러브볼	이브이	초안(구성원) 소드 세이브 133-0
134	0		드림볼	샤미드	초안(구성원) 소드 세이브 133-0
135	0		프렌드볼	쥬피썬더	초안(구성원) 소드 세이브 133-0
136	0		스피드볼	부스터	초안(구성원) 소드 세이브 133-0
137	0		울트라볼	폴리곤	초안 소드 세이브 137-0
143	0		헤비볼	잠만보	초안 소드 세이브 446-0
144	0		다이브볼	프리져(노말)	초안 소드 세이브 144-0
145	0		레벨볼	썬더(노말)	초안 소드 세이브 145-0
146	0		스피드볼	파이어(노말)	초안 소드 세이브 146-0
147	0		프렌드볼	미뇽	초안 소드 세이브 147-0
148	0		프렌드볼	신뇽	초안 소드 세이브 147-0
149	0		프렌드볼	망나뇽	초안 소드 세이브 147-0
150	0		프렌드볼	뮤츠	초안 소드 세이브 150-0
152	0		프렌드볼	치코리타	초안 전국도감 152-0
153	0		프렌드볼	베이리프	초안 전국도감 152-0
154	0		프렌드볼	메가니움	초안 전국도감 152-0
155	0		레벨볼	브케인	초안 전국도감 155-0
156	0		레벨볼	마그케인	초안 전국도감 155-0
157	0		레벨볼	블레이범(노말)	초안 전국도감 155-0
157	1		드림볼	블레이범(히스이의)	주인장 157-1
158	0		루어볼	리아코	초안 전국도감 158-0
159	0		루어볼	엘리게이	초안 전국도감 158-0
160	0		루어볼	장크로다일	초안 전국도감 158-0
161	0		러브러브볼	꼬리선	초안 전국도감 161-0
162	0		러브러브볼	다꼬리	초안 전국도감 161-0
163	0		레벨볼	부우부	초안 소드 세이브 163-0
164	0		레벨볼	야부엉	초안 소드 세이브 163-0
167	0		드림볼	페이검	초안 전국도감 167-0
168	0		드림볼	아리아도스	초안 전국도감 167-0
170	0		루어볼	초라기	초안 소드 세이브 170-0
171	0		루어볼	랜턴	초안 소드 세이브 170-0
172	0		스피드볼	피츄	초안 소드 세이브 172-0
173	0		러브러브볼	삐	초안 소드 세이브 173-0
174	0		러브러브볼	푸푸린	초안 소드 세이브 174-0
179	0		드림볼	메리프	초안 전국도감 179-0
180	0		드림볼	보송송	초안 전국도감 179-0
181	0		드림볼	전룡	초안 전국도감 179-0
182	0		드림볼	아르코	초안(구성원) 소드 세이브 43-0
183	0		레벨볼	마릴	초안 소드 세이브 298-0
184	0		레벨볼	마릴리	초안 소드 세이브 298-0
185	0		레벨볼	꼬지모	초안 소드 세이브 438-0
186	0		드림볼	왕구리	초안(구성원) 소드 세이브 60-0
187	0		드림볼	통통코	초안 전국도감 187-0
188	0		드림볼	두코	초안 전국도감 187-0
189	0		드림볼	솜솜코	초안 전국도감 187-0
190	0		러브러브볼	에이팜	초안 전국도감 190-0
191	0		프렌드볼	해너츠	초안 전국도감 191-0
192	0		프렌드볼	해루미	초안 전국도감 191-0
193	0		문볼	왕자리	초안 전국도감 193-0
194	0		드림볼	우파(노말)	초안 소드 세이브 194-0
194	1		헤비볼	우파(팔데아)	주인장 194-1
195	0		드림볼	누오	초안 소드 세이브 194-0
196	0		프렌드볼	에브이	초안(구성원) 소드 세이브 133-0
197	0		문볼	블래키	초안(구성원) 소드 세이브 133-0
198	0		드림볼	니로우	초안 전국도감 198-0
199	0		드림볼	야도킹(노말)	초안 소드 세이브 79-0
199	1		드림볼	야도킹(가라르의 모습)	초안 소드 세이브 79-1
200	0		레벨볼	무우마	초안 전국도감 200-0
203	0		드림볼	키링키	주인장 203-0
204	0		레벨볼	피콘	초안 전국도감 204-0
205	0		레벨볼	쏘콘	초안 전국도감 204-0
206	0		레벨볼	노고치	주인장 206-0
207	0		문볼	글라이거	초안 전국도감 207-0
209	0		드림볼	블루	초안 전국도감 209-0
210	0		드림볼	그랑블루	초안 전국도감 209-0
211	0		드림볼	침바루(노말)	초안 소드 세이브 211-0
211	1		헤비볼	침바루(히스이의)	주인장 211-1
212	0		프렌드볼	핫삼	초안 소드 세이브 123-0
214	0		드림볼	헤라크로스	초안 소드 세이브 214-0
215	0		드림볼	포푸니(노말)	초안 소드 세이브 215-0
216	0		문볼	깜지곰	초안 전국도감 216-0
217	0		문볼	링곰	초안 전국도감 216-0
218	0		드림볼	마그마그	초안 전국도감 218-0
219	0		드림볼	마그카르고	초안 전국도감 218-0
220	0		프렌드볼	꾸꾸리	초안 소드 세이브 220-0
221	0		프렌드볼	메꾸리	초안 소드 세이브 220-0
225	0		드림볼	딜리버드	초안 소드 세이브 225-0
227	0		프렌드볼	무장조	초안 소드 세이브 227-0
228	0		문볼	델빌	초안 전국도감 228-0
229	0		문볼	헬가	초안 전국도감 228-0
230	0		드림볼	킹드라	초안 소드 세이브 116-0
231	0		레벨볼	코코리	초안 전국도감 231-0
232	0		레벨볼	코리갑	초안 전국도감 231-0
233	0		울트라볼	폴리곤2	초안 소드 세이브 137-0
234	0		프렌드볼	노라키	초안 전국도감 234-0
235	0		레벨볼	루브도	초안 전국도감 235-0
236	0		네스트볼	배루키	초안(구성원) 소드 세이브 236-0
237	0		드림볼	카포에라	초안(구성원) 소드 세이브 236-0
239	0		레벨볼	에레키드	초안 소드 세이브 239-0
240	0		드림볼	마그비	초안 소드 세이브 240-0
242	0		러브러브볼	해피너스	초안(구성원) 소드 세이브 440-0
243	0		레벨볼	라이코	초안 소드 세이브 243-0
244	0		럭셔리볼	앤테이	초안 소드 세이브 244-0
245	0		다이브볼	스이쿤	초안 소드 세이브 245-0
246	0		사파리볼	애버라스	초안 소드 세이브 246-0
247	0		사파리볼	데기라스	초안 소드 세이브 246-0
248	0		사파리볼	마기라스	초안 소드 세이브 246-0
249	0		러브러브볼	루기아	초안 소드 세이브 249-0
250	0		레벨볼	칠색조	초안 소드 세이브 250-0
252	0		문볼	나무지기	초안 소드 세이브 252-0
253	0		문볼	나무돌이	초안 소드 세이브 252-0
254	0		문볼	나무킹	초안 소드 세이브 252-0
255	0		스피드볼	아차모	초안 소드 세이브 255-0
256	0		스피드볼	영치코	초안 소드 세이브 255-0
257	0		스피드볼	번치코	초안 소드 세이브 255-0
258	0		드림볼	물짱이	초안 소드 세이브 258-0
259	0		드림볼	늪짱이	초안 소드 세이브 258-0
260	0		드림볼	대짱이	초안 소드 세이브 258-0
261	0		레벨볼	포챠나	초안 전국도감 261-0
262	0		레벨볼	그라에나	초안 전국도감 261-0
270	0		프렌드볼	연꽃몬	초안 소드 세이브 270-0
271	0		프렌드볼	로토스	초안 소드 세이브 270-0
272	0		프렌드볼	로파파	초안 소드 세이브 270-0
273	0		프렌드볼	도토링	초안 소드 세이브 273-0
274	0		프렌드볼	잎새코	초안 소드 세이브 273-0
275	0		프렌드볼	다탱구	초안 소드 세이브 273-0
278	0		프렌드볼	갈모매	초안 소드 세이브 278-0
279	0		프렌드볼	패리퍼	초안 소드 세이브 278-0
280	0	수	문볼	랄토스	주인장(성별)
280	0	암	러브러브볼	랄토스	주인장(성별)
281	0	수	문볼	킬리아	주인장(성별)
281	0	암	러브러브볼	킬리아	주인장(성별)
282	0	수	문볼	가디안	주인장(성별)
282	0	암	러브러브볼	가디안	주인장(성별)
283	0		프렌드볼	비구술	초안 전국도감 283-0
284	0		프렌드볼	비나방	초안 전국도감 283-0
285	0		스피드볼	버섯꼬	초안 전국도감 285-0
286	0		스피드볼	버섯모	초안 전국도감 285-0
287	0		사파리볼	게을로	초안 전국도감 287-0
288	0		사파리볼	발바로	초안 전국도감 287-0
289	0		사파리볼	게을킹	초안 전국도감 287-0
296	0		드림볼	마크탕	초안 전국도감 296-0
297	0		드림볼	하리뭉	초안 전국도감 296-0
298	0		레벨볼	루리리	초안 소드 세이브 298-0
299	0		레벨볼	코코파스	초안 전국도감 299-0
302	0		사파리볼	깜까미	초안 소드 세이브 302-0
307	0		문볼	요가랑	초안 전국도감 307-0
308	0		문볼	요가램	초안 전국도감 307-0
311	0		스피드볼	플러시	초안 전국도감 311-0
312	0		프렌드볼	마이농	초안 전국도감 312-0
313	0		네트볼	볼비트	초안 전국도감 313-0
314	0		네트볼	네오비트	초안 전국도감 314-0
316	0		문볼	꼴깍몬	초안 전국도감 316-0
317	0		문볼	꿀꺽몬	초안 전국도감 316-0
322	0		문볼	둔타	초안 전국도감 322-0
323	0		문볼	폭타	초안 전국도감 322-0
324	0		스피드볼	코터스	초안 소드 세이브 324-0
325	0		문볼	피그점프	초안 전국도감 325-0
326	0		문볼	피그킹	초안 전국도감 325-0
328	0		프렌드볼	톱치	초안 소드 세이브 328-0
329	0		프렌드볼	비브라바	초안 소드 세이브 328-0
330	0		프렌드볼	플라이곤	초안 소드 세이브 328-0
331	0		사파리볼	선인왕	초안 전국도감 331-0
332	0		사파리볼	밤선인	초안 전국도감 331-0
333	0		레벨볼	파비코	초안 소드 세이브 333-0
334	0		레벨볼	파비코리	초안 소드 세이브 333-0
335	0		다이브볼	쟝고	초안 전국도감 335-0
336	0		다크볼	세비퍼	초안 전국도감 336-0
339	0		루어볼	미꾸리	초안 소드 세이브 339-0
340	0		루어볼	메깅	초안 소드 세이브 339-0
341	0		레벨볼	가재군	초안 소드 세이브 341-0
342	0		레벨볼	가재장군	초안 소드 세이브 341-0
349	0		러브러브볼	빈티나	초안 소드 세이브 349-0
350	0		러브러브볼	밀로틱	초안 소드 세이브 349-0
353	0		문볼	어둠대신	초안 전국도감 353-0
354	0		문볼	다크펫	초안 전국도감 353-0
355	0		컴퍼티션볼	해골몽	초안(구성원) 소드 세이브 355-0
356	0		컴퍼티션볼	미라몽	초안(구성원) 소드 세이브 355-0
357	0		프렌드볼	트로피우스	초안 전국도감 357-0
358	0		레벨볼	치렁	초안 전국도감 433-0
361	0		프리미어볼	눈꼬마	초안(구성원) 소드 세이브 361-0
362	0		프리미어볼	얼음귀신	초안(구성원) 소드 세이브 361-0
370	0		러브러브볼	사랑동이	초안 전국도감 370-0
371	0		프렌드볼	아공이	초안 소드 세이브 371-0
372	0		프렌드볼	쉘곤	초안 소드 세이브 371-0
373	0		프렌드볼	보만다	초안 소드 세이브 371-0
374	0		헤비볼	메탕	초안 소드 세이브 374-0
375	0		헤비볼	메탕구	초안 소드 세이브 374-0
376	0		헤비볼	메타그로스	초안 소드 세이브 374-0
380	0		레벨볼	라티아스	초안 소드 세이브 380-0
381	0		프렌드볼	라티오스	초안 소드 세이브 381-0
382	0		드림볼	가이오가	초안 소드 세이브 382-0
383	0		레벨볼	그란돈	초안 소드 세이브 383-0
384	0		럭셔리볼	레쿠쟈	초안 소드 세이브 384-0
387	0		프렌드볼	모부기	초안 전국도감 387-0
388	0		프렌드볼	수풀부기	초안 전국도감 387-0
389	0		프렌드볼	토대부기	초안 전국도감 387-0
390	0		스피드볼	불꽃숭이	초안 전국도감 390-0
391	0		스피드볼	파이숭이	초안 전국도감 390-0
392	0		스피드볼	초염몽	초안 전국도감 390-0
393	0		다이브볼	팽도리	초안 전국도감 393-0
394	0		다이브볼	팽태자	초안 전국도감 393-0
395	0		다이브볼	엠페르트	초안 전국도감 393-0
396	0		문볼	찌르꼬	초안 전국도감 396-0
397	0		문볼	찌르버드	초안 전국도감 396-0
398	0		문볼	찌르호크	초안 전국도감 396-0
401	0		레벨볼	귀뚤뚜기	초안 전국도감 401-0
402	0		레벨볼	귀뚤톡크	초안 전국도감 401-0
403	0		레벨볼	꼬링크	초안 소드 세이브 403-0
404	0		레벨볼	럭시오	초안 소드 세이브 403-0
405	0		레벨볼	렌트라	초안 소드 세이브 403-0
408	0		타이머볼	두개도스	초안 전국도감 408-0
409	0		타이머볼	램펄드	초안 전국도감 408-0
410	0		럭셔리볼	방패톱스	초안 전국도감 410-0
411	0		럭셔리볼	바리톱스	초안 전국도감 410-0
415	0		컴퍼티션볼	세꿀버리	초안 소드 세이브 415-0
416	0		컴퍼티션볼	비퀸	초안 소드 세이브 415-0
417	0		힐볼	파치리스	초안 전국도감 417-0
418	0		레벨볼	브이젤	초안 전국도감 418-0
419	0		레벨볼	플로젤	초안 전국도감 418-0
422	0		러브러브볼	깝질무(서쪽바다)	초안 소드 세이브 422-0
422	1		프렌드볼	깝질무(동쪽바다)	초안 소드 세이브 422-1
423	0		러브러브볼	트리토돈(서쪽바다)	초안 소드 세이브 422-0
423	1		프렌드볼	트리토돈(동쪽바다)	초안 소드 세이브 422-1
424	0		러브러브볼	겟핸보숭	초안 전국도감 190-0
425	0		퀵볼	흔들풍손	초안 소드 세이브 425-0
426	0		퀵볼	둥실라이드	초안 소드 세이브 425-0
429	0		레벨볼	무우마직	초안 전국도감 200-0
430	0		드림볼	돈크로우	초안 전국도감 198-0
433	0		레벨볼	랑딸랑	초안 전국도감 433-0
434	0		컴퍼티션볼	스컹뿡	초안 소드 세이브 434-0
435	0		컴퍼티션볼	스컹탱크	초안 소드 세이브 434-0
436	0		프렌드볼	동미러	초안 소드 세이브 436-0
437	0		프렌드볼	동탁군	초안 소드 세이브 436-0
438	0		레벨볼	꼬지지	초안 소드 세이브 438-0
440	0		러브러브볼	핑복	초안(구성원) 소드 세이브 440-0
442	0		루어볼	화강돌	초안 소드 세이브 442-0
443	0		문볼	딥상어동	초안 소드 세이브 443-0
444	0		문볼	한바이트	초안 소드 세이브 443-0
445	0		문볼	한카리아스	초안 소드 세이브 443-0
446	0		헤비볼	먹고자	초안 소드 세이브 446-0
447	0		레벨볼	리오르	초안 소드 세이브 447-0
448	0		레벨볼	루카리오	초안 소드 세이브 447-0
449	0		헤비볼	히포포타스	초안 소드 세이브 449-0
450	0		헤비볼	하마돈	초안 소드 세이브 449-0
453	0		문볼	삐딱구리	초안 소드 세이브 453-0
454	0		문볼	독개굴	초안 소드 세이브 453-0
456	0		레벨볼	형광어	초안 전국도감 456-0
457	0		레벨볼	네오라이트	초안 전국도감 456-0
459	0		다이브볼	눈쓰개	초안 소드 세이브 459-0
460	0		다이브볼	눈설왕	초안 소드 세이브 459-0
461	0		드림볼	포푸니라	초안 소드 세이브 215-0
462	0		헤비볼	자포코일	초안 소드 세이브 81-0
464	0		레벨볼	거대코뿌리	초안 소드 세이브 111-0
466	0		레벨볼	에레키블	초안 소드 세이브 239-0
467	0		드림볼	마그마번	초안 소드 세이브 240-0
469	0		문볼	메가자리	초안 전국도감 193-0
470	0		프렌드볼	리피아	초안(구성원) 소드 세이브 133-0
471	0		다이브볼	글레이시아	초안(구성원) 소드 세이브 133-0
472	0		문볼	글라이온	초안 전국도감 207-0
473	0		프렌드볼	맘모꾸리	초안 소드 세이브 220-0
474	0		울트라볼	폴리곤Z	초안 소드 세이브 137-0
475	0		문볼	엘레이드	초안(구성원) 소드 세이브 280-0
476	0		레벨볼	대코파스	초안 전국도감 299-0
477	0		럭셔리볼	야느와르몽	초안(구성원) 소드 세이브 355-0
478	0		러브러브볼	눈여아	초안(구성원) 소드 세이브 361-0
479	0		스피드볼	로토무(노말)	초안 소드 세이브 479-0
483	0		타이머볼	디아루가(노말)	초안 소드 세이브 483-0
484	0		러브러브볼	펄기아(노말)	초안 소드 세이브 484-0
495	0		프렌드볼	주리비얀	초안 전국도감 495-0
496	0		프렌드볼	샤비	초안 전국도감 495-0
497	0		프렌드볼	샤로다	초안 전국도감 495-0
498	0		헤비볼	뚜꾸리	초안 전국도감 498-0
499	0		헤비볼	차오꿀	초안 전국도감 498-0
500	0		헤비볼	염무왕	초안 전국도감 498-0
501	0		문볼	수댕이	초안 전국도감 501-0
502	0		문볼	쌍검자비	초안 전국도감 501-0
503	0		문볼	대검귀(노말)	초안 전국도감 501-0
503	1		문볼	대검귀(히스이의)	주인장 2026-10-05 (채팅)
522	0		프리미어볼	줄뮤마	주인장 522-0
523	0		프리미어볼	제브라이카	주인장 522-0
529	0		헤비볼	두더류	초안 소드 세이브 529-0
530	0		헤비볼	몰드류	초안 소드 세이브 529-0
532	0		헤비볼	으랏차	초안 소드 세이브 532-0
533	0		헤비볼	토쇠골	초안 소드 세이브 532-0
534	0		헤비볼	노보청	초안 소드 세이브 532-0
540	0		프렌드볼	두르보	초안 전국도감 540-0
541	0		프렌드볼	두르쿤	초안 전국도감 540-0
542	0		프렌드볼	모아머	초안 전국도감 540-0
546	0		문볼	소미안	초안 소드 세이브 546-0
547	0		문볼	엘풍	초안 소드 세이브 546-0
548	0		프렌드볼	치릴리	초안 소드 세이브 548-0
549	0		프렌드볼	드레디어(노말)	초안 소드 세이브 548-0
550	0		프렌드볼	배쓰나이(적색근의 모습)	초안 소드 세이브 550-0
550	1		프렌드볼	배쓰나이(청색근의 모습)	초안 소드 세이브 550-1
550	2		루어볼	배쓰나이(하얀 )	주인장 550-2
551	0		사파리볼	깜눈크	초안 소드 세이브 551-0
552	0		사파리볼	악비르	초안 소드 세이브 551-0
553	0		사파리볼	악비아르	초안 소드 세이브 551-0
559	0		프렌드볼	곤율랭	초안 소드 세이브 559-0
560	0		프렌드볼	곤율거니	초안 소드 세이브 559-0
570	0		드림볼	조로아(노말)	초안 소드 세이브 570-0
571	0		드림볼	조로아크(노말)	초안 소드 세이브 570-0
572	0		레벨볼	치라미	초안 소드 세이브 572-0
573	0		레벨볼	치라치노	초안 소드 세이브 572-0
574	0		럭셔리볼	고디탱	초안 소드 세이브 574-0
575	0		럭셔리볼	고디보미	초안 소드 세이브 574-0
576	0		럭셔리볼	고디모아젤	초안 소드 세이브 574-0
577	0		문볼	유니란	초안 소드 세이브 577-0
578	0		문볼	듀란	초안 소드 세이브 577-0
579	0		문볼	란쿨루스	초안 소드 세이브 577-0
580	0		드림볼	꼬지보리	초안 전국도감 580-0
581	0		드림볼	스완나	초안 전국도감 580-0
585	0		힐볼	사철록(봄의 모습)	초안 전국도감 585-0
585	1		네스트볼	사철록(여름의 모습)	초안 전국도감 585-1
585	2		타이머볼	사철록(가을의 모습)	초안 전국도감 585-2
585	3		프리미어볼	사철록(겨울의 모습)	초안 전국도감 585-3
586	0		힐볼	바라철록(봄의 모습)	초안 전국도감 585-0
586	1		네스트볼	바라철록(여름의 모습)	초안 전국도감 585-1
586	2		타이머볼	바라철록(가을의 모습)	초안 전국도감 585-2
586	3		프리미어볼	바라철록(겨울의 모습)	초안 전국도감 585-3
590	0		마스터볼	깜놀버슬	주인장 590-0
591	0		마스터볼	뽀록나	주인장 590-0
594	0		드림볼	맘복치	초안 전국도감 594-0
595	0		퀵볼	파쪼옥	초안 소드 세이브 595-0
596	0		퀵볼	전툴라	초안 소드 세이브 595-0
602	0		프렌드볼	저리어	초안 전국도감 602-0
603	0		프렌드볼	저리릴	초안 전국도감 602-0
604	0		프렌드볼	저리더프	초안 전국도감 602-0
607	0		문볼	불켜미	초안 소드 세이브 607-0
608	0		문볼	램프라	초안 소드 세이브 607-0
609	0		문볼	샹델라	초안 소드 세이브 607-0
610	0		레벨볼	터검니	초안 소드 세이브 610-0
611	0		레벨볼	액슨도	초안 소드 세이브 610-0
612	0		레벨볼	액스라이즈	초안 소드 세이브 610-0
613	0		다이브볼	코고미	초안 소드 세이브 613-0
614	0		다이브볼	툰베어	초안 소드 세이브 613-0
615	0		다이브볼	프리지오	초안 소드 세이브 615-0
619	0		러브러브볼	비조푸	초안 소드 세이브 619-0
620	0		러브러브볼	비조도	초안 소드 세이브 619-0
622	0		헤비볼	골비람	초안 소드 세이브 622-0
623	0		헤비볼	골루그	초안 소드 세이브 622-0
624	0		문볼	자망칼	주인장 624-0
625	0		문볼	절각참	주인장 624-0
627	0		문볼	수리둥보	초안 소드 세이브 627-0
628	0		문볼	워글(노말)	초안 소드 세이브 627-0
629	0		드림볼	벌차이	초안 소드 세이브 629-0
630	0		드림볼	버랜지나	초안 소드 세이브 629-0
633	0		다크볼	모노두	초안 소드 세이브 633-0
634	0		다크볼	디헤드	초안 소드 세이브 633-0
635	0		다크볼	삼삼드래	초안 소드 세이브 633-0
636	0		레벨볼	활화르바	초안 소드 세이브 636-0
637	0		레벨볼	불카모스	초안 소드 세이브 636-0
638	0		문볼	코바르온	초안 소드 세이브 638-0
639	0		레벨볼	테라키온	초안 소드 세이브 639-0
640	0		러브러브볼	비리디온	초안 소드 세이브 640-0
643	0		레벨볼	레시라무	초안 소드 세이브 643-0
644	0		럭셔리볼	제크로무	초안 소드 세이브 644-0
646	0		헤비볼	큐레무(노말)	초안 소드 세이브 646-0
648	0		프레셔스볼	메로엣타(보이스폼)	초안 전국도감 648-0
650	0		네스트볼	도치마론	초안 전국도감 650-0
651	0		네스트볼	도치보구	초안 전국도감 650-0
652	0		네스트볼	브리가론	초안 전국도감 650-0
653	0	수	드림볼	푸호꼬	주인장(성별)
653	0	암	러브러브볼	푸호꼬	주인장(성별)
654	0	수	드림볼	테르나	주인장(성별)
654	0	암	러브러브볼	테르나	주인장(성별)
655	0	수	드림볼	마폭시	주인장(성별)
655	0	암	러브러브볼	마폭시	주인장(성별)
656	0		문볼	개구마르	초안 전국도감 656-0
657	0		문볼	개굴반장	초안 전국도감 656-0
658	0		문볼	개굴닌자(노말)	초안 전국도감 656-0
661	0		스피드볼	화살꼬빈	초안 소드 세이브 661-0
662	0		스피드볼	불화살빈	초안 소드 세이브 661-0
663	0		스피드볼	파이어로	초안 소드 세이브 661-0
664	0		프리미어볼	분이벌레(빙설의 모양)	초안 전국도감 664-0
664	1		울트라볼	분이벌레(설국의 모양)	초안 전국도감 664-1
664	2		다이브볼	분이벌레(설원의 모양)	초안 전국도감 664-2
664	3		레벨볼	분이벌레(대륙의 모양)	초안 전국도감 664-3
664	4		프렌드볼	분이벌레(정원의 모양)	초안 전국도감 664-4
664	5		힐볼	분이벌레(우아한 모양)	초안 전국도감 664-5
664	6		러브러브볼	분이벌레(화원의 모양)	초안 전국도감 664-6
664	7		루어볼	분이벌레(모던한 모양)	초안 전국도감 664-7
664	8		다이브볼	분이벌레(마린의 모양)	초안 전국도감 664-8
664	9		리피트볼	분이벌레(군도의 모양)	초안 전국도감 664-9
664	10		네스트볼	분이벌레(황야의 모양)	초안 전국도감 664-10
664	11		럭셔리볼	분이벌레(사진의 모양)	초안 전국도감 664-11
664	12		문볼	분이벌레(대하의 모양)	초안 전국도감 664-12
664	13		헤비볼	분이벌레(스콜의 모양)	초안 전국도감 664-13
664	14		퀵볼	분이벌레(사바나의 모양)	초안 전국도감 664-14
664	15		스피드볼	분이벌레(태양의 모양)	초안 전국도감 664-15
664	16		레벨볼	분이벌레(오션의 모양)	초안 전국도감 664-16
664	17		다크볼	분이벌레(정글의 모양)	초안 전국도감 664-17
664	18		프레셔스볼	분이벌레(팬시한 모양)	초안 전국도감 664-18
664	19		몬스터볼	분이벌레(볼의 모양)	초안 전국도감 664-19
665	0		프리미어볼	분떠도리(빙설의 모양)	초안 전국도감 664-0
665	1		울트라볼	분떠도리(설국의 모양)	초안 전국도감 664-1
665	2		다이브볼	분떠도리(설원의 모양)	초안 전국도감 664-2
665	3		레벨볼	분떠도리(대륙의 모양)	초안 전국도감 664-3
665	4		프렌드볼	분떠도리(정원의 모양)	초안 전국도감 664-4
665	5		힐볼	분떠도리(우아한 모양)	초안 전국도감 664-5
665	6		러브러브볼	분떠도리(화원의 모양)	초안 전국도감 664-6
665	7		루어볼	분떠도리(모던한 모양)	초안 전국도감 664-7
665	8		다이브볼	분떠도리(마린의 모양)	초안 전국도감 664-8
665	9		리피트볼	분떠도리(군도의 모양)	초안 전국도감 664-9
665	10		네스트볼	분떠도리(황야의 모양)	초안 전국도감 664-10
665	11		럭셔리볼	분떠도리(사진의 모양)	초안 전국도감 664-11
665	12		문볼	분떠도리(대하의 모양)	초안 전국도감 664-12
665	13		헤비볼	분떠도리(스콜의 모양)	초안 전국도감 664-13
665	14		퀵볼	분떠도리(사바나의 모양)	초안 전국도감 664-14
665	15		스피드볼	분떠도리(태양의 모양)	초안 전국도감 664-15
665	16		레벨볼	분떠도리(오션의 모양)	초안 전국도감 664-16
665	17		다크볼	분떠도리(정글의 모양)	초안 전국도감 664-17
665	18		프레셔스볼	분떠도리(팬시한 모양)	초안 전국도감 664-18
665	19		몬스터볼	분떠도리(볼의 모양)	초안 전국도감 664-19
666	0		프리미어볼	비비용(빙설의 모양)	초안 전국도감 664-0
666	1		울트라볼	비비용(설국의 모양)	초안 전국도감 664-1
666	2		다이브볼	비비용(설원의 모양)	초안 전국도감 664-2
666	3		레벨볼	비비용(대륙의 모양)	초안 전국도감 664-3
666	4		프렌드볼	비비용(정원의 모양)	초안 전국도감 664-4
666	5		힐볼	비비용(우아한 모양)	초안 전국도감 664-5
666	6		러브러브볼	비비용(화원의 모양)	초안 전국도감 664-6
666	7		루어볼	비비용(모던한 모양)	초안 전국도감 664-7
666	8		다이브볼	비비용(마린의 모양)	초안 전국도감 664-8
666	9		리피트볼	비비용(군도의 모양)	초안 전국도감 664-9
666	10		네스트볼	비비용(황야의 모양)	초안 전국도감 664-10
666	11		럭셔리볼	비비용(사진의 모양)	초안 전국도감 664-11
666	12		문볼	비비용(대하의 모양)	초안 전국도감 664-12
666	13		헤비볼	비비용(스콜의 모양)	초안 전국도감 664-13
666	14		퀵볼	비비용(사바나의 모양)	초안 전국도감 664-14
666	15		스피드볼	비비용(태양의 모양)	초안 전국도감 664-15
666	16		레벨볼	비비용(오션의 모양)	초안 전국도감 664-16
666	17		다크볼	비비용(정글의 모양)	초안 전국도감 664-17
666	18		프레셔스볼	비비용(팬시한 모양)	초안 전국도감 664-18
666	19		몬스터볼	비비용(볼의 모양)	초안 전국도감 664-19
667	0		스피드볼	레오꼬	초안 전국도감 667-0
668	0		스피드볼	화염레오	초안 전국도감 667-0
669	0		러브러브볼	플라베베(빨간 꽃)	초안 전국도감 669-0
669	1		레벨볼	플라베베(노란 )	초안 전국도감 669-1
669	2		리피트볼	플라베베(오렌지)	초안 전국도감 669-2
669	3		루어볼	플라베베(파란 )	초안 전국도감 669-3
669	4		프리미어볼	플라베베(하얀 )	초안 전국도감 669-4
670	0		러브러브볼	플라엣테(빨간 꽃)	초안 전국도감 669-0
670	1		레벨볼	플라엣테(노란 )	초안 전국도감 669-1
670	2		리피트볼	플라엣테(오렌지)	초안 전국도감 669-2
670	3		루어볼	플라엣테(파란 )	초안 전국도감 669-3
670	4		프리미어볼	플라엣테(하얀 )	초안 전국도감 669-4
671	0		러브러브볼	플라제스(빨간 꽃)	초안 전국도감 669-0
671	1		레벨볼	플라제스(노란 )	초안 전국도감 669-1
671	2		리피트볼	플라제스(오렌지)	초안 전국도감 669-2
671	3		루어볼	플라제스(파란 )	초안 전국도감 669-3
671	4		프리미어볼	플라제스(하얀 )	초안 전국도감 669-4
672	0		네스트볼	메이클	초안 전국도감 672-0
673	0		네스트볼	고고트	초안 전국도감 672-0
677	0		레벨볼	냐스퍼	초안 소드 세이브 677-0
678	0		레벨볼	냐오닉스(♂)	초안 소드 세이브 677-0
678	1		레벨볼	냐오닉스(♀)	초안 소드 세이브 677-0
686	0		레벨볼	오케이징	초안 소드 세이브 686-0
687	0		레벨볼	칼라마네로	초안 소드 세이브 686-0
690	0		다이브볼	수레기	초안 소드 세이브 690-0
691	0		다이브볼	드래캄	초안 소드 세이브 690-0
692	0		루어볼	완철포	초안 소드 세이브 692-0
693	0		루어볼	블로스터	초안 소드 세이브 692-0
700	0		러브러브볼	님피아	초안(구성원) 소드 세이브 133-0
701	0		럭셔리볼	루차불	초안 소드 세이브 701-0
702	0		레벨볼	데덴네	초안 소드 세이브 702-0
703	0		헤비볼	멜리시	초안 소드 세이브 703-0
704	0		힐볼	미끄메라	초안 소드 세이브 704-0
705	0		힐볼	미끄네일(노말)	초안 소드 세이브 704-0
706	0		힐볼	미끄래곤(노말)	초안 소드 세이브 704-0
707	0		럭셔리볼	클레피	초안 소드 세이브 707-0
708	0		타이머볼	나목령	초안 소드 세이브 708-0
709	0		타이머볼	대로트	초안 소드 세이브 708-0
712	0		다이브볼	꽁어름	초안 소드 세이브 712-0
713	0		다이브볼	크레베이스(노말)	초안 소드 세이브 712-0
714	0		프렌드볼	음뱃	초안 소드 세이브 714-0
715	0		프렌드볼	음번	초안 소드 세이브 714-0
722	0		문볼	나몰빼미	초안 소드 세이브 722-0
723	0		문볼	빼미스로우	초안 소드 세이브 722-0
724	0		문볼	모크나이퍼(노말)	초안 소드 세이브 722-0
724	1		프렌드볼	모크나이퍼(히스이의)	주인장 724-1
725	0		컴퍼티션볼	냐오불	초안 소드 세이브 725-0
726	0		컴퍼티션볼	냐오히트	초안 소드 세이브 725-0
727	0		컴퍼티션볼	어흥염	초안 소드 세이브 725-0
728	0		러브러브볼	누리공	초안(구성원) 소드 세이브 728-0
729	0		다이브볼	키요공	초안(구성원) 소드 세이브 728-0
730	0		다이브볼	누리레느	초안(구성원) 소드 세이브 728-0
731	0		럭셔리볼	콕코구리	초안 전국도감 731-0
732	0		럭셔리볼	크라파	초안 전국도감 731-0
733	0		럭셔리볼	왕큰부리	초안 전국도감 731-0
734	0		러브러브볼	영구스	초안 전국도감 734-0
735	0		러브러브볼	형사구스	초안 전국도감 734-0
736	0		프렌드볼	턱지충이	초안 소드 세이브 736-0
737	0		프렌드볼	전지충이	초안 소드 세이브 736-0
738	0		프렌드볼	투구뿌논	초안 소드 세이브 736-0
739	0		프리미어볼	오기지게	초안 전국도감 739-0
740	0		프리미어볼	모단단게	초안 전국도감 739-0
741	0		럭셔리볼	춤추새(이글이글스타일)	초안 전국도감 741-0
741	1		레벨볼	춤추새(파칙파칙스타일)	초안 전국도감 741-1
741	2		러브러브볼	춤추새(훌라훌라스타일)	초안 전국도감 741-2
741	3		다이브볼	춤추새(하늘하늘스타일)	초안 전국도감 741-3
742	0		러브러브볼	에블리	초안 소드 세이브 742-0
743	0		러브러브볼	에리본	초안 소드 세이브 742-0
744	0		문볼	암멍이(노말)	초안 소드 세이브 744-0
744	1		문볼	암멍이(황혼의)	초안 소드 세이브 744-1
745	0		문볼	루가루암(한낮의 모습)	초안 소드 세이브 744-0
745	1		문볼	루가루암(한밤중의 모습)	초안 소드 세이브 744-0
745	2		문볼	루가루암(황혼의)	초안 소드 세이브 744-1
747	0		러브러브볼	시마사리	초안 소드 세이브 747-0
748	0		러브러브볼	더시마사리	초안 소드 세이브 747-0
749	0		레벨볼	머드나기	초안 소드 세이브 749-0
750	0		레벨볼	만마드	초안 소드 세이브 749-0
751	0		다이브볼	물거미	초안 소드 세이브 751-0
752	0		다이브볼	깨비물거미	초안 소드 세이브 751-0
753	0		프렌드볼	짜랑랑	초안 소드 세이브 753-0
754	0		프렌드볼	라란티스	초안 소드 세이브 753-0
757	0		드림볼	야도뇽	초안 소드 세이브 757-0
758	0		드림볼	염뉴트	초안 소드 세이브 757-0
761	0		러브러브볼	달콤아	초안 소드 세이브 761-0
762	0		러브러브볼	달무리나	초안 소드 세이브 761-0
763	0		러브러브볼	달코퀸	초안 소드 세이브 761-0
764	0		힐볼	큐아링	초안 소드 세이브 764-0
765	0		드림볼	하랑우탄	초안 소드 세이브 765-0
766	0		문볼	내던숭이	초안 소드 세이브 766-0
769	0		럭셔리볼	모래꿍	초안 소드 세이브 769-0
770	0		럭셔리볼	모래성이당	초안 소드 세이브 769-0
774	7		럭셔리볼	메테노(빨간색 코어)	초안 전국도감 774-7
774	8		럭셔리볼	메테노(주황색 코어)	초안 전국도감 774-8
774	9		럭셔리볼	메테노(노란색 코어)	초안 전국도감 774-9
774	10		럭셔리볼	메테노(초록색 코어)	초안 전국도감 774-10
774	11		럭셔리볼	메테노(옥색 코어)	초안 전국도감 774-11
774	12		럭셔리볼	메테노(파란색 코어)	초안 전국도감 774-12
774	13		럭셔리볼	메테노(보라색 코어)	초안 전국도감 774-13
775	0		문볼	자말라	초안 전국도감 775-0
778	0	수	문볼	따라큐(둔갑한 모습)	주인장(성별)
778	0	암	러브러브볼	따라큐(둔갑한 모습)	주인장(성별)
779	0		프렌드볼	치갈기	초안 전국도감 779-0
782	0		러브러브볼	짜랑꼬	초안 소드 세이브 782-0
783	0		러브러브볼	짜랑고우	초안 소드 세이브 782-0
784	0		러브러브볼	짜랑고우거	초안 소드 세이브 782-0
791	0		레벨볼	솔가레오	초안(구성원) 소드 세이브 789-0
792	0		문볼	루나아라	초안(구성원) 소드 세이브 789-0
800	0		울트라볼	네크로즈마(노말)	초안 소드 세이브 800-0
810	0		프렌드볼	흥나숭	초안 소드 세이브 810-0
811	0		프렌드볼	채키몽	초안 소드 세이브 810-0
812	0		프렌드볼	고릴타	초안 소드 세이브 810-0
813	0		스피드볼	염버니	초안 소드 세이브 813-0
814	0		스피드볼	래비풋	초안 소드 세이브 813-0
815	0		스피드볼	에이스번	초안 소드 세이브 813-0
816	0		루어볼	울머기	초안 소드 세이브 816-0
817	0		루어볼	누겔레온	초안 소드 세이브 816-0
818	0		루어볼	인텔리레온	초안 소드 세이브 816-0
819	0		러브러브볼	탐리스	초안 소드 세이브 819-0
820	0		러브러브볼	요씽리스	초안 소드 세이브 819-0
821	0		헤비볼	파라꼬	초안 소드 세이브 821-0
822	0		헤비볼	파크로우	초안 소드 세이브 821-0
823	0		헤비볼	아머까오	초안 소드 세이브 821-0
833	0		프렌드볼	깨물부기	초안 소드 세이브 833-0
834	0		프렌드볼	갈가부기	초안 소드 세이브 833-0
837	0		헤비볼	탄동	초안 소드 세이브 837-0
838	0		헤비볼	탄차곤	초안 소드 세이브 837-0
839	0		헤비볼	석탄산	초안 소드 세이브 837-0
840	0		프렌드볼	과사삭벌레	주인장 840-0
841	0		프렌드볼	애프룡	주인장 840-0
842	0		프렌드볼	단지래플	주인장 840-0
843	0		헤비볼	모래뱀	초안 소드 세이브 843-0
844	0		헤비볼	사다이사	초안 소드 세이브 843-0
845	0		스피드볼	윽우지(노말)	초안 소드 세이브 845-0
846	0		타이머볼	찌로꼬치	초안 소드 세이브 846-0
847	0		타이머볼	꼬치조	초안 소드 세이브 846-0
848	0		드림볼	일레즌	초안 소드 세이브 848-0
849	0		드림볼	스트린더(하이한 모습)	초안 소드 세이브 848-0
849	1		드림볼	스트린더(로우한 모습)	초안 소드 세이브 848-0
854	0		드림볼	데인차(위작)	초안 소드 세이브 854-0
854	1		몬스터볼	데인차(진작)	초안 소드 세이브 854-1
855	0		드림볼	포트데스(위작)	초안 소드 세이브 854-0
855	1		몬스터볼	포트데스(진작)	초안 소드 세이브 854-1
856	0		러브러브볼	몸지브림	초안 소드 세이브 856-0
857	0		러브러브볼	손지브림	초안 소드 세이브 856-0
858	0		러브러브볼	브리무음	초안 소드 세이브 856-0
859	0		드림볼	메롱꿍	초안 소드 세이브 859-0
860	0		드림볼	쏘겨모	초안 소드 세이브 859-0
861	0		드림볼	오롱털	초안 소드 세이브 859-0
863	0		레벨볼	나이킹	초안 소드 세이브 52-2
868	0		프리미어볼	마빌크	초안(구성원) 소드 세이브 868-0
869	0		럭셔리볼	마휘핑(밀키바닐라)	초안(구성원) 소드 세이브 868-0 (이로치 쪽)
869	1		드림볼	마휘핑(밀키루비)	초안(구성원) 소드 세이브 868-0
869	2		프렌드볼	마휘핑(밀키말차)	초안(구성원) 소드 세이브 868-0
869	3		다이브볼	마휘핑(밀키민트)	초안(구성원) 소드 세이브 868-0
869	4		레벨볼	마휘핑(밀키레몬)	초안(구성원) 소드 세이브 868-0
869	5		프리미어볼	마휘핑(밀키솔트)	초안(구성원) 소드 세이브 868-0
869	6		러브러브볼	마휘핑(루비믹스)	초안(구성원) 소드 세이브 868-0
869	7		네스트볼	마휘핑(캐러멜믹스)	초안(구성원) 소드 세이브 868-0
869	8		힐볼	마휘핑(트리플믹스)	초안(구성원) 소드 세이브 868-0
870	0		레벨볼	대여르	초안 소드 세이브 870-0
871	0		레벨볼	찌르성게	초안 소드 세이브 871-0
872	0		다이브볼	누니머기	초안 소드 세이브 872-0
873	0		다이브볼	모스노우	초안 소드 세이브 872-0
874	0		헤비볼	돌헨진	초안 소드 세이브 874-0
875	0		드림볼	빙큐보(아이스페이스)	초안 소드 세이브 875-0
876	0		문볼	에써르(♂)	초안 소드 세이브 876-0
876	1		문볼	에써르(♀)	초안 소드 세이브 876-1
877	0		레벨볼	모르페코(배부른 모양)	초안 소드 세이브 877-0
878	0		헤비볼	끼리동	초안 소드 세이브 878-0
879	0		헤비볼	대왕끼리동	초안 소드 세이브 878-0
884	0		헤비볼	두랄루돈	주인장 884-0
885	0		문볼	드라꼰	초안 소드 세이브 885-0
886	0		문볼	드래런치	초안 소드 세이브 885-0
887	0		문볼	드래펄트	초안 소드 세이브 885-0
891	0		몬스터볼	치고마	초안 소드 세이브 891-0
892	0		몬스터볼	우라오스(일격의)	초안 소드 세이브 891-0
892	1		몬스터볼	우라오스(연격의)	초안 소드 세이브 891-0
896	0		몬스터볼	블리자포스	초안 소드 세이브 896-0
897	0		몬스터볼	레이스포스	초안 소드 세이브 897-0
900	0		프렌드볼	사마자르	주인장 900-0
901	1		문볼	다투곰(붉은 달)	주인장 901-1
902	0		루어볼	대쓰여너(♂)	주인장 550-2
902	1		루어볼	대쓰여너(♀)	주인장 550-2
904	0		헤비볼	장침바루	주인장 211-1
906	0	수	프렌드볼	나오하	주인장(성별)
906	0	암	러브러브볼	나오하	주인장(성별)
907	0	수	프렌드볼	나로테	주인장(성별)
907	0	암	러브러브볼	나로테	주인장(성별)
908	0	수	프렌드볼	마스카나	주인장(성별)
908	0	암	러브러브볼	마스카나	주인장(성별)
909	0		드림볼	뜨아거	주인장 909-0
910	0		드림볼	악뜨거	주인장 909-0
911	0		드림볼	라우드본	주인장 909-0
912	0		루어볼	꾸왁스	주인장 912-0
913	0		루어볼	아꾸왁	주인장 912-0
914	0		루어볼	웨이니발	주인장 912-0
915	0		러브러브볼	맛보돈	주인장 915-0
916	0		러브러브볼	퍼퓨돈(♂)	주인장 915-0
916	1		러브러브볼	퍼퓨돈(♀)	주인장 915-0
917	0		컴퍼티션볼	타랜툴라	주인장 917-0
918	0		컴퍼티션볼	트래피더	주인장 917-0
919	0		레벨볼	콩알뚜기	주인장 919-0
920	0		레벨볼	엑스레그	주인장 919-0
921	0		러브러브볼	빠모	주인장 921-0
922	0		러브러브볼	빠모트	주인장 921-0
923	0		러브러브볼	빠르모트	주인장 921-0
924	0		러브러브볼	두리쥐	주인장 924-0
925	0		러브러브볼	파밀리쥐(세 식구)	주인장 924-0
925	1		러브러브볼	파밀리쥐(네 식구)	주인장 924-0
926	0		럭셔리볼	쫀도기	주인장 926-0
927	0		럭셔리볼	바우첼	주인장 926-0
928	0		프렌드볼	미니브	주인장 928-0
929	0		프렌드볼	올리뇨	주인장 928-0
930	0		프렌드볼	올리르바	주인장 928-0
931	0		프렌드볼	시비꼬(그린)	주인장 931-0
931	1		루어볼	시비꼬(파란 )	주인장 931-1
931	2		레벨볼	시비꼬(노란 )	주인장 931-2
931	3		프리미어볼	시비꼬(하얀 )	주인장 931-3
932	0		레벨볼	베베솔트	주인장 932-0
933	0		레벨볼	스태솔트	주인장 932-0
934	0		레벨볼	콜로솔트	주인장 932-0
935	0		문볼	카르본	주인장 935-0
936	0		레벨볼	카디나르마	주인장(구성원) 935-0
937	0		문볼	파라블레이즈	주인장 935-0
938	0		레벨볼	빈나두	주인장 938-0
939	0		레벨볼	찌리배리	주인장 938-0
940	0		레벨볼	찌리비	주인장 940-0
941	0		레벨볼	찌리비크	주인장 940-0
942	0		문볼	오라티프	주인장 942-0
943	0		문볼	마피티프	주인장 942-0
944	0		문볼	땃쭈르	주인장 944-0
945	0		문볼	태깅구르	주인장 944-0
946	0		레벨볼	그푸리	주인장 946-0
947	0		레벨볼	공푸리	주인장 946-0
948	0		드림볼	들눈해	주인장 948-0
949	0		드림볼	육파리	주인장 948-0
950	0		다이브볼	절벼게	주인장 950-0
951	0		프렌드볼	캡싸이	주인장 951-0
952	0		프렌드볼	스코빌런	주인장 951-0
953	0		레벨볼	구르데	주인장 953-0
954	0		레벨볼	베라카스	주인장 953-0
955	0		문볼	하느라기	주인장 955-0
956	0		문볼	클레스퍼트라	주인장 955-0
957	0		러브러브볼	어리짱	주인장 957-0
958	0		러브러브볼	벼리짱	주인장 957-0
959	0		러브러브볼	두드리짱	주인장 957-0
960	0		헤비볼	바다그다	주인장 960-0
961	0		헤비볼	바닥트리오	주인장 960-0
962	0		타이머볼	떨구새	주인장 962-0
963	0		다이브볼	맨돌핀	주인장 963-0
964	0		다이브볼	돌핀맨(나이브)	주인장 963-0
965	0		레벨볼	부르롱	주인장 965-0
966	0		레벨볼	부르르룸	주인장 965-0
967	0		문볼	모토마	주인장 967-0
968	0		다이브볼	꿈트렁	주인장 968-0
969	0		울트라볼	초롱순	주인장 969-0
970	0		울트라볼	킬라플로르	주인장 969-0
971	0		레벨볼	망망이	주인장 971-0
972	0		레벨볼	묘두기	주인장 971-0
973	0		힐볼	꼬이밍고	주인장 973-0
974	0		럭셔리볼	터벅고래	주인장 974-0
975	0		럭셔리볼	우락고래	주인장 974-0
976	0		프렌드볼	가비루사	주인장 976-0
977	0		레벨볼	어써러셔	주인장 977-0
978	0		컴퍼티션볼	싸리용(젖힌 )	주인장 978-0
978	1		프리미어볼	싸리용(늘어진 )	주인장 978-1
978	2		스피드볼	싸리용(뻗은 )	주인장 978-2
979	0		헤비볼	저승갓숭	주인장 56-0
980	0		헤비볼	토오	주인장 194-1
981	0		드림볼	키키링	주인장 203-0
982	0		레벨볼	노고고치(두 마)	주인장 206-0
982	1		레벨볼	노고고치(세 마)	주인장 206-0
983	0		문볼	대도각참	주인장 624-0
984	0		사파리볼	위대한엄니	주인장 984-0
985	0		러브러브볼	우렁찬꼬리	주인장 985-0
986	0		다이브볼	사나운버섯	주인장 986-0
987	0		프렌드볼	날개치는머리	주인장 987-0
988	0		레벨볼	땅을기는날개	주인장 988-0
989	0		럭셔리볼	모래털가죽	주인장 989-0
990	0		컴퍼티션볼	무쇠바퀴	주인장 990-0
991	0		다이브볼	무쇠보따리	주인장 991-0
992	0		레벨볼	무쇠손	주인장 992-0
993	0		헤비볼	무쇠머리	주인장 993-0
994	0		레벨볼	무쇠독나방	주인장 994-0
995	0		헤비볼	무쇠가시	주인장 995-0
996	0		헤비볼	드니차	주인장 996-0
997	0		헤비볼	드니꽁	주인장 996-0
998	0		헤비볼	드닐레이브	주인장 996-0
999	0		럭셔리볼	모으령(상자)	주인장 999-0
1000	0		럭셔리볼	타부자고	주인장 999-0
1001	0		네스트볼	총지엔	주인장 1001-0
1002	0		다이브볼	파오젠	주인장 1002-0
1003	0		사파리볼	딩루	주인장 1003-0
1004	0		스피드볼	위유이	주인장 1004-0
1005	0		문볼	고동치는달	주인장 1005-0
1006	0		러브러브볼	무쇠무인	주인장 1006-0
1007	0		컴퍼티션볼	코라이돈(완전)	주인장 1007-0
1008	0		울트라볼	미라이돈(컴플리트)	주인장 1008-0
1009	0		다이브볼	굽이치는물결	주인장 1009-0
1010	0		프렌드볼	무쇠잎새	주인장 1010-0
1011	0		프렌드볼	과미르	주인장 840-0
1012	0		프렌드볼	차데스(가짜배기)	주인장 1012-0
1012	1		프렌드볼	차데스(알짜배기)	주인장 1012-1
1013	0		프렌드볼	그우린차(범작)	주인장 1012-0
1013	1		프렌드볼	그우린차(걸작)	주인장 1012-1
1014	0		다크볼	조타구	주인장 1014-0
1015	0		문볼	이야후	주인장 1015-0
1016	0		드림볼	기로치	주인장 1016-0
1017	0		프렌드볼	오거폰(벽록)	주인장 1017-0
1018	0		헤비볼	브리두라스	주인장 884-0
1019	0		프렌드볼	과미드라	주인장 840-0
1020	0		레벨볼	꿰뚫는화염	주인장 1020-0
1021	0		레벨볼	날뛰는우레	주인장 1021-0
1022	0		레벨볼	무쇠암석	주인장 1022-0
1023	0		문볼	무쇠감투	주인장 1023-0
1024	0		울트라볼	테라파고스(노말)	주인장 1024-0
1025	0		드림볼	복숭악동	주인장 1025-0
