번호	폼	이름	폼이름	출처	근거	지역	이로치	알가능	볼초안	볼출처	영문	영문폼	최종	버전	이로치배포	레이드기간
1	0	이상해씨		야생	7슬롯	팔데아	가능	가능	프렌드볼	소드 세이브	Bulbasaur		0			
2	0	이상해풀		진화	이상해씨 야생에서	팔데아	가능	가능	프렌드볼	소드 세이브	Ivysaur		0			
3	0	이상해꽃		진화	이상해씨 야생에서	팔데아	가능	가능	프렌드볼	소드 세이브	Venusaur		1			
4	0	파이리		야생	2슬롯	팔데아/블루베리	가능	가능	문볼	소드 세이브	Charmander		0			
5	0	리자드		진화	파이리 야생에서	팔데아/블루베리	가능	가능	문볼	소드 세이브	Charmeleon		0			
6	0	리자몽		진화	파이리 야생에서	팔데아/블루베리	가능	가능	문볼	소드 세이브	Charizard		1			
7	0	꼬부기		야생	5슬롯	팔데아	가능	가능	다이브볼	소드 세이브	Squirtle		0			
8	0	어니부기		진화	꼬부기 야생에서	팔데아	가능	가능	다이브볼	소드 세이브	Wartortle		0			
9	0	거북왕		진화	꼬부기 야생에서	팔데아	가능	가능	다이브볼	소드 세이브	Blastoise		1			
23	0	아보		야생	119슬롯	팔데아/기타카미	가능	가능	레벨볼	전국도감	Ekans		0			
24	0	아보크		야생	28슬롯	팔데아/기타카미	가능	가능	레벨볼	전국도감	Arbok		1			
25	0	피카츄	노말	야생	110슬롯	팔데아/기타카미	가능	가능	스피드볼	소드 세이브	Pikachu	Normal	0			
25	1	피카츄	오리지널캡	없음	이 게임에서 얻는 길 없음 (HOME 전용)				몬스터볼	전국도감	Pikachu	Original	1			
25	2	피카츄	호연캡	없음	이 게임에서 얻는 길 없음 (HOME 전용)				몬스터볼	전국도감	Pikachu	Hoenn	1			
25	3	피카츄	신오캡	없음	이 게임에서 얻는 길 없음 (HOME 전용)				몬스터볼	전국도감	Pikachu	Sinnoh	1			
25	4	피카츄	하나캡	없음	이 게임에서 얻는 길 없음 (HOME 전용)				몬스터볼	전국도감	Pikachu	Unova	1			
25	5	피카츄	칼로스캡	없음	이 게임에서 얻는 길 없음 (HOME 전용)				몬스터볼	전국도감	Pikachu	Kalos	1			
25	6	피카츄	알로라캡	없음	이 게임에서 얻는 길 없음 (HOME 전용)				몬스터볼	전국도감	Pikachu	Alola	1			
25	7	피카츄	너로정했다캡	없음	이 게임에서 얻는 길 없음 (HOME 전용)				몬스터볼	전국도감	Pikachu	Partner	1			
25	9	피카츄	월드캡	없음	이 게임에서 얻는 길 없음 (HOME 전용)						Pikachu	World	1			
26	0	라이츄	노말	야생	5슬롯	팔데아	가능	가능	스피드볼	소드 세이브	Raichu	Normal	1			
26	1	라이츄	알로라의 모습	없음	이 게임에서 얻는 길 없음 (HOME 전용)			가능	몬스터볼	소드 세이브	Raichu	Alola	1			
27	0	모래두지	노말	야생	57슬롯	팔데아/기타카미	가능	가능	레벨볼	소드 세이브	Sandshrew	Normal	0			
27	1	모래두지	알로라의 모습	야생	14슬롯	팔데아	가능	가능	다이브볼	소드 세이브	Sandshrew	Alola	0	바이올렛		
28	0	고지	노말	야생	36슬롯	팔데아/기타카미	가능	가능	레벨볼	소드 세이브	Sandslash	Normal	1			
28	1	고지	알로라의 모습	진화	모래두지 알로라의 모습 야생에서	팔데아	가능	가능	다이브볼	소드 세이브	Sandslash	Alola	1	바이올렛		
35	0	삐삐		야생	69슬롯	팔데아/기타카미	가능	가능	러브러브볼	소드 세이브	Clefairy		0			
36	0	픽시		진화	삐삐 야생에서	팔데아/기타카미	가능	가능	러브러브볼	소드 세이브	Clefable		1			
37	0	식스테일	노말	야생	164슬롯	팔데아/기타카미	가능	가능	문볼	소드 세이브	Vulpix	Normal	0			
37	1	식스테일	알로라의 모습	야생	14슬롯	팔데아	가능	가능	러브러브볼	소드 세이브	Vulpix	Alola	0			
38	0	나인테일	노말	진화	식스테일 야생에서	팔데아/기타카미	가능	가능	문볼	소드 세이브	Ninetales	Normal	1			
38	1	나인테일	알로라의 모습	진화	식스테일 알로라의 모습 야생에서	팔데아	가능	가능	러브러브볼	소드 세이브	Ninetales	Alola	1			
39	0	푸린		야생	19슬롯	팔데아	가능	가능	러브러브볼	소드 세이브	Jigglypuff		0			
40	0	푸크린		야생	11슬롯	팔데아	가능	가능	러브러브볼	소드 세이브	Wigglytuff		1			
43	0	뚜벅쵸		야생	4슬롯	팔데아	가능	가능	프렌드볼	소드 세이브	Oddish		0			
44	0	냄새꼬		야생	4슬롯	팔데아	가능	가능	프렌드볼	소드 세이브	Gloom		0			
45	0	라플레시아		야생	4슬롯	팔데아	가능	가능	프렌드볼	소드 세이브	Vileplume		1			
48	0	콘팡		야생	12슬롯	팔데아/블루베리	가능	가능	다이브볼	전국도감	Venonat		0			
49	0	도나리		야생	38슬롯	팔데아/블루베리	가능	가능	다이브볼	전국도감	Venomoth		1			
50	0	디그다	노말	야생	58슬롯	팔데아	가능	가능	헤비볼	소드 세이브	Diglett	Normal	0			
50	1	디그다	알로라의 모습	야생	4슬롯	팔데아	가능	가능	문볼	소드 세이브	Diglett	Alola	0			
51	0	닥트리오	노말	야생	71슬롯	팔데아	가능	가능	헤비볼	소드 세이브	Dugtrio	Normal	1			
51	1	닥트리오	알로라의 모습	야생	4슬롯	팔데아	가능	가능	문볼	소드 세이브	Dugtrio	Alola	1			
52	0	나옹	노말	야생	65슬롯	팔데아	가능	가능	럭셔리볼	소드 세이브	Meowth	Normal	0			
52	1	나옹	알로라의 모습	교환	게임 안 교환		가능	가능	문볼	소드 세이브	Meowth	Alola	0			
52	2	나옹	가라르의 모습	고정	오렌지 아카데미 이로치 불가		불가	가능	레벨볼	소드 세이브	Meowth	Galar	0			
53	0	페르시온	노말	야생	33슬롯	팔데아	가능	가능	럭셔리볼	소드 세이브	Persian	Normal	1			
53	1	페르시온	알로라의 모습	알	야생 없음, 나옹 알로라의 모습에서 알		가능	가능	문볼	소드 세이브	Persian	Alola	1			
54	0	고라파덕		야생	112슬롯	팔데아	가능	가능	루어볼	소드 세이브	Psyduck		0			
55	0	골덕		야생	59슬롯	팔데아	가능	가능	루어볼	소드 세이브	Golduck		1			
56	0	망키		야생	152슬롯	팔데아/기타카미	가능	가능	헤비볼	전국도감	Mankey		0			
57	0	성원숭		야생	101슬롯	팔데아/기타카미	가능	가능	헤비볼	전국도감	Primeape		0			
58	0	가디	노말	야생	160슬롯	팔데아/기타카미	가능	가능	레벨볼	소드 세이브	Growlithe	Normal	0			
58	1	가디	히스이의	고정	스이록마을 이로치 불가		불가	가능			Growlithe	Hisui	0			
59	0	윈디	노말	야생	8슬롯	팔데아	가능	가능	레벨볼	소드 세이브	Arcanine	Normal	1			
59	1	윈디	히스이의	진화(고정)	가디 히스이의 고정에서		불가	가능			Arcanine	Hisui	1			
60	0	발챙이		야생	63슬롯	기타카미/팔데아	가능	가능	프렌드볼	소드 세이브	Poliwag		0			
61	0	슈륙챙이		야생	28슬롯	기타카미/팔데아	가능	가능	프렌드볼	소드 세이브	Poliwhirl		0			
62	0	강챙이		진화	슈륙챙이 야생에서	기타카미/팔데아	가능	가능	프렌드볼	소드 세이브	Poliwrath		1			
69	0	모다피		야생	40슬롯	팔데아/기타카미	가능	가능	프렌드볼	전국도감	Bellsprout		0			
70	0	우츠동		야생	16슬롯	기타카미/팔데아	가능	가능	프렌드볼	전국도감	Weepinbell		0			
71	0	우츠보트		진화	우츠동 야생에서	기타카미/팔데아	가능	가능	프렌드볼	전국도감	Victreebel		1			
72	0	왕눈해		야생	8슬롯	팔데아	가능	가능	문볼	소드 세이브	Tentacool		0			
73	0	독파리		야생	8슬롯	팔데아	가능	가능	문볼	소드 세이브	Tentacruel		1			
74	0	꼬마돌	노말	야생	133슬롯	팔데아/기타카미	가능	가능	사파리볼	전국도감	Geodude	Normal	0			
74	1	꼬마돌	알로라의 모습	야생	20슬롯	팔데아	가능	가능	럭셔리볼	전국도감	Geodude	Alola	0			
75	0	데구리	노말	야생	84슬롯	팔데아/기타카미	가능	가능	사파리볼	전국도감	Graveler	Normal	0			
75	1	데구리	알로라의 모습	야생	20슬롯	팔데아	가능	가능	럭셔리볼	전국도감	Graveler	Alola	0			
76	0	딱구리	노말	진화	데구리 야생에서	팔데아/기타카미	가능	가능	사파리볼	전국도감	Golem	Normal	1			
76	1	딱구리	알로라의 모습	진화	데구리 알로라의 모습 야생에서	팔데아	가능	가능	럭셔리볼	전국도감	Golem	Alola	1			
79	0	야돈	노말	야생	51슬롯	팔데아	가능	가능	드림볼	소드 세이브	Slowpoke	Normal	0			
79	1	야돈	가라르의 모습	야생	5슬롯	팔데아	가능	가능	드림볼	소드 세이브	Slowpoke	Galar	0			
80	0	야도란	노말	야생	13슬롯	팔데아	가능	가능	드림볼	소드 세이브	Slowbro	Normal	1			
80	2	야도란	가라르의 모습	진화	야돈 가라르의 모습 야생에서	팔데아	가능	가능	드림볼	소드 세이브	Slowbro	Galar	1			
81	0	코일		야생	68슬롯	팔데아	가능	가능	헤비볼	소드 세이브	Magnemite		0			
82	0	레어코일		야생	52슬롯	팔데아	가능	가능	헤비볼	소드 세이브	Magneton		0			
84	0	두두		야생	7슬롯	팔데아/블루베리	가능	가능	사파리볼	전국도감	Doduo		0			
85	0	두트리오		야생	7슬롯	팔데아/블루베리	가능	가능	사파리볼	전국도감	Dodrio		1			
86	0	쥬쥬		야생	19슬롯	팔데아	가능	가능	프리미어볼	전국도감	Seel		0			
87	0	쥬레곤		야생	19슬롯	팔데아	가능	가능	프리미어볼	전국도감	Dewgong		1			
88	0	질퍽이	노말	야생	8슬롯	팔데아	가능	가능	프렌드볼	전국도감	Grimer	Normal	0			
88	1	질퍽이	알로라의 모습	야생	11슬롯	팔데아	가능	가능	드림볼	전국도감	Grimer	Alola	0			
89	0	질뻐기	노말	진화	질퍽이 야생에서	팔데아	가능	가능	프렌드볼	전국도감	Muk	Normal	1			
89	1	질뻐기	알로라의 모습	야생	11슬롯	팔데아	가능	가능	드림볼	전국도감	Muk	Alola	1			
90	0	셀러		야생	105슬롯	팔데아	가능	가능	헤비볼	소드 세이브	Shellder		0			
91	0	파르셀		야생	67슬롯	팔데아	가능	가능	헤비볼	소드 세이브	Cloyster		1			
92	0	고오스		야생	177슬롯	팔데아/기타카미	가능	가능	문볼	소드 세이브	Gastly		0			
93	0	고우스트		야생	61슬롯	팔데아/기타카미	가능	가능	문볼	소드 세이브	Haunter		0			
94	0	팬텀		야생	16슬롯	기타카미/팔데아	가능	가능	문볼	소드 세이브	Gengar		1			
96	0	슬리프		야생	3슬롯	팔데아	가능	가능	드림볼	전국도감	Drowzee		0			
97	0	슬리퍼		야생	13슬롯	팔데아	가능	가능	드림볼	전국도감	Hypno		1			
100	0	찌리리공	노말	야생	39슬롯	팔데아	가능	가능	다이브볼	전국도감	Voltorb	Normal	0			
100	1	찌리리공	히스이의	없음	이 게임에서 얻는 길 없음 (HOME 전용)			가능			Voltorb	Hisui	0			
101	0	붐볼	노말	야생	9슬롯	팔데아	가능	가능	다이브볼	전국도감	Electrode	Normal	1			
101	1	붐볼	히스이의	없음	이 게임에서 얻는 길 없음 (HOME 전용)			가능			Electrode	Hisui	1			
102	0	아라리		야생	13슬롯	팔데아/블루베리	가능	가능	레벨볼	소드 세이브	Exeggcute		0			
103	0	나시	노말	야생	2슬롯	팔데아	가능	가능	레벨볼	소드 세이브	Exeggutor	Normal	1			
103	1	나시	알로라의 모습	야생	11슬롯	팔데아	가능	가능	몬스터볼	소드 세이브	Exeggutor	Alola	1			
106	0	시라소몬		야생	1슬롯	팔데아	가능	가능	네스트볼	소드 세이브	Hitmonlee		1			
107	0	홍수몬		야생	1슬롯	팔데아	가능	가능	네스트볼	소드 세이브	Hitmonchan		1			
109	0	또가스		야생	31슬롯	팔데아/기타카미	가능	가능	드림볼	소드 세이브	Koffing		0			
110	0	또도가스	노말	진화	또가스 야생에서	팔데아/기타카미	가능	가능	드림볼	소드 세이브	Weezing	Normal	1			
110	1	또도가스	가라르의 모습	없음	이 게임에서 얻는 길 없음 (HOME 전용)			가능	드림볼	소드 세이브	Weezing	Galar	1			
111	0	뿔카노		야생	2슬롯	팔데아/블루베리	가능	가능	레벨볼	소드 세이브	Rhyhorn		0			
112	0	코뿌리		야생	1슬롯	팔데아	가능	가능	레벨볼	소드 세이브	Rhydon		0			
113	0	럭키		야생	110슬롯	팔데아/블루베리	가능	가능	프렌드볼	소드 세이브	Chansey		0			
116	0	쏘드라		야생	18슬롯	팔데아	가능	가능	드림볼	소드 세이브	Horsea		0			
117	0	시드라		야생	18슬롯	팔데아	가능	가능	드림볼	소드 세이브	Seadra		0			
123	0	스라크		야생	71슬롯	팔데아/블루베리	가능	가능	프렌드볼	소드 세이브	Scyther		0			
125	0	에레브		야생	20슬롯	팔데아	가능	가능	레벨볼	소드 세이브	Electabuzz		0			
126	0	마그마		야생	5슬롯	팔데아	가능	가능	드림볼	소드 세이브	Magmar		0			
128	0	켄타로스	노말	야생	2슬롯	팔데아	가능	가능	사파리볼	소드 세이브	Tauros	Normal	1			
128	1	켄타로스	팔데아 컴뱃	야생	29슬롯	팔데아	가능	가능			Tauros	Paldea Combat	1			
128	2	켄타로스	팔데아 블레이즈	야생	15슬롯	팔데아	가능	가능			Tauros	Paldea Blaze	1			
128	3	켄타로스	팔데아 워터	야생	15슬롯	팔데아	가능	가능			Tauros	Paldea Aqua	1	바이올렛		
129	0	잉어킹		야생	289슬롯	팔데아/기타카미	가능	가능	컴퍼티션볼	소드 세이브	Magikarp		0			
130	0	갸라도스		야생	171슬롯	팔데아/기타카미	가능	가능	컴퍼티션볼	소드 세이브	Gyarados		1			
131	0	라프라스		야생	9슬롯	팔데아	가능	가능	드림볼	소드 세이브	Lapras		1			
132	0	메타몽		야생	38슬롯	팔데아	가능	가능	다이브볼	소드 세이브	Ditto		1			
133	0	이브이		야생	16슬롯	팔데아	가능	가능	러브러브볼	소드 세이브	Eevee		0			
134	0	샤미드		야생	59슬롯	팔데아	가능	가능	드림볼	소드 세이브	Vaporeon		1			
135	0	쥬피썬더		야생	16슬롯	팔데아	가능	가능	프렌드볼	소드 세이브	Jolteon		1			
136	0	부스터		야생	48슬롯	팔데아	가능	가능	스피드볼	소드 세이브	Flareon		1			
137	0	폴리곤		야생	26슬롯	팔데아	가능	가능	울트라볼	소드 세이브	Porygon		0			
143	0	잠만보		진화	먹고자 야생에서	팔데아/기타카미	가능	가능	헤비볼	소드 세이브	Snorlax		1			
144	0	프리져	노말	고정	나페산 (1) 이로치 불가		불가		다이브볼	소드 세이브	Articuno	Normal	1			
144	1	프리져	가라르의 모습	없음	이 게임에서 얻는 길 없음 (HOME 전용)				다이브볼	소드 세이브	Articuno	Galar	1			
145	0	썬더	노말	고정	남부 에리어 1 이로치 불가		불가		레벨볼	소드 세이브	Zapdos	Normal	1			
145	1	썬더	가라르의 모습	없음	이 게임에서 얻는 길 없음 (HOME 전용)				레벨볼	소드 세이브	Zapdos	Galar	1			
146	0	파이어	노말	고정	로스트 사막 이로치 불가		불가		스피드볼	소드 세이브	Moltres	Normal	1			
146	1	파이어	가라르의 모습	없음	이 게임에서 얻는 길 없음 (HOME 전용)				스피드볼	소드 세이브	Moltres	Galar	1			
147	0	미뇽		야생	23슬롯	팔데아	가능	가능	프렌드볼	소드 세이브	Dratini		0			
148	0	신뇽		야생	13슬롯	팔데아	가능	가능	프렌드볼	소드 세이브	Dragonair		0			
149	0	망나뇽		진화	신뇽 야생에서	팔데아	가능	가능	프렌드볼	소드 세이브	Dragonite		1			
150	0	뮤츠		레이드	레이드에서만		가능		프렌드볼	소드 세이브	Mewtwo		1			2023-09-01~2023-09-18
151	0	뮤		없음	이 게임에서 얻는 길 없음 (HOME 전용)				몬스터볼	소드 세이브	Mew		1			
152	0	치코리타		야생	11슬롯	팔데아	가능	가능	프렌드볼	전국도감	Chikorita		0			
153	0	베이리프		진화	치코리타 야생에서	팔데아	가능	가능	프렌드볼	전국도감	Bayleef		0			
154	0	메가니움		진화	치코리타 야생에서	팔데아	가능	가능	프렌드볼	전국도감	Meganium		1			
155	0	브케인		야생	1슬롯	팔데아	가능	가능	레벨볼	전국도감	Cyndaquil		0			
156	0	마그케인		진화	브케인 야생에서	팔데아	가능	가능	레벨볼	전국도감	Quilava		0			
157	0	블레이범	노말	진화	브케인 야생에서	팔데아	가능	가능	레벨볼	전국도감	Typhlosion	Normal	1			
157	1	블레이범	히스이의	레이드	레이드에서만		가능	가능			Typhlosion	Hisui	1			2023-11-03~2023-11-06;2023-11-10~2023-11-13
158	0	리아코		야생	1슬롯	팔데아	가능	가능	루어볼	전국도감	Totodile		0			
159	0	엘리게이		진화	리아코 야생에서	팔데아	가능	가능	루어볼	전국도감	Croconaw		0			
160	0	장크로다일		진화	리아코 야생에서	팔데아	가능	가능	루어볼	전국도감	Feraligatr		1			
161	0	꼬리선		야생	135슬롯	팔데아/기타카미	가능	가능	러브러브볼	전국도감	Sentret		0			
162	0	다꼬리		야생	99슬롯	기타카미/팔데아	가능	가능	러브러브볼	전국도감	Furret		1			
163	0	부우부		야생	330슬롯	팔데아/기타카미	가능	가능	레벨볼	소드 세이브	Hoothoot		0			
164	0	야부엉		야생	250슬롯	팔데아/기타카미	가능	가능	레벨볼	소드 세이브	Noctowl		1			
167	0	페이검		야생	151슬롯	팔데아/기타카미	가능	가능	드림볼	전국도감	Spinarak		0			
168	0	아리아도스		야생	67슬롯	기타카미/팔데아	가능	가능	드림볼	전국도감	Ariados		1			
170	0	초라기		야생	5슬롯	팔데아	가능	가능	루어볼	소드 세이브	Chinchou		0			
171	0	랜턴		야생	5슬롯	팔데아	가능	가능	루어볼	소드 세이브	Lanturn		1			
172	0	피츄		야생	107슬롯	팔데아/기타카미	가능		스피드볼	소드 세이브	Pichu		0			
173	0	삐		야생	69슬롯	팔데아/기타카미	가능		러브러브볼	소드 세이브	Cleffa		0			
174	0	푸푸린		야생	14슬롯	팔데아	가능		러브러브볼	소드 세이브	Igglybuff		0			
179	0	메리프		야생	33슬롯	팔데아	가능	가능	드림볼	전국도감	Mareep		0			
180	0	보송송		야생	20슬롯	팔데아	가능	가능	드림볼	전국도감	Flaaffy		0			
181	0	전룡		야생	21슬롯	팔데아	가능	가능	드림볼	전국도감	Ampharos		1			
182	0	아르코		야생	8슬롯	팔데아	가능	가능	드림볼	소드 세이브	Bellossom		1			
183	0	마릴		야생	66슬롯	팔데아	가능	가능	레벨볼	소드 세이브	Marill		0			
184	0	마릴리		야생	20슬롯	팔데아	가능	가능	레벨볼	소드 세이브	Azumarill		1			
185	0	꼬지모		야생	103슬롯	팔데아/기타카미	가능	가능	레벨볼	소드 세이브	Sudowoodo		1			
186	0	왕구리		진화	슈륙챙이 야생에서	기타카미/팔데아	가능	가능	드림볼	소드 세이브	Politoed		1			
187	0	통통코		야생	99슬롯	팔데아	가능	가능	드림볼	전국도감	Hoppip		0			
188	0	두코		야생	29슬롯	팔데아	가능	가능	드림볼	전국도감	Skiploom		0			
189	0	솜솜코		야생	49슬롯	팔데아	가능	가능	드림볼	전국도감	Jumpluff		1			
190	0	에이팜		야생	133슬롯	팔데아/기타카미	가능	가능	러브러브볼	전국도감	Aipom		0	바이올렛		
191	0	해너츠		야생	12슬롯	팔데아	가능	가능	프렌드볼	전국도감	Sunkern		0			
192	0	해루미		야생	20슬롯	팔데아	가능	가능	프렌드볼	전국도감	Sunflora		1			
193	0	왕자리		야생	115슬롯	팔데아/기타카미	가능	가능	문볼	전국도감	Yanma		0			
194	0	우파	노말	야생	131슬롯	팔데아/기타카미	가능	가능	드림볼	소드 세이브	Wooper	Normal	0			
194	1	우파	팔데아	야생	26슬롯	팔데아	가능	가능			Wooper	Paldea	0			
195	0	누오		야생	60슬롯	팔데아/기타카미	가능	가능	드림볼	소드 세이브	Quagsire		1			
196	0	에브이		야생	26슬롯	팔데아	가능	가능	프렌드볼	소드 세이브	Espeon		1			
197	0	블래키		야생	38슬롯	팔데아	가능	가능	문볼	소드 세이브	Umbreon		1			
198	0	니로우		야생	170슬롯	팔데아	가능	가능	드림볼	전국도감	Murkrow		0			
199	0	야도킹	노말	진화	야돈 야생에서	팔데아	가능	가능	드림볼	소드 세이브	Slowking	Normal	1			
199	1	야도킹	가라르의 모습	진화	야돈 가라르의 모습 야생에서	팔데아	가능	가능	드림볼	소드 세이브	Slowking	Galar	1			
200	0	무우마		야생	105슬롯	팔데아	가능	가능	레벨볼	전국도감	Misdreavus		0	바이올렛		
203	0	키링키		야생	50슬롯	팔데아	가능	가능	드림볼	전국도감	Girafarig		0			
204	0	피콘		야생	31슬롯	팔데아	가능	가능	레벨볼	전국도감	Pineco		0			
205	0	쏘콘		야생	4슬롯	팔데아	가능	가능	레벨볼	전국도감	Forretress		1			
206	0	노고치		야생	188슬롯	팔데아/기타카미	가능	가능	레벨볼	소드 세이브	Dunsparce		0			
207	0	글라이거		야생	89슬롯	팔데아/기타카미	가능	가능	문볼	전국도감	Gligar		0			
209	0	블루		야생	14슬롯	팔데아	가능	가능	드림볼	전국도감	Snubbull		0			
210	0	그랑블루		야생	14슬롯	팔데아	가능	가능	드림볼	전국도감	Granbull		1			
211	0	침바루	노말	야생	105슬롯	팔데아	가능	가능	드림볼	소드 세이브	Qwilfish	Normal	1			
211	1	침바루	히스이의	야생	9슬롯	팔데아	가능	가능			Qwilfish	Hisui	0			
212	0	핫삼		야생	21슬롯	팔데아	가능	가능	프렌드볼	소드 세이브	Scizor		1			
214	0	헤라크로스		야생	78슬롯	팔데아/기타카미	가능	가능	드림볼	소드 세이브	Heracross		1			
215	0	포푸니	노말	야생	66슬롯	팔데아/기타카미	가능	가능	드림볼	소드 세이브	Sneasel	Normal	0			
215	1	포푸니	히스이의	없음	이 게임에서 얻는 길 없음 (HOME 전용)			가능			Sneasel	Hisui	0			
216	0	깜지곰		야생	41슬롯	팔데아	가능	가능	문볼	전국도감	Teddiursa		0			
217	0	링곰		야생	38슬롯	팔데아	가능	가능	문볼	전국도감	Ursaring		1			
218	0	마그마그		야생	53슬롯	팔데아/기타카미	가능	가능	드림볼	전국도감	Slugma		0			
219	0	마그카르고		진화	마그마그 야생에서	팔데아/기타카미	가능	가능	드림볼	전국도감	Magcargo		1			
220	0	꾸꾸리		야생	126슬롯	팔데아/기타카미	가능	가능	프렌드볼	소드 세이브	Swinub		0			
221	0	메꾸리		야생	6슬롯	팔데아	가능	가능	프렌드볼	소드 세이브	Piloswine		0			
225	0	딜리버드		야생	18슬롯	팔데아	가능	가능	드림볼	소드 세이브	Delibird		1			
227	0	무장조		야생	1슬롯	팔데아	가능	가능	프렌드볼	소드 세이브	Skarmory		1			
228	0	델빌		야생	138슬롯	팔데아/기타카미	가능	가능	문볼	전국도감	Houndour		0			
229	0	헬가		야생	74슬롯	팔데아/기타카미	가능	가능	문볼	전국도감	Houndoom		1			
230	0	킹드라		진화	시드라 야생에서	팔데아	가능	가능	드림볼	소드 세이브	Kingdra		1			
231	0	코코리		야생	87슬롯	팔데아	가능	가능	레벨볼	전국도감	Phanpy		0			
232	0	코리갑		야생	50슬롯	팔데아	가능	가능	레벨볼	전국도감	Donphan		1			
233	0	폴리곤2		진화	폴리곤 야생에서	팔데아	가능	가능	울트라볼	소드 세이브	Porygon2		0			
234	0	노라키		야생	89슬롯	팔데아/기타카미	가능	가능	프렌드볼	전국도감	Stantler		1			
235	0	루브도		야생	51슬롯	팔데아/블루베리	가능	가능	레벨볼	전국도감	Smeargle		1			
236	0	배루키		야생	20슬롯	팔데아	가능		네스트볼	소드 세이브	Tyrogue		0			
237	0	카포에라		야생	1슬롯	팔데아	가능	가능	드림볼	소드 세이브	Hitmontop		1			
239	0	에레키드		야생	20슬롯	팔데아	가능		레벨볼	소드 세이브	Elekid		0			
240	0	마그비		야생	5슬롯	팔데아	가능		드림볼	소드 세이브	Magby		0			
242	0	해피너스		야생	18슬롯	팔데아	가능	가능	러브러브볼	소드 세이브	Blissey		1			
243	0	라이코		고정	서부 에리어 1 (1) 이로치 불가		불가		레벨볼	소드 세이브	Raikou		1			
244	0	앤테이		고정	동부 에리어 3 이로치 불가		불가		럭셔리볼	소드 세이브	Entei		1			
245	0	스이쿤		고정	오야 호수 (1) 이로치 불가		불가		다이브볼	소드 세이브	Suicune		1			
246	0	애버라스		야생	82슬롯	팔데아	가능	가능	사파리볼	소드 세이브	Larvitar		0			
247	0	데기라스		야생	6슬롯	팔데아	가능	가능	사파리볼	소드 세이브	Pupitar		0			
248	0	마기라스		진화	데기라스 야생에서	팔데아	가능	가능	사파리볼	소드 세이브	Tyranitar		1			
249	0	루기아		고정	북팔데아해 이로치 불가		불가		러브러브볼	소드 세이브	Lugia		1			
250	0	칠색조		고정	남부 에리어 4 이로치 불가		불가		레벨볼	소드 세이브	Ho-Oh		1			
252	0	나무지기		야생	1슬롯	팔데아	가능	가능	문볼	소드 세이브	Treecko		0			
253	0	나무돌이		진화	나무지기 야생에서	팔데아	가능	가능	문볼	소드 세이브	Grovyle		0			
254	0	나무킹		진화	나무지기 야생에서	팔데아	가능	가능	문볼	소드 세이브	Sceptile		1			
255	0	아차모		야생	1슬롯	팔데아	가능	가능	스피드볼	소드 세이브	Torchic		0			
256	0	영치코		진화	아차모 야생에서	팔데아	가능	가능	스피드볼	소드 세이브	Combusken		0			
257	0	번치코		진화	아차모 야생에서	팔데아	가능	가능	스피드볼	소드 세이브	Blaziken		1			
258	0	물짱이		야생	4슬롯	팔데아	가능	가능	드림볼	소드 세이브	Mudkip		0			
259	0	늪짱이		진화	물짱이 야생에서	팔데아	가능	가능	드림볼	소드 세이브	Marshtomp		0			
260	0	대짱이		진화	물짱이 야생에서	팔데아	가능	가능	드림볼	소드 세이브	Swampert		1			
261	0	포챠나		야생	93슬롯	팔데아/기타카미	가능	가능	레벨볼	전국도감	Poochyena		0			
262	0	그라에나		야생	86슬롯	팔데아/기타카미	가능	가능	레벨볼	전국도감	Mightyena		1			
270	0	연꽃몬		야생	110슬롯	팔데아/기타카미	가능	가능	프렌드볼	소드 세이브	Lotad		0			
271	0	로토스		야생	94슬롯	팔데아/기타카미	가능	가능	프렌드볼	소드 세이브	Lombre		0			
272	0	로파파		진화	로토스 야생에서	팔데아/기타카미	가능	가능	프렌드볼	소드 세이브	Ludicolo		1			
273	0	도토링		야생	113슬롯	팔데아/기타카미	가능	가능	프렌드볼	소드 세이브	Seedot		0			
274	0	잎새코		야생	90슬롯	팔데아/기타카미	가능	가능	프렌드볼	소드 세이브	Nuzleaf		0			
275	0	다탱구		진화	잎새코 야생에서	팔데아/기타카미	가능	가능	프렌드볼	소드 세이브	Shiftry		1			
278	0	갈모매		야생	64슬롯	팔데아	가능	가능	프렌드볼	소드 세이브	Wingull		0			
279	0	패리퍼		야생	28슬롯	팔데아	가능	가능	프렌드볼	소드 세이브	Pelipper		1			
280	0	랄토스		야생	146슬롯	팔데아/기타카미	가능	가능	문볼	소드 세이브	Ralts		0			
281	0	킬리아		야생	105슬롯	팔데아/기타카미	가능	가능	러브러브볼	소드 세이브	Kirlia		0			
282	0	가디안		야생	47슬롯	팔데아/기타카미	가능	가능	러브러브볼	소드 세이브	Gardevoir		1			
283	0	비구술		야생	91슬롯	팔데아/기타카미	가능	가능	프렌드볼	전국도감	Surskit		0			
284	0	비나방		야생	28슬롯	팔데아/기타카미	가능	가능	프렌드볼	전국도감	Masquerain		1			
285	0	버섯꼬		야생	38슬롯	팔데아	가능	가능	스피드볼	전국도감	Shroomish		0			
286	0	버섯모		야생	13슬롯	팔데아	가능	가능	스피드볼	전국도감	Breloom		1			
287	0	게을로		야생	29슬롯	팔데아	가능	가능	사파리볼	전국도감	Slakoth		0			
288	0	발바로		야생	59슬롯	팔데아	가능	가능	사파리볼	전국도감	Vigoroth		0			
289	0	게을킹		야생	6슬롯	팔데아	가능	가능	사파리볼	전국도감	Slaking		1			
296	0	마크탕		야생	187슬롯	팔데아	가능	가능	드림볼	전국도감	Makuhita		0			
297	0	하리뭉		야생	83슬롯	팔데아	가능	가능	드림볼	전국도감	Hariyama		1			
298	0	루리리		야생	21슬롯	팔데아	가능		레벨볼	소드 세이브	Azurill		0			
299	0	코코파스		야생	52슬롯	팔데아/기타카미	가능	가능	레벨볼	전국도감	Nosepass		0			
302	0	깜까미		야생	69슬롯	팔데아	가능	가능	사파리볼	소드 세이브	Sableye		1			
307	0	요가랑		야생	24슬롯	팔데아	가능	가능	문볼	전국도감	Meditite		0			
308	0	요가램		야생	10슬롯	팔데아	가능	가능	문볼	전국도감	Medicham		1			
311	0	플러시		야생	17슬롯	팔데아	가능	가능	스피드볼	전국도감	Plusle		1			
312	0	마이농		야생	17슬롯	팔데아	가능	가능	프렌드볼	전국도감	Minun		1			
313	0	볼비트		야생	150슬롯	팔데아/기타카미	가능	가능	네트볼	전국도감	Volbeat		1			
314	0	네오비트		야생	150슬롯	팔데아/기타카미	가능	가능	네트볼	전국도감	Illumise		1			
316	0	꼴깍몬		야생	28슬롯	팔데아	가능	가능	문볼	전국도감	Gulpin		0	바이올렛		
317	0	꿀꺽몬		야생	13슬롯	팔데아	가능	가능	문볼	전국도감	Swalot		1	바이올렛		
322	0	둔타		야생	57슬롯	팔데아	가능	가능	문볼	전국도감	Numel		0			
323	0	폭타		야생	39슬롯	팔데아	가능	가능	문볼	전국도감	Camerupt		1			
324	0	코터스		야생	33슬롯	팔데아	가능	가능	스피드볼	소드 세이브	Torkoal		1			
325	0	피그점프		야생	125슬롯	팔데아/기타카미	가능	가능	문볼	전국도감	Spoink		0			
326	0	피그킹		야생	42슬롯	팔데아	가능	가능	문볼	전국도감	Grumpig		1			
328	0	톱치		야생	12슬롯	팔데아/블루베리	가능	가능	프렌드볼	소드 세이브	Trapinch		0			
329	0	비브라바		야생	12슬롯	팔데아/블루베리	가능	가능	프렌드볼	소드 세이브	Vibrava		0			
330	0	플라이곤		야생	12슬롯	팔데아/블루베리	가능	가능	프렌드볼	소드 세이브	Flygon		1			
331	0	선인왕		야생	7슬롯	팔데아	가능	가능	사파리볼	전국도감	Cacnea		0			
332	0	밤선인		진화	선인왕 야생에서	팔데아	가능	가능	사파리볼	전국도감	Cacturne		1			
333	0	파비코		야생	86슬롯	팔데아	가능	가능	레벨볼	소드 세이브	Swablu		0			
334	0	파비코리		야생	51슬롯	팔데아	가능	가능	레벨볼	소드 세이브	Altaria		1			
335	0	쟝고		야생	30슬롯	팔데아	가능	가능	다이브볼	전국도감	Zangoose		1			
336	0	세비퍼		야생	30슬롯	팔데아	가능	가능	다크볼	전국도감	Seviper		1			
339	0	미꾸리		야생	54슬롯	팔데아/기타카미	가능	가능	루어볼	소드 세이브	Barboach		0			
340	0	메깅		야생	38슬롯	팔데아/기타카미	가능	가능	루어볼	소드 세이브	Whiscash		1			
341	0	가재군		야생	77슬롯	기타카미/팔데아	가능	가능	레벨볼	소드 세이브	Corphish		0			
342	0	가재장군		야생	14슬롯	기타카미/팔데아	가능	가능	레벨볼	소드 세이브	Crawdaunt		1			
349	0	빈티나		야생	18슬롯	팔데아	가능	가능	러브러브볼	소드 세이브	Feebas		0			
350	0	밀로틱		진화	빈티나 야생에서	팔데아	가능	가능	러브러브볼	소드 세이브	Milotic		1			
353	0	어둠대신		야생	24슬롯	팔데아	가능	가능	문볼	전국도감	Shuppet		0			
354	0	다크펫		야생	9슬롯	팔데아	가능	가능	문볼	전국도감	Banette		1			
355	0	해골몽		야생	117슬롯	팔데아/기타카미	가능	가능	컴퍼티션볼	소드 세이브	Duskull		0			
356	0	미라몽		야생	30슬롯	팔데아/기타카미	가능	가능	컴퍼티션볼	소드 세이브	Dusclops		0			
357	0	트로피우스		야생	40슬롯	팔데아	가능	가능	프렌드볼	전국도감	Tropius		1			
358	0	치렁		야생	22슬롯	팔데아	가능	가능	레벨볼	전국도감	Chimecho		1			
361	0	눈꼬마		야생	55슬롯	팔데아	가능	가능	프리미어볼	소드 세이브	Snorunt		0			
362	0	얼음귀신		야생	16슬롯	팔데아	가능	가능	프리미어볼	소드 세이브	Glalie		1			
370	0	사랑동이		야생	76슬롯	팔데아	가능	가능	러브러브볼	전국도감	Luvdisc		1			
371	0	아공이		야생	82슬롯	팔데아	가능	가능	프렌드볼	소드 세이브	Bagon		0	바이올렛		
372	0	쉘곤		야생	6슬롯	팔데아	가능	가능	프렌드볼	소드 세이브	Shelgon		0	바이올렛		
373	0	보만다		진화	쉘곤 야생에서	팔데아	가능	가능	프렌드볼	소드 세이브	Salamence		1	바이올렛		
374	0	메탕		야생	21슬롯	팔데아	가능	가능	헤비볼	소드 세이브	Beldum		0			
375	0	메탕구		야생	21슬롯	팔데아	가능	가능	헤비볼	소드 세이브	Metang		0			
376	0	메타그로스		진화	메탕구 야생에서	팔데아	가능	가능	헤비볼	소드 세이브	Metagross		1			
377	0	레지락		없음	이 게임에서 얻는 길 없음 (HOME 전용)				사파리볼	소드 세이브	Regirock		1			
378	0	레지아이스		없음	이 게임에서 얻는 길 없음 (HOME 전용)				다이브볼	소드 세이브	Regice		1			
379	0	레지스틸		없음	이 게임에서 얻는 길 없음 (HOME 전용)				헤비볼	소드 세이브	Registeel		1			
380	0	라티아스		고정	남부 에리어 4 이로치 불가		불가		레벨볼	소드 세이브	Latias		1			
381	0	라티오스		고정	북부 에리어 2 이로치 불가		불가		프렌드볼	소드 세이브	Latios		1			
382	0	가이오가		고정	오야 호수 (1) 이로치 불가		불가		드림볼	소드 세이브	Kyogre		1			
383	0	그란돈		고정	베이크 공동 이로치 불가		불가		레벨볼	소드 세이브	Groudon		1			
384	0	레쿠쟈		고정	팔데아의 대공 이로치 불가		불가		럭셔리볼	소드 세이브	Rayquaza		1			
385	0	지라치		없음	이 게임에서 얻는 길 없음 (HOME 전용)				프레셔스볼	소드 세이브	Jirachi		1			
386	0	테오키스	노말	없음	이 게임에서 얻는 길 없음 (HOME 전용)				몬스터볼	전국도감	Deoxys	Normal	1			
386	1	테오키스	어택폼	없음	이 게임에서 얻는 길 없음 (HOME 전용)						Deoxys	Attack	1			
386	2	테오키스	디펜스폼	없음	이 게임에서 얻는 길 없음 (HOME 전용)						Deoxys	Defense	1			
386	3	테오키스	스피드폼	없음	이 게임에서 얻는 길 없음 (HOME 전용)						Deoxys	Speed	1			
387	0	모부기		야생	11슬롯	팔데아	가능	가능	프렌드볼	전국도감	Turtwig		0			
388	0	수풀부기		진화	모부기 야생에서	팔데아	가능	가능	프렌드볼	전국도감	Grotle		0			
389	0	토대부기		진화	모부기 야생에서	팔데아	가능	가능	프렌드볼	전국도감	Torterra		1			
390	0	불꽃숭이		야생	14슬롯	팔데아	가능	가능	스피드볼	전국도감	Chimchar		0			
391	0	파이숭이		진화	불꽃숭이 야생에서	팔데아	가능	가능	스피드볼	전국도감	Monferno		0			
392	0	초염몽		진화	불꽃숭이 야생에서	팔데아	가능	가능	스피드볼	전국도감	Infernape		1			
393	0	팽도리		야생	19슬롯	팔데아	가능	가능	다이브볼	전국도감	Piplup		0			
394	0	팽태자		진화	팽도리 야생에서	팔데아	가능	가능	다이브볼	전국도감	Prinplup		0			
395	0	엠페르트		진화	팽도리 야생에서	팔데아	가능	가능	다이브볼	전국도감	Empoleon		1			
396	0	찌르꼬		야생	146슬롯	팔데아/기타카미	가능	가능	문볼	전국도감	Starly		0			
397	0	찌르버드		야생	99슬롯	팔데아/기타카미	가능	가능	문볼	전국도감	Staravia		0			
398	0	찌르호크		야생	45슬롯	팔데아/기타카미	가능	가능	문볼	전국도감	Staraptor		1			
401	0	귀뚤뚜기		야생	57슬롯	팔데아/기타카미	가능	가능	레벨볼	전국도감	Kricketot		0			
402	0	귀뚤톡크		야생	53슬롯	팔데아/기타카미	가능	가능	레벨볼	전국도감	Kricketune		1			
403	0	꼬링크		야생	111슬롯	팔데아/기타카미	가능	가능	레벨볼	소드 세이브	Shinx		0			
404	0	럭시오		야생	102슬롯	팔데아/기타카미	가능	가능	레벨볼	소드 세이브	Luxio		0			
405	0	렌트라		야생	58슬롯	팔데아/기타카미	가능	가능	레벨볼	소드 세이브	Luxray		1			
408	0	두개도스		야생	1슬롯	팔데아	가능	가능	타이머볼	전국도감	Cranidos		0			
409	0	램펄드		진화	두개도스 야생에서	팔데아	가능	가능	타이머볼	전국도감	Rampardos		1			
410	0	방패톱스		야생	1슬롯	팔데아	가능	가능	럭셔리볼	전국도감	Shieldon		0	바이올렛		
411	0	바리톱스		진화	방패톱스 야생에서	팔데아	가능	가능	럭셔리볼	전국도감	Bastiodon		1	바이올렛		
415	0	세꿀버리		야생	51슬롯	팔데아	가능	가능	컴퍼티션볼	소드 세이브	Combee		0			
416	0	비퀸		야생	26슬롯	팔데아	가능	가능	컴퍼티션볼	소드 세이브	Vespiquen		1			
417	0	파치리스		야생	108슬롯	팔데아/기타카미	가능	가능	힐볼	전국도감	Pachirisu		1			
418	0	브이젤		야생	226슬롯	팔데아	가능	가능	레벨볼	전국도감	Buizel		0			
419	0	플로젤		야생	111슬롯	팔데아	가능	가능	레벨볼	전국도감	Floatzel		1			
422	0	깝질무	서쪽바다	야생	3슬롯	팔데아	가능	가능	러브러브볼	소드 세이브	Shellos	West	0			
422	1	깝질무	동쪽바다	야생	9슬롯	팔데아	가능	가능	프렌드볼	소드 세이브	Shellos	East	0			
423	0	트리토돈	서쪽바다	야생	2슬롯	팔데아	가능	가능	러브러브볼	소드 세이브	Gastrodon	West	1			
423	1	트리토돈	동쪽바다	야생	3슬롯	팔데아	가능	가능	프렌드볼	소드 세이브	Gastrodon	East	1			
424	0	겟핸보숭		진화	에이팜 야생에서	팔데아/기타카미	가능	가능	러브러브볼	전국도감	Ambipom		1	바이올렛		
425	0	흔들풍손		야생	113슬롯	팔데아	가능	가능	퀵볼	소드 세이브	Drifloon		0			
426	0	둥실라이드		야생	59슬롯	팔데아	가능	가능	퀵볼	소드 세이브	Drifblim		1			
429	0	무우마직		야생	29슬롯	팔데아	가능	가능	레벨볼	전국도감	Mismagius		1	바이올렛		
430	0	돈크로우		야생	78슬롯	팔데아	가능	가능	드림볼	전국도감	Honchkrow		1			
433	0	랑딸랑		야생	54슬롯	팔데아/기타카미	가능		레벨볼	전국도감	Chingling		0			
434	0	스컹뿡		야생	32슬롯	팔데아	가능	가능	컴퍼티션볼	소드 세이브	Stunky		0			
435	0	스컹탱크		야생	13슬롯	팔데아	가능	가능	컴퍼티션볼	소드 세이브	Skuntank		1			
436	0	동미러		야생	112슬롯	팔데아/기타카미	가능	가능	프렌드볼	소드 세이브	Bronzor		0			
437	0	동탁군		야생	46슬롯	팔데아	가능	가능	프렌드볼	소드 세이브	Bronzong		1			
438	0	꼬지지		야생	82슬롯	팔데아/기타카미	가능		레벨볼	소드 세이브	Bonsly		0			
440	0	핑복		야생	36슬롯	팔데아	가능		러브러브볼	소드 세이브	Happiny		0			
442	0	화강돌		고정	고정 심볼		가능	가능	루어볼	소드 세이브	Spiritomb		1			
443	0	딥상어동		야생	89슬롯	팔데아	가능	가능	문볼	소드 세이브	Gible		0			
444	0	한바이트		야생	57슬롯	팔데아	가능	가능	문볼	소드 세이브	Gabite		0			
445	0	한카리아스		진화	한바이트 야생에서	팔데아	가능	가능	문볼	소드 세이브	Garchomp		1			
446	0	먹고자		야생	115슬롯	팔데아/기타카미	가능		헤비볼	소드 세이브	Munchlax		0			
447	0	리오르		야생	190슬롯	팔데아/기타카미	가능		레벨볼	소드 세이브	Riolu		0			
448	0	루카리오		야생	63슬롯	팔데아/기타카미	가능	가능	레벨볼	소드 세이브	Lucario		1			
449	0	히포포타스		야생	6슬롯	팔데아	가능	가능	헤비볼	소드 세이브	Hippopotas		0			
450	0	하마돈		진화	히포포타스 야생에서	팔데아	가능	가능	헤비볼	소드 세이브	Hippowdon		1			
453	0	삐딱구리		야생	23슬롯	팔데아	가능	가능	문볼	소드 세이브	Croagunk		0			
454	0	독개굴		야생	13슬롯	팔데아	가능	가능	문볼	소드 세이브	Toxicroak		1			
456	0	형광어		야생	54슬롯	팔데아	가능	가능	레벨볼	전국도감	Finneon		0			
457	0	네오라이트		야생	50슬롯	팔데아	가능	가능	레벨볼	전국도감	Lumineon		1			
459	0	눈쓰개		야생	28슬롯	팔데아	가능	가능	다이브볼	소드 세이브	Snover		0			
460	0	눈설왕		야생	24슬롯	팔데아	가능	가능	다이브볼	소드 세이브	Abomasnow		1			
461	0	포푸니라		야생	4슬롯	팔데아	가능	가능	드림볼	소드 세이브	Weavile		1			
462	0	자포코일		진화	레어코일 야생에서	팔데아	가능	가능	헤비볼	소드 세이브	Magnezone		1			
464	0	거대코뿌리		진화	코뿌리 야생에서	팔데아	가능	가능	레벨볼	소드 세이브	Rhyperior		1			
466	0	에레키블		진화	에레브 야생에서	팔데아	가능	가능	레벨볼	소드 세이브	Electivire		1			
467	0	마그마번		진화	마그마 야생에서	팔데아	가능	가능	드림볼	소드 세이브	Magmortar		1			
469	0	메가자리		진화	왕자리 야생에서	팔데아/기타카미	가능	가능	문볼	전국도감	Yanmega		1			
470	0	리피아		야생	16슬롯	팔데아	가능	가능	프렌드볼	소드 세이브	Leafeon		1			
471	0	글레이시아		야생	30슬롯	팔데아	가능	가능	다이브볼	소드 세이브	Glaceon		1			
472	0	글라이온		진화	글라이거 야생에서	팔데아/기타카미	가능	가능	문볼	전국도감	Gliscor		1			
473	0	맘모꾸리		진화	메꾸리 야생에서	팔데아	가능	가능	프렌드볼	소드 세이브	Mamoswine		1			
474	0	폴리곤Z		진화	폴리곤 야생에서	팔데아	가능	가능	울트라볼	소드 세이브	Porygon-Z		1			
475	0	엘레이드		야생	90슬롯	팔데아/기타카미	가능	가능	문볼	소드 세이브	Gallade		1			
476	0	대코파스		진화	코코파스 야생에서	팔데아/기타카미	가능	가능	레벨볼	전국도감	Probopass		1			
477	0	야느와르몽		진화	미라몽 야생에서	팔데아/기타카미	가능	가능	럭셔리볼	소드 세이브	Dusknoir		1			
478	0	눈여아		야생	27슬롯	팔데아	가능	가능	러브러브볼	소드 세이브	Froslass		1			
479	0	로토무	노말	야생	32슬롯	팔데아	가능	가능	스피드볼	소드 세이브	Rotom	Normal	1			
479	1	로토무	히트로토무	없음	이 게임에서 얻는 길 없음 (HOME 전용)			가능	스피드볼	소드 세이브	Rotom	Heat	1			
479	2	로토무	워시로토무	없음	이 게임에서 얻는 길 없음 (HOME 전용)			가능	스피드볼	소드 세이브	Rotom	Wash	1			
479	3	로토무	프로스트로토무	없음	이 게임에서 얻는 길 없음 (HOME 전용)			가능	스피드볼	소드 세이브	Rotom	Frost	1			
479	4	로토무	스핀로토무	없음	이 게임에서 얻는 길 없음 (HOME 전용)			가능	스피드볼	소드 세이브	Rotom	Fan	1			
479	5	로토무	커트로토무	없음	이 게임에서 얻는 길 없음 (HOME 전용)			가능	스피드볼	소드 세이브	Rotom	Mow	1			
480	0	유크시		없음	이 게임에서 얻는 길 없음 (HOME 전용)				레벨볼	소드 세이브	Uxie		1			
481	0	엠라이트		없음	이 게임에서 얻는 길 없음 (HOME 전용)				러브러브볼	소드 세이브	Mesprit		1			
482	0	아그놈		없음	이 게임에서 얻는 길 없음 (HOME 전용)				루어볼	소드 세이브	Azelf		1			
483	0	디아루가	노말	레이드	레이드에서만		가능		타이머볼	소드 세이브	Dialga	Normal	1			2023-12-08~2023-12-22
483	1	디아루가	오리진폼	없음	이 게임에서 얻는 길 없음 (HOME 전용)						Dialga	Origin	1			
484	0	펄기아	노말	레이드	레이드에서만 (바이올렛의 레이드, 잡아 교환)		가능		러브러브볼	소드 세이브	Palkia	Normal	1	바이올렛		2023-12-08~2023-12-22
484	1	펄기아	오리진폼	없음	이 게임에서 얻는 길 없음 (HOME 전용)						Palkia	Origin	1			
485	0	히드런		없음	이 게임에서 얻는 길 없음 (HOME 전용)				헤비볼	소드 세이브	Heatran		1			
486	0	레지기가스		없음	이 게임에서 얻는 길 없음 (HOME 전용)				헤비볼	소드 세이브	Regigigas		1			
487	0	기라티나	어나더폼	없음	이 게임에서 얻는 길 없음 (HOME 전용)				문볼	소드 세이브	Giratina	Altered	1			
487	1	기라티나	오리진폼	없음	이 게임에서 얻는 길 없음 (HOME 전용)				문볼	소드 세이브	Giratina	Origin	1			
488	0	크레세리아		없음	이 게임에서 얻는 길 없음 (HOME 전용)				문볼	소드 세이브	Cresselia		1			
489	0	피오네		없음	이 게임에서 얻는 길 없음 (HOME 전용)			가능	몬스터볼	전국도감	Phione		1			
490	0	마나피		없음	이 게임에서 얻는 길 없음 (HOME 전용)			가능	몬스터볼	전국도감	Manaphy		1			
491	0	다크라이		없음	이 게임에서 얻는 길 없음 (HOME 전용)				다크볼	전국도감	Darkrai		1			
492	0	쉐이미	랜드폼	없음	이 게임에서 얻는 길 없음 (HOME 전용)				네스트볼	전국도감	Shaymin	Land	1			
492	1	쉐이미	스카이폼	없음	이 게임에서 얻는 길 없음 (HOME 전용)						Shaymin	Sky	1			
493	0	아르세우스	노말	없음	이 게임에서 얻는 길 없음 (HOME 전용)				프레셔스볼	전국도감	Arceus	Normal	1			
493	1	아르세우스	격투	없음	이 게임에서 얻는 길 없음 (HOME 전용)						Arceus	Fighting	1			
493	2	아르세우스	비행	없음	이 게임에서 얻는 길 없음 (HOME 전용)						Arceus	Flying	1			
493	3	아르세우스	독	없음	이 게임에서 얻는 길 없음 (HOME 전용)						Arceus	Poison	1			
493	4	아르세우스	땅	없음	이 게임에서 얻는 길 없음 (HOME 전용)						Arceus	Ground	1			
493	5	아르세우스	바위	없음	이 게임에서 얻는 길 없음 (HOME 전용)						Arceus	Rock	1			
493	6	아르세우스	벌레	없음	이 게임에서 얻는 길 없음 (HOME 전용)						Arceus	Bug	1			
493	7	아르세우스	고스트	없음	이 게임에서 얻는 길 없음 (HOME 전용)						Arceus	Ghost	1			
493	8	아르세우스	강철	없음	이 게임에서 얻는 길 없음 (HOME 전용)						Arceus	Steel	1			
493	9	아르세우스	불꽃	없음	이 게임에서 얻는 길 없음 (HOME 전용)						Arceus	Fire	1			
493	10	아르세우스	물	없음	이 게임에서 얻는 길 없음 (HOME 전용)						Arceus	Water	1			
493	11	아르세우스	풀	없음	이 게임에서 얻는 길 없음 (HOME 전용)						Arceus	Grass	1			
493	12	아르세우스	전기	없음	이 게임에서 얻는 길 없음 (HOME 전용)						Arceus	Electric	1			
493	13	아르세우스	에스퍼	없음	이 게임에서 얻는 길 없음 (HOME 전용)						Arceus	Psychic	1			
493	14	아르세우스	얼음	없음	이 게임에서 얻는 길 없음 (HOME 전용)						Arceus	Ice	1			
493	15	아르세우스	드래곤	없음	이 게임에서 얻는 길 없음 (HOME 전용)						Arceus	Dragon	1			
493	16	아르세우스	악	없음	이 게임에서 얻는 길 없음 (HOME 전용)						Arceus	Dark	1			
493	17	아르세우스	페어리	없음	이 게임에서 얻는 길 없음 (HOME 전용)						Arceus	Fairy	1			
495	0	주리비얀		야생	2슬롯	팔데아	가능	가능	프렌드볼	전국도감	Snivy		0			
496	0	샤비		진화	주리비얀 야생에서	팔데아	가능	가능	프렌드볼	전국도감	Servine		0			
497	0	샤로다		진화	주리비얀 야생에서	팔데아	가능	가능	프렌드볼	전국도감	Serperior		1			
498	0	뚜꾸리		야생	20슬롯	팔데아	가능	가능	헤비볼	전국도감	Tepig		0			
499	0	차오꿀		진화	뚜꾸리 야생에서	팔데아	가능	가능	헤비볼	전국도감	Pignite		0			
500	0	염무왕		진화	뚜꾸리 야생에서	팔데아	가능	가능	헤비볼	전국도감	Emboar		1			
501	0	수댕이		야생	19슬롯	팔데아	가능	가능	문볼	전국도감	Oshawott		0			
502	0	쌍검자비		진화	수댕이 야생에서	팔데아	가능	가능	문볼	전국도감	Dewott		0			
503	0	대검귀	노말	진화	수댕이 야생에서	팔데아	가능	가능	문볼	전국도감	Samurott	Normal	1			
503	1	대검귀	히스이의	레이드	레이드에서만		가능	가능			Samurott	Hisui	1			2023-11-24~2023-11-27;2023-12-01~2023-12-04
522	0	줄뮤마		야생	4슬롯	팔데아	가능	가능	프리미어볼	전국도감	Blitzle		0			
523	0	제브라이카		야생	4슬롯	팔데아	가능	가능	프리미어볼	전국도감	Zebstrika		1			
529	0	두더류		야생	28슬롯	팔데아	가능	가능	헤비볼	소드 세이브	Drilbur		0			
530	0	몰드류		야생	28슬롯	팔데아	가능	가능	헤비볼	소드 세이브	Excadrill		1			
532	0	으랏차		야생	168슬롯	팔데아/기타카미	가능	가능	헤비볼	소드 세이브	Timburr		0			
533	0	토쇠골		야생	28슬롯	팔데아/기타카미	가능	가능	헤비볼	소드 세이브	Gurdurr		0			
534	0	노보청		진화	토쇠골 야생에서	팔데아/기타카미	가능	가능	헤비볼	소드 세이브	Conkeldurr		1			
540	0	두르보		야생	74슬롯	팔데아/기타카미	가능	가능	프렌드볼	전국도감	Sewaddle		0			
541	0	두르쿤		야생	32슬롯	팔데아/기타카미	가능	가능	프렌드볼	전국도감	Swadloon		0			
542	0	모아머		야생	32슬롯	팔데아/기타카미	가능	가능	프렌드볼	전국도감	Leavanny		1			
546	0	소미안		야생	4슬롯	팔데아	가능	가능	문볼	소드 세이브	Cottonee		0			
547	0	엘풍		야생	4슬롯	팔데아	가능	가능	문볼	소드 세이브	Whimsicott		1			
548	0	치릴리		야생	100슬롯	팔데아/기타카미	가능	가능	프렌드볼	소드 세이브	Petilil		0			
549	0	드레디어	노말	야생	11슬롯	팔데아	가능	가능	프렌드볼	소드 세이브	Lilligant	Normal	1			
549	1	드레디어	히스이의	없음	이 게임에서 얻는 길 없음 (HOME 전용)			가능			Lilligant	Hisui	1			
550	0	배쓰나이	적색근의 모습	야생	92슬롯	팔데아	가능	가능	프렌드볼	소드 세이브	Basculin	Red	1			
550	1	배쓰나이	청색근의 모습	야생	92슬롯	팔데아	가능	가능	프렌드볼	소드 세이브	Basculin	Blue	1			
550	2	배쓰나이	하얀 	야생	6슬롯	기타카미/팔데아	가능	가능			Basculin	White	0			
551	0	깜눈크		야생	9슬롯	팔데아	가능	가능	사파리볼	소드 세이브	Sandile		0			
552	0	악비르		야생	3슬롯	팔데아	가능	가능	사파리볼	소드 세이브	Krokorok		0			
553	0	악비아르		야생	3슬롯	팔데아	가능	가능	사파리볼	소드 세이브	Krookodile		1			
559	0	곤율랭		야생	12슬롯	팔데아	가능	가능	프렌드볼	소드 세이브	Scraggy		0			
560	0	곤율거니		야생	12슬롯	팔데아	가능	가능	프렌드볼	소드 세이브	Scrafty		1			
570	0	조로아	노말	야생	37슬롯	팔데아	가능	가능	드림볼	소드 세이브	Zorua	Normal	0			
570	1	조로아	히스이의	없음	이 게임에서 얻는 길 없음 (HOME 전용)			가능			Zorua	Hisui	0			
571	0	조로아크	노말	야생	4슬롯	팔데아	가능	가능	드림볼	소드 세이브	Zoroark	Normal	1			
571	1	조로아크	히스이의	없음	이 게임에서 얻는 길 없음 (HOME 전용)			가능			Zoroark	Hisui	1			
572	0	치라미		야생	20슬롯	팔데아	가능	가능	레벨볼	소드 세이브	Minccino		0			
573	0	치라치노		야생	20슬롯	팔데아	가능	가능	레벨볼	소드 세이브	Cinccino		1			
574	0	고디탱		야생	18슬롯	팔데아	가능	가능	럭셔리볼	소드 세이브	Gothita		0			
575	0	고디보미		야생	10슬롯	팔데아	가능	가능	럭셔리볼	소드 세이브	Gothorita		0			
576	0	고디모아젤		야생	10슬롯	팔데아	가능	가능	럭셔리볼	소드 세이브	Gothitelle		1			
577	0	유니란		야생	19슬롯	팔데아	가능	가능	문볼	소드 세이브	Solosis		0			
578	0	듀란		야생	19슬롯	팔데아	가능	가능	문볼	소드 세이브	Duosion		0			
579	0	란쿨루스		야생	19슬롯	팔데아	가능	가능	문볼	소드 세이브	Reuniclus		1			
580	0	꼬지보리		야생	54슬롯	기타카미/팔데아	가능	가능	드림볼	전국도감	Ducklett		0			
581	0	스완나		진화	꼬지보리 야생에서	기타카미/팔데아	가능	가능	드림볼	전국도감	Swanna		1			
585	0	사철록	봄의 모습	야생	33슬롯	팔데아/블루베리	가능	가능	힐볼	전국도감	Deerling	Spring	0			
585	1	사철록	여름의 모습	야생	37슬롯	팔데아	가능	가능	네스트볼	전국도감	Deerling	Summer	0			
585	2	사철록	가을의 모습	야생	66슬롯	팔데아	가능	가능	타이머볼	전국도감	Deerling	Autumn	0			
585	3	사철록	겨울의 모습	야생	59슬롯	팔데아	가능	가능	프리미어볼	전국도감	Deerling	Winter	0			
586	0	바라철록	봄의 모습	야생	12슬롯	팔데아/블루베리	가능	가능	힐볼	전국도감	Sawsbuck	Spring	1			
586	1	바라철록	여름의 모습	야생	12슬롯	팔데아	가능	가능	네스트볼	전국도감	Sawsbuck	Summer	1			
586	2	바라철록	가을의 모습	야생	47슬롯	팔데아	가능	가능	타이머볼	전국도감	Sawsbuck	Autumn	1			
586	3	바라철록	겨울의 모습	야생	59슬롯	팔데아	가능	가능	프리미어볼	전국도감	Sawsbuck	Winter	1			
590	0	깜놀버슬		야생	40슬롯	팔데아	가능	가능	프리미어볼	소드 세이브	Foongus		0			
591	0	뽀록나		야생	9슬롯	팔데아	가능	가능	프리미어볼	소드 세이브	Amoonguss		1			
594	0	맘복치		야생	42슬롯	팔데아	가능	가능	드림볼	전국도감	Alomomola		1			
595	0	파쪼옥		야생	17슬롯	팔데아	가능	가능	퀵볼	소드 세이브	Joltik		0			
596	0	전툴라		야생	14슬롯	팔데아	가능	가능	퀵볼	소드 세이브	Galvantula		1			
602	0	저리어		야생	78슬롯	팔데아	가능	가능	프렌드볼	전국도감	Tynamo		0			
603	0	저리릴		야생	82슬롯	팔데아/기타카미	가능	가능	프렌드볼	전국도감	Eelektrik		0			
604	0	저리더프		야생	17슬롯	팔데아	가능	가능	프렌드볼	전국도감	Eelektross		1			
607	0	불켜미		야생	87슬롯	팔데아/기타카미	가능	가능	문볼	소드 세이브	Litwick		0			
608	0	램프라		야생	14슬롯	팔데아/기타카미	가능	가능	문볼	소드 세이브	Lampent		0			
609	0	샹델라		진화	램프라 야생에서	팔데아/기타카미	가능	가능	문볼	소드 세이브	Chandelure		1			
610	0	터검니		야생	47슬롯	팔데아	가능	가능	레벨볼	소드 세이브	Axew		0			
611	0	액슨도		야생	31슬롯	팔데아	가능	가능	레벨볼	소드 세이브	Fraxure		0			
612	0	액스라이즈		진화	액슨도 야생에서	팔데아	가능	가능	레벨볼	소드 세이브	Haxorus		1			
613	0	코고미		야생	65슬롯	팔데아	가능	가능	다이브볼	소드 세이브	Cubchoo		0			
614	0	툰베어		야생	43슬롯	팔데아	가능	가능	다이브볼	소드 세이브	Beartic		1			
615	0	프리지오		야생	5슬롯	팔데아	가능	가능	다이브볼	소드 세이브	Cryogonal		1			
619	0	비조푸		야생	86슬롯	팔데아/기타카미	가능	가능	러브러브볼	소드 세이브	Mienfoo		0			
620	0	비조도		진화	비조푸 야생에서	팔데아/기타카미	가능	가능	러브러브볼	소드 세이브	Mienshao		1			
622	0	골비람		야생	22슬롯	팔데아	가능	가능	헤비볼	소드 세이브	Golett		0			
623	0	골루그		야생	22슬롯	팔데아	가능	가능	헤비볼	소드 세이브	Golurk		1			
624	0	자망칼		야생	106슬롯	팔데아/기타카미	가능	가능	문볼	소드 세이브	Pawniard		0			
625	0	절각참		야생	22슬롯	팔데아/기타카미	가능	가능	문볼	소드 세이브	Bisharp		0			
627	0	수리둥보		야생	103슬롯	팔데아	가능	가능	문볼	소드 세이브	Rufflet		0			
628	0	워글	노말	야생	3슬롯	팔데아	가능	가능	문볼	소드 세이브	Braviary	Normal	1			
628	1	워글	히스이의	없음	이 게임에서 얻는 길 없음 (HOME 전용)			가능			Braviary	Hisui	1			
629	0	벌차이		야생	63슬롯	팔데아/기타카미	가능	가능	드림볼	소드 세이브	Vullaby		0			
630	0	버랜지나		야생	1슬롯	팔데아	가능	가능	드림볼	소드 세이브	Mandibuzz		1			
633	0	모노두		야생	35슬롯	팔데아	가능	가능	다크볼	소드 세이브	Deino		0			
634	0	디헤드		야생	6슬롯	팔데아	가능	가능	다크볼	소드 세이브	Zweilous		0			
635	0	삼삼드래		진화	디헤드 야생에서	팔데아	가능	가능	다크볼	소드 세이브	Hydreigon		1			
636	0	활화르바		야생	11슬롯	팔데아	가능	가능	레벨볼	소드 세이브	Larvesta		0			
637	0	불카모스		야생	1슬롯	팔데아	가능	가능	레벨볼	소드 세이브	Volcarona		1			
638	0	코바르온		고정	북부 에리어 2 이로치 불가		불가		문볼	소드 세이브	Cobalion		1			
639	0	테라키온		고정	서부 에리어 1 (1) 이로치 불가		불가		레벨볼	소드 세이브	Terrakion		1			
640	0	비리디온		고정	표식의 나무숲 (1) 이로치 불가		불가		러브러브볼	소드 세이브	Virizion		1			
641	0	토네로스	화신폼	없음	이 게임에서 얻는 길 없음 (HOME 전용)				프렌드볼	소드 세이브	Tornadus	Incarnate	1			
641	1	토네로스	영물폼	없음	이 게임에서 얻는 길 없음 (HOME 전용)				프렌드볼	소드 세이브	Tornadus	Therian	1			
642	0	볼트로스	화신폼	없음	이 게임에서 얻는 길 없음 (HOME 전용)				문볼	소드 세이브	Thundurus	Incarnate	1			
642	1	볼트로스	영물폼	없음	이 게임에서 얻는 길 없음 (HOME 전용)				문볼	소드 세이브	Thundurus	Therian	1			
643	0	레시라무		고정	동부 에리어 1 (1) 이로치 불가		불가		레벨볼	소드 세이브	Reshiram		1			
644	0	제크로무		고정	남부 에리어 5 이로치 불가		불가		럭셔리볼	소드 세이브	Zekrom		1			
645	0	랜드로스	화신폼	없음	이 게임에서 얻는 길 없음 (HOME 전용)				레벨볼	소드 세이브	Landorus	Incarnate	1			
645	1	랜드로스	영물폼	없음	이 게임에서 얻는 길 없음 (HOME 전용)				레벨볼	소드 세이브	Landorus	Therian	1			
646	0	큐레무	노말	고정	푸르피케 산길 이로치 불가		불가		헤비볼	소드 세이브	Kyurem	Normal	1			
646	1	큐레무	화이트큐레무	없음	이 게임에서 얻는 길 없음 (HOME 전용)						Kyurem	White	1			
646	2	큐레무	블랙큐레무	없음	이 게임에서 얻는 길 없음 (HOME 전용)						Kyurem	Black	1			
647	0	케르디오	평상시 모습	없음	이 게임에서 얻는 길 없음 (HOME 전용)				루어볼	소드 세이브	Keldeo	Ordinary	1			
647	1	케르디오	각오의 모습	없음	이 게임에서 얻는 길 없음 (HOME 전용)				루어볼	소드 세이브	Keldeo	Resolute	1			
648	0	메로엣타	보이스폼	고정	코스트 에리어 이로치 불가		불가		프레셔스볼	전국도감	Meloetta	Aria	1			
650	0	도치마론		야생	17슬롯	팔데아	가능	가능	네스트볼	전국도감	Chespin		0			
651	0	도치보구		진화	도치마론 야생에서	팔데아	가능	가능	네스트볼	전국도감	Quilladin		0			
652	0	브리가론		진화	도치마론 야생에서	팔데아	가능	가능	네스트볼	전국도감	Chesnaught		1			
653	0	푸호꼬		야생	1슬롯	팔데아	가능	가능	러브러브볼	전국도감	Fennekin		0			
654	0	테르나		진화	푸호꼬 야생에서	팔데아	가능	가능	러브러브볼	전국도감	Braixen		0			
655	0	마폭시		진화	푸호꼬 야생에서	팔데아	가능	가능	러브러브볼	전국도감	Delphox		1			
656	0	개구마르		야생	4슬롯	팔데아	가능	가능	문볼	전국도감	Froakie		0			
657	0	개굴반장		진화	개구마르 야생에서	팔데아	가능	가능	문볼	전국도감	Frogadier		0			
658	0	개굴닌자	노말	진화	개구마르 야생에서	팔데아	가능	가능	문볼	전국도감	Greninja	Normal	1			
658	1	개굴닌자	지우개굴닌자	없음	이 게임에서 얻는 길 없음 (HOME 전용)				몬스터볼	전국도감	Greninja	Ash	1			
661	0	화살꼬빈		야생	44슬롯	팔데아	가능	가능	스피드볼	소드 세이브	Fletchling		0			
662	0	불화살빈		야생	69슬롯	팔데아	가능	가능	스피드볼	소드 세이브	Fletchinder		0			
663	0	파이어로		야생	51슬롯	팔데아	가능	가능	스피드볼	소드 세이브	Talonflame		1			
664	0	분이벌레	빙설의 모양	야생	17슬롯	팔데아	가능	가능			Scatterbug	Icy Snow	0			
664	1	분이벌레	설국의 모양	야생	17슬롯	팔데아	가능	가능			Scatterbug	Polar	0			
664	2	분이벌레	설원의 모양	야생	17슬롯	팔데아	가능	가능			Scatterbug	Tundra	0			
664	3	분이벌레	대륙의 모양	야생	17슬롯	팔데아	가능	가능	레벨볼	전국도감	Scatterbug	Continental	0			
664	4	분이벌레	정원의 모양	야생	17슬롯	팔데아	가능	가능			Scatterbug	Garden	0			
664	5	분이벌레	우아한 모양	야생	17슬롯	팔데아	가능	가능			Scatterbug	Elegant	0			
664	6	분이벌레	화원의 모양	야생	17슬롯	팔데아	가능	가능			Scatterbug	Meadow	0			
664	7	분이벌레	모던한 모양	야생	17슬롯	팔데아	가능	가능			Scatterbug	Modern	0			
664	8	분이벌레	마린의 모양	야생	17슬롯	팔데아	가능	가능			Scatterbug	Marine	0			
664	9	분이벌레	군도의 모양	야생	17슬롯	팔데아	가능	가능			Scatterbug	Archipelago	0			
664	10	분이벌레	황야의 모양	야생	17슬롯	팔데아	가능	가능			Scatterbug	High Plains	0			
664	11	분이벌레	사진의 모양	야생	17슬롯	팔데아	가능	가능			Scatterbug	Sandstorm	0			
664	12	분이벌레	대하의 모양	야생	17슬롯	팔데아	가능	가능			Scatterbug	River	0			
664	13	분이벌레	스콜의 모양	야생	17슬롯	팔데아	가능	가능			Scatterbug	Monsoon	0			
664	14	분이벌레	사바나의 모양	야생	17슬롯	팔데아	가능	가능			Scatterbug	Savanna	0			
664	15	분이벌레	태양의 모양	야생	17슬롯	팔데아	가능	가능			Scatterbug	Sun	0			
664	16	분이벌레	오션의 모양	야생	17슬롯	팔데아	가능	가능			Scatterbug	Ocean	0			
664	17	분이벌레	정글의 모양	야생	17슬롯	팔데아	가능	가능			Scatterbug	Jungle	0			
664	18	분이벌레	팬시한 모양	야생	17슬롯	팔데아	가능	가능			Scatterbug	Fancy	0			
664	19	분이벌레	볼의 모양	없음	볼의 모양은 배포 전용 (PKHeX: Event Vivillon pattern)	팔데아	가능	가능			Scatterbug	Poké Ball	0			
665	0	분떠도리	빙설의 모양	야생	6슬롯	팔데아	가능	가능			Spewpa	Icy Snow	0			
665	1	분떠도리	설국의 모양	야생	6슬롯	팔데아	가능	가능			Spewpa	Polar	0			
665	2	분떠도리	설원의 모양	야생	6슬롯	팔데아	가능	가능			Spewpa	Tundra	0			
665	3	분떠도리	대륙의 모양	야생	6슬롯	팔데아	가능	가능	레벨볼	전국도감	Spewpa	Continental	0			
665	4	분떠도리	정원의 모양	야생	6슬롯	팔데아	가능	가능			Spewpa	Garden	0			
665	5	분떠도리	우아한 모양	야생	6슬롯	팔데아	가능	가능			Spewpa	Elegant	0			
665	6	분떠도리	화원의 모양	야생	6슬롯	팔데아	가능	가능			Spewpa	Meadow	0			
665	7	분떠도리	모던한 모양	야생	6슬롯	팔데아	가능	가능			Spewpa	Modern	0			
665	8	분떠도리	마린의 모양	야생	6슬롯	팔데아	가능	가능			Spewpa	Marine	0			
665	9	분떠도리	군도의 모양	야생	6슬롯	팔데아	가능	가능			Spewpa	Archipelago	0			
665	10	분떠도리	황야의 모양	야생	6슬롯	팔데아	가능	가능			Spewpa	High Plains	0			
665	11	분떠도리	사진의 모양	야생	6슬롯	팔데아	가능	가능			Spewpa	Sandstorm	0			
665	12	분떠도리	대하의 모양	야생	6슬롯	팔데아	가능	가능			Spewpa	River	0			
665	13	분떠도리	스콜의 모양	야생	6슬롯	팔데아	가능	가능			Spewpa	Monsoon	0			
665	14	분떠도리	사바나의 모양	야생	6슬롯	팔데아	가능	가능			Spewpa	Savanna	0			
665	15	분떠도리	태양의 모양	야생	6슬롯	팔데아	가능	가능			Spewpa	Sun	0			
665	16	분떠도리	오션의 모양	야생	6슬롯	팔데아	가능	가능			Spewpa	Ocean	0			
665	17	분떠도리	정글의 모양	야생	6슬롯	팔데아	가능	가능			Spewpa	Jungle	0			
665	18	분떠도리	팬시한 모양	야생	6슬롯	팔데아	가능	가능			Spewpa	Fancy	0			
665	19	분떠도리	볼의 모양	없음	볼의 모양은 배포 전용 (PKHeX: Event Vivillon pattern)	팔데아	가능	가능			Spewpa	Poké Ball	0			
666	0	비비용	빙설의 모양	야생	26슬롯	팔데아	가능	가능	프리미어볼	전국도감	Vivillon	Icy Snow	1			
666	1	비비용	설국의 모양	야생	26슬롯	팔데아	가능	가능	울트라볼	전국도감	Vivillon	Polar	1			
666	2	비비용	설원의 모양	야생	26슬롯	팔데아	가능	가능	다이브볼	전국도감	Vivillon	Tundra	1			
666	3	비비용	대륙의 모양	야생	26슬롯	팔데아	가능	가능	레벨볼	전국도감	Vivillon	Continental	1			
666	4	비비용	정원의 모양	야생	26슬롯	팔데아	가능	가능	프렌드볼	전국도감	Vivillon	Garden	1			
666	5	비비용	우아한 모양	야생	26슬롯	팔데아	가능	가능	힐볼	전국도감	Vivillon	Elegant	1			
666	6	비비용	화원의 모양	야생	26슬롯	팔데아	가능	가능	러브러브볼	전국도감	Vivillon	Meadow	1			
666	7	비비용	모던한 모양	야생	26슬롯	팔데아	가능	가능	루어볼	전국도감	Vivillon	Modern	1			
666	8	비비용	마린의 모양	야생	26슬롯	팔데아	가능	가능	다이브볼	전국도감	Vivillon	Marine	1			
666	9	비비용	군도의 모양	야생	26슬롯	팔데아	가능	가능	리피트볼	전국도감	Vivillon	Archipelago	1			
666	10	비비용	황야의 모양	야생	26슬롯	팔데아	가능	가능	네스트볼	전국도감	Vivillon	High Plains	1			
666	11	비비용	사진의 모양	야생	26슬롯	팔데아	가능	가능	럭셔리볼	전국도감	Vivillon	Sandstorm	1			
666	12	비비용	대하의 모양	야생	26슬롯	팔데아	가능	가능	문볼	전국도감	Vivillon	River	1			
666	13	비비용	스콜의 모양	야생	26슬롯	팔데아	가능	가능	헤비볼	전국도감	Vivillon	Monsoon	1			
666	14	비비용	사바나의 모양	야생	26슬롯	팔데아	가능	가능	퀵볼	전국도감	Vivillon	Savanna	1			
666	15	비비용	태양의 모양	야생	26슬롯	팔데아	가능	가능	스피드볼	전국도감	Vivillon	Sun	1			
666	16	비비용	오션의 모양	야생	26슬롯	팔데아	가능	가능	레벨볼	전국도감	Vivillon	Ocean	1			
666	17	비비용	정글의 모양	야생	26슬롯	팔데아	가능	가능	다크볼	전국도감	Vivillon	Jungle	1			
666	18	비비용	팬시한 모양	야생	26슬롯	팔데아	가능	가능	프레셔스볼	전국도감	Vivillon	Fancy	1			
666	19	비비용	볼의 모양	없음	볼의 모양은 배포 전용 (PKHeX: Event Vivillon pattern)	팔데아	가능	가능	몬스터볼	전국도감	Vivillon	Poké Ball	1			
667	0	레오꼬		야생	67슬롯	팔데아/블루베리	가능	가능	스피드볼	전국도감	Litleo		0			
668	0	화염레오		야생	82슬롯	팔데아/블루베리	가능	가능	스피드볼	전국도감	Pyroar		1			
669	0	플라베베	빨간 꽃	야생	18슬롯	팔데아	가능	가능	러브러브볼	전국도감	Flabébé	Red	0			
669	1	플라베베	노란 	야생	18슬롯	팔데아	가능	가능	레벨볼	전국도감	Flabébé	Yellow	0			
669	2	플라베베	오렌지	야생	18슬롯	팔데아	가능	가능	리피트볼	전국도감	Flabébé	Orange	0			
669	3	플라베베	파란 	야생	18슬롯	팔데아	가능	가능	루어볼	전국도감	Flabébé	Blue	0			
669	4	플라베베	하얀 	야생	18슬롯	팔데아	가능	가능	프리미어볼	전국도감	Flabébé	White	0			
670	0	플라엣테	빨간 꽃	야생	36슬롯	팔데아	가능	가능	러브러브볼	전국도감	Floette	Red	0			
670	1	플라엣테	노란 	야생	36슬롯	팔데아	가능	가능	레벨볼	전국도감	Floette	Yellow	0			
670	2	플라엣테	오렌지	야생	36슬롯	팔데아	가능	가능	리피트볼	전국도감	Floette	Orange	0			
670	3	플라엣테	파란 	야생	36슬롯	팔데아	가능	가능	루어볼	전국도감	Floette	Blue	0			
670	4	플라엣테	하얀 	야생	72슬롯	팔데아	가능	가능	프리미어볼	전국도감	Floette	White	0			
671	0	플라제스	빨간 꽃	야생	5슬롯	팔데아	가능	가능	러브러브볼	전국도감	Florges	Red	1			
671	1	플라제스	노란 	야생	5슬롯	팔데아	가능	가능	레벨볼	전국도감	Florges	Yellow	1			
671	2	플라제스	오렌지	야생	5슬롯	팔데아	가능	가능	리피트볼	전국도감	Florges	Orange	1			
671	3	플라제스	파란 	야생	5슬롯	팔데아	가능	가능	루어볼	전국도감	Florges	Blue	1			
671	4	플라제스	하얀 	야생	5슬롯	팔데아	가능	가능	프리미어볼	전국도감	Florges	White	1			
672	0	메이클		야생	117슬롯	팔데아	가능	가능	네스트볼	전국도감	Skiddo		0			
673	0	고고트		야생	78슬롯	팔데아	가능	가능	네스트볼	전국도감	Gogoat		1			
677	0	냐스퍼		야생	3슬롯	팔데아	가능	가능	레벨볼	소드 세이브	Espurr		0			
678	0	냐오닉스	♂	야생	3슬롯	팔데아	가능	가능	레벨볼	소드 세이브	Meowstic	♂	1			
678	1	냐오닉스	♀	야생	3슬롯	팔데아	가능	가능	레벨볼	소드 세이브	Meowstic	♀	1			
686	0	오케이징		야생	10슬롯	팔데아	가능	가능	레벨볼	소드 세이브	Inkay		0			
687	0	칼라마네로		진화	오케이징 야생에서	팔데아	가능	가능	레벨볼	소드 세이브	Malamar		1			
690	0	수레기		야생	67슬롯	팔데아	가능	가능	다이브볼	소드 세이브	Skrelp		0			
691	0	드래캄		야생	33슬롯	팔데아	가능	가능	다이브볼	소드 세이브	Dragalge		1			
692	0	완철포		야생	81슬롯	팔데아	가능	가능	루어볼	소드 세이브	Clauncher		0	바이올렛		
693	0	블로스터		야생	64슬롯	팔데아	가능	가능	루어볼	소드 세이브	Clawitzer		1	바이올렛		
700	0	님피아		야생	13슬롯	팔데아	가능	가능	러브러브볼	소드 세이브	Sylveon		1			
701	0	루차불		야생	31슬롯	팔데아	가능	가능	럭셔리볼	소드 세이브	Hawlucha		1			
702	0	데덴네		야생	14슬롯	팔데아	가능	가능	레벨볼	소드 세이브	Dedenne		1			
703	0	멜리시		야생	30슬롯	팔데아	가능	가능	헤비볼	소드 세이브	Carbink		1			
704	0	미끄메라		야생	63슬롯	팔데아/기타카미	가능	가능	힐볼	소드 세이브	Goomy		0			
705	0	미끄네일	노말	야생	19슬롯	팔데아/기타카미	가능	가능	힐볼	소드 세이브	Sliggoo	Normal	0			
705	1	미끄네일	히스이의	없음	이 게임에서 얻는 길 없음 (HOME 전용)			가능			Sliggoo	Hisui	0			
706	0	미끄래곤	노말	진화	미끄네일 야생에서	팔데아/기타카미	가능	가능	힐볼	소드 세이브	Goodra	Normal	1			
706	1	미끄래곤	히스이의	없음	이 게임에서 얻는 길 없음 (HOME 전용)			가능			Goodra	Hisui	1			
707	0	클레피		야생	9슬롯	팔데아	가능	가능	럭셔리볼	소드 세이브	Klefki		1			
708	0	나목령		야생	58슬롯	기타카미/팔데아	가능	가능	타이머볼	소드 세이브	Phantump		0			
709	0	대로트		야생	26슬롯	팔데아/기타카미	가능	가능	타이머볼	소드 세이브	Trevenant		1			
712	0	꽁어름		야생	43슬롯	팔데아	가능	가능	다이브볼	소드 세이브	Bergmite		0			
713	0	크레베이스	노말	야생	43슬롯	팔데아	가능	가능	다이브볼	소드 세이브	Avalugg	Normal	1			
713	1	크레베이스	히스이의	없음	이 게임에서 얻는 길 없음 (HOME 전용)			가능			Avalugg	Hisui	1			
714	0	음뱃		야생	222슬롯	팔데아/기타카미	가능	가능	프렌드볼	소드 세이브	Noibat		0			
715	0	음번		야생	13슬롯	팔데아	가능	가능	프렌드볼	소드 세이브	Noivern		1			
719	0	디안시		없음	이 게임에서 얻는 길 없음 (HOME 전용)				프레셔스볼	전국도감	Diancie		1			
720	0	후파	굴레에 빠진 후파	없음	이 게임에서 얻는 길 없음 (HOME 전용)				프레셔스볼	전국도감	Hoopa	Confined	1			
720	1	후파	굴레를 벗어난 후파	없음	이 게임에서 얻는 길 없음 (HOME 전용)						Hoopa	Unbound	1			
721	0	볼케니온		없음	이 게임에서 얻는 길 없음 (HOME 전용)				프레셔스볼	소드 세이브	Volcanion		1			
722	0	나몰빼미		야생	12슬롯	팔데아/블루베리	가능	가능	문볼	소드 세이브	Rowlet		0			
723	0	빼미스로우		진화	나몰빼미 야생에서	팔데아/블루베리	가능	가능	문볼	소드 세이브	Dartrix		0			
724	0	모크나이퍼	노말	진화	나몰빼미 야생에서	팔데아/블루베리	가능	가능	문볼	소드 세이브	Decidueye	Normal	1			
724	1	모크나이퍼	히스이의	레이드	레이드에서만		가능	가능			Decidueye	Hisui	1			2023-10-06~2023-10-09;2023-10-13~2023-10-16
725	0	냐오불		야생	11슬롯	팔데아	가능	가능	컴퍼티션볼	소드 세이브	Litten		0			
726	0	냐오히트		진화	냐오불 야생에서	팔데아	가능	가능	컴퍼티션볼	소드 세이브	Torracat		0			
727	0	어흥염		진화	냐오불 야생에서	팔데아	가능	가능	컴퍼티션볼	소드 세이브	Incineroar		1			
728	0	누리공		야생	8슬롯	팔데아	가능	가능	러브러브볼	소드 세이브	Popplio		0			
729	0	키요공		진화	누리공 야생에서	팔데아	가능	가능	다이브볼	소드 세이브	Brionne		0			
730	0	누리레느		진화	누리공 야생에서	팔데아	가능	가능	다이브볼	소드 세이브	Primarina		1			
731	0	콕코구리		야생	11슬롯	팔데아	가능	가능	럭셔리볼	전국도감	Pikipek		0			
732	0	크라파		야생	11슬롯	팔데아	가능	가능	럭셔리볼	전국도감	Trumbeak		0			
733	0	왕큰부리		야생	12슬롯	팔데아	가능	가능	럭셔리볼	전국도감	Toucannon		1			
734	0	영구스		야생	170슬롯	팔데아	가능	가능	러브러브볼	전국도감	Yungoos		0			
735	0	형사구스		야생	129슬롯	팔데아	가능	가능	러브러브볼	전국도감	Gumshoos		1			
736	0	턱지충이		야생	116슬롯	팔데아/기타카미	가능	가능	프렌드볼	소드 세이브	Grubbin		0			
737	0	전지충이		야생	104슬롯	팔데아/기타카미	가능	가능	프렌드볼	소드 세이브	Charjabug		0			
738	0	투구뿌논		진화	전지충이 야생에서	팔데아/기타카미	가능	가능	프렌드볼	소드 세이브	Vikavolt		1			
739	0	오기지게		야생	52슬롯	팔데아	가능	가능	프리미어볼	전국도감	Crabrawler		0			
740	0	모단단게		야생	18슬롯	팔데아	가능	가능	프리미어볼	전국도감	Crabominable		1			
741	0	춤추새	이글이글스타일	야생	12슬롯	팔데아	가능	가능	럭셔리볼	전국도감	Oricorio	Baile	1			
741	1	춤추새	파칙파칙스타일	야생	7슬롯	팔데아	가능	가능	레벨볼	전국도감	Oricorio	Pom-Pom	1			
741	2	춤추새	훌라훌라스타일	야생	4슬롯	팔데아	가능	가능	러브러브볼	전국도감	Oricorio	Pa’u	1			
741	3	춤추새	하늘하늘스타일	야생	16슬롯	팔데아	가능	가능	다이브볼	전국도감	Oricorio	Sensu	1			
742	0	에블리		야생	80슬롯	팔데아/기타카미	가능	가능	러브러브볼	소드 세이브	Cutiefly		0			
743	0	에리본		야생	24슬롯	팔데아/기타카미	가능	가능	러브러브볼	소드 세이브	Ribombee		1			
744	0	암멍이	노말	야생	243슬롯	팔데아/기타카미	가능	가능	문볼	소드 세이브	Rockruff	Normal	0			
744	1	암멍이	황혼의	야생	32슬롯	팔데아	가능	가능	문볼	소드 세이브	Rockruff	Dusk	0			
745	0	루가루암	한낮의 모습	야생	78슬롯	팔데아	가능	가능	문볼	소드 세이브	Lycanroc	Midday	1			
745	1	루가루암	한밤중의 모습	야생	87슬롯	팔데아/기타카미	가능	가능	문볼	소드 세이브	Lycanroc	Midnight	1			
745	2	루가루암	황혼의	야생	11슬롯	팔데아	가능	가능	문볼	소드 세이브	Lycanroc	Dusk	1			
747	0	시마사리		야생	26슬롯	팔데아	가능	가능	러브러브볼	소드 세이브	Mareanie		0			
748	0	더시마사리		진화	시마사리 야생에서	팔데아	가능	가능	러브러브볼	소드 세이브	Toxapex		1			
749	0	머드나기		야생	107슬롯	팔데아/기타카미	가능	가능	레벨볼	소드 세이브	Mudbray		0			
750	0	만마드		야생	46슬롯	팔데아	가능	가능	레벨볼	소드 세이브	Mudsdale		1			
751	0	물거미		야생	8슬롯	팔데아	가능	가능	다이브볼	소드 세이브	Dewpider		0			
752	0	깨비물거미		야생	7슬롯	팔데아	가능	가능	다이브볼	소드 세이브	Araquanid		1			
753	0	짜랑랑		야생	149슬롯	팔데아/기타카미	가능	가능	프렌드볼	소드 세이브	Fomantis		0			
754	0	라란티스		야생	52슬롯	팔데아/기타카미	가능	가능	프렌드볼	소드 세이브	Lurantis		1			
757	0	야도뇽		야생	180슬롯	팔데아/기타카미	가능	가능	드림볼	소드 세이브	Salandit		0			
758	0	염뉴트		야생	38슬롯	팔데아	가능	가능	드림볼	소드 세이브	Salazzle		1			
761	0	달콤아		야생	10슬롯	팔데아	가능	가능	러브러브볼	소드 세이브	Bounsweet		0			
762	0	달무리나		야생	15슬롯	팔데아	가능	가능	러브러브볼	소드 세이브	Steenee		0			
763	0	달코퀸		진화	달무리나 야생에서	팔데아	가능	가능	러브러브볼	소드 세이브	Tsareena		1			
764	0	큐아링		야생	2슬롯	팔데아	가능	가능	힐볼	소드 세이브	Comfey		1			
765	0	하랑우탄		야생	17슬롯	팔데아	가능	가능	드림볼	소드 세이브	Oranguru		1			
766	0	내던숭이		야생	17슬롯	팔데아	가능	가능	문볼	소드 세이브	Passimian		1	바이올렛		
769	0	모래꿍		야생	14슬롯	팔데아	가능	가능	럭셔리볼	소드 세이브	Sandygast		0			
770	0	모래성이당		야생	2슬롯	팔데아	가능	가능	럭셔리볼	소드 세이브	Palossand		1			
774	7	메테노	빨간색 코어	야생	196슬롯	팔데아	가능	가능	럭셔리볼	전국도감	Minior	C-Red	1			
774	8	메테노	주황색 코어	야생	196슬롯	팔데아	가능	가능	럭셔리볼	전국도감	Minior	C-Orange	1			
774	9	메테노	노란색 코어	야생	196슬롯	팔데아	가능	가능	럭셔리볼	전국도감	Minior	C-Yellow	1			
774	10	메테노	초록색 코어	야생	196슬롯	팔데아	가능	가능	럭셔리볼	전국도감	Minior	C-Green	1			
774	11	메테노	옥색 코어	야생	196슬롯	팔데아	가능	가능	럭셔리볼	전국도감	Minior	C-Blue	1			
774	12	메테노	파란색 코어	야생	196슬롯	팔데아	가능	가능	럭셔리볼	전국도감	Minior	C-Indigo	1			
774	13	메테노	보라색 코어	야생	196슬롯	팔데아	가능	가능	럭셔리볼	전국도감	Minior	C-Violet	1			
775	0	자말라		야생	31슬롯	팔데아	가능	가능	문볼	전국도감	Komala		1			
778	0	따라큐	둔갑한 모습	야생	85슬롯	팔데아/기타카미	가능	가능	문볼	소드 세이브	Mimikyu	Disguised	1			
779	0	치갈기		야생	40슬롯	팔데아	가능	가능	프렌드볼	전국도감	Bruxish		1			
782	0	짜랑꼬		야생	30슬롯	팔데아/기타카미	가능	가능	러브러브볼	소드 세이브	Jangmo-o		0			
783	0	짜랑고우		야생	6슬롯	팔데아/기타카미	가능	가능	러브러브볼	소드 세이브	Hakamo-o		0			
784	0	짜랑고우거		진화	짜랑고우 야생에서	팔데아/기타카미	가능	가능	러브러브볼	소드 세이브	Kommo-o		1			
789	0	코스모그		없음	이 게임에서 얻는 길 없음 (HOME 전용)				몬스터볼	소드 세이브	Cosmog		0			
790	0	코스모움		없음	이 게임에서 얻는 길 없음 (HOME 전용)				몬스터볼	소드 세이브	Cosmoem		0			
791	0	솔가레오		고정	포켓몬리그 이로치 불가		불가		레벨볼	소드 세이브	Solgaleo		1			
792	0	루나아라		고정	오야 호수 (1) 이로치 불가		불가		문볼	소드 세이브	Lunala		1			
800	0	네크로즈마	노말	고정	누룽지 숲길 이로치 불가		불가		울트라볼	소드 세이브	Necrozma	Normal	1			
800	1	네크로즈마	황혼의	없음	이 게임에서 얻는 길 없음 (HOME 전용)						Necrozma	Dusk	1			
800	2	네크로즈마	새벽의	없음	이 게임에서 얻는 길 없음 (HOME 전용)						Necrozma	Dawn	1			
801	0	마기아나	노말	없음	이 게임에서 얻는 길 없음 (HOME 전용)				프레셔스볼	전국도감	Magearna	Normal	1			
801	1	마기아나	500년 전의 색	없음	이 게임에서 얻는 길 없음 (HOME 전용)				프레셔스볼	소드 세이브	Magearna	Original	1			
810	0	흥나숭		야생	2슬롯	팔데아	가능	가능	프렌드볼	소드 세이브	Grookey		0			
811	0	채키몽		진화	흥나숭 야생에서	팔데아	가능	가능	프렌드볼	소드 세이브	Thwackey		0			
812	0	고릴타		진화	흥나숭 야생에서	팔데아	가능	가능	프렌드볼	소드 세이브	Rillaboom		1			
813	0	염버니		야생	14슬롯	팔데아	가능	가능	스피드볼	소드 세이브	Scorbunny		0			
814	0	래비풋		진화	염버니 야생에서	팔데아	가능	가능	스피드볼	소드 세이브	Raboot		0			
815	0	에이스번		진화	염버니 야생에서	팔데아	가능	가능	스피드볼	소드 세이브	Cinderace		1			
816	0	울머기		야생	1슬롯	팔데아	가능	가능	루어볼	소드 세이브	Sobble		0			
817	0	누겔레온		진화	울머기 야생에서	팔데아	가능	가능	루어볼	소드 세이브	Drizzile		0			
818	0	인텔리레온		진화	울머기 야생에서	팔데아	가능	가능	루어볼	소드 세이브	Inteleon		1			
819	0	탐리스		야생	149슬롯	팔데아/기타카미	가능	가능	러브러브볼	소드 세이브	Skwovet		0			
820	0	요씽리스		야생	117슬롯	팔데아/기타카미	가능	가능	러브러브볼	소드 세이브	Greedent		1			
821	0	파라꼬		야생	64슬롯	팔데아	가능	가능	헤비볼	소드 세이브	Rookidee		0			
822	0	파크로우		야생	53슬롯	팔데아	가능	가능	헤비볼	소드 세이브	Corvisquire		0			
823	0	아머까오		야생	39슬롯	팔데아	가능	가능	헤비볼	소드 세이브	Corviknight		1			
833	0	깨물부기		야생	164슬롯	팔데아/기타카미	가능	가능	프렌드볼	소드 세이브	Chewtle		0			
834	0	갈가부기		야생	117슬롯	팔데아/기타카미	가능	가능	프렌드볼	소드 세이브	Drednaw		1			
837	0	탄동		야생	37슬롯	팔데아	가능	가능	헤비볼	소드 세이브	Rolycoly		0			
838	0	탄차곤		야생	29슬롯	팔데아	가능	가능	헤비볼	소드 세이브	Carkol		0			
839	0	석탄산		진화	탄차곤 야생에서	팔데아	가능	가능	헤비볼	소드 세이브	Coalossal		1			
840	0	과사삭벌레		야생	49슬롯	팔데아/기타카미	가능	가능	프렌드볼	소드 세이브	Applin		0			
841	0	애프룡		야생	4슬롯	기타카미	가능	가능	프렌드볼	소드 세이브	Flapple		1			
842	0	단지래플		야생	4슬롯	기타카미	가능	가능	프렌드볼	소드 세이브	Appletun		1			
843	0	모래뱀		야생	41슬롯	팔데아	가능	가능	헤비볼	소드 세이브	Silicobra		0			
844	0	사다이사		진화	모래뱀 야생에서	팔데아	가능	가능	헤비볼	소드 세이브	Sandaconda		1			
845	0	윽우지	노말	야생	79슬롯	팔데아/기타카미	가능	가능	스피드볼	소드 세이브	Cramorant	Normal	1			
846	0	찌로꼬치		야생	262슬롯	팔데아/기타카미	가능	가능	타이머볼	소드 세이브	Arrokuda		0			
847	0	꼬치조		야생	132슬롯	팔데아/기타카미	가능	가능	타이머볼	소드 세이브	Barraskewda		1			
848	0	일레즌		야생	13슬롯	팔데아	가능		드림볼	소드 세이브	Toxel		0			
849	0	스트린더	하이한 모습	야생	12슬롯	팔데아	가능	가능	드림볼	소드 세이브	Toxtricity	Amped Form	1			
849	1	스트린더	로우한 모습	야생	12슬롯	팔데아	가능	가능	드림볼	소드 세이브	Toxtricity	Low Key	1			
854	0	데인차	위작	야생	25슬롯	팔데아	가능	가능	드림볼	소드 세이브	Sinistea	Phony	0			
854	1	데인차	진작	야생	17슬롯	팔데아	가능	가능	몬스터볼	소드 세이브	Sinistea	Antique	0			
855	0	포트데스	위작	진화	데인차 야생에서	팔데아	가능	가능	드림볼	소드 세이브	Polteageist	Phony	1			
855	1	포트데스	진작	진화	데인차 진작 야생에서	팔데아	가능	가능	몬스터볼	소드 세이브	Polteageist	Antique	1			
856	0	몸지브림		야생	133슬롯	팔데아/기타카미	가능	가능	러브러브볼	소드 세이브	Hatenna		0			
857	0	손지브림		야생	44슬롯	팔데아/기타카미	가능	가능	러브러브볼	소드 세이브	Hattrem		0			
858	0	브리무음		야생	14슬롯	팔데아/기타카미	가능	가능	러브러브볼	소드 세이브	Hatterene		1			
859	0	메롱꿍		야생	38슬롯	팔데아/기타카미	가능	가능	드림볼	소드 세이브	Impidimp		0			
860	0	쏘겨모		야생	46슬롯	팔데아/기타카미	가능	가능	드림볼	소드 세이브	Morgrem		0			
861	0	오롱털		야생	14슬롯	팔데아/기타카미	가능	가능	드림볼	소드 세이브	Grimmsnarl		1			
863	0	나이킹		진화(고정)	나옹 가라르의 모습 고정에서		불가	가능	레벨볼	소드 세이브	Perrserker		1			
868	0	마빌크		야생	19슬롯	팔데아	가능	가능	프리미어볼	소드 세이브	Milcery		0			
869	0	마휘핑	밀키바닐라	진화	마빌크 야생에서	팔데아	가능	가능	암컷 몬스터볼/암컷 럭셔리볼	소드 세이브	Alcremie	Vanilla Cream	1			
869	1	마휘핑	밀키루비	진화	마빌크 야생에서	팔데아	가능	가능	드림볼	소드 세이브	Alcremie	Ruby Cream	1			
869	2	마휘핑	밀키말차	진화	마빌크 야생에서	팔데아	가능	가능	프렌드볼	소드 세이브	Alcremie	Matcha Cream	1			
869	3	마휘핑	밀키민트	진화	마빌크 야생에서	팔데아	가능	가능	다이브볼	소드 세이브	Alcremie	Mint Cream	1			
869	4	마휘핑	밀키레몬	진화	마빌크 야생에서	팔데아	가능	가능	레벨볼	소드 세이브	Alcremie	Lemon Cream	1			
869	5	마휘핑	밀키솔트	진화	마빌크 야생에서	팔데아	가능	가능	프리미어볼	소드 세이브	Alcremie	Salted Cream	1			
869	6	마휘핑	루비믹스	진화	마빌크 야생에서	팔데아	가능	가능	러브러브볼	소드 세이브	Alcremie	Ruby Swirl	1			
869	7	마휘핑	캐러멜믹스	진화	마빌크 야생에서	팔데아	가능	가능	네스트볼	소드 세이브	Alcremie	Caramel Swirl	1			
869	8	마휘핑	트리플믹스	진화	마빌크 야생에서	팔데아	가능	가능	힐볼	소드 세이브	Alcremie	Rainbow Swirl	1			
870	0	대여르		야생	12슬롯	팔데아	가능	가능	레벨볼	소드 세이브	Falinks		1			
871	0	찌르성게		야생	22슬롯	팔데아	가능	가능	레벨볼	소드 세이브	Pincurchin		1			
872	0	누니머기		야생	28슬롯	팔데아	가능	가능	다이브볼	소드 세이브	Snom		0			
873	0	모스노우		야생	17슬롯	팔데아	가능	가능	다이브볼	소드 세이브	Frosmoth		1			
874	0	돌헨진		야생	15슬롯	팔데아	가능	가능	헤비볼	소드 세이브	Stonjourner		1			
875	0	빙큐보	아이스페이스	야생	33슬롯	팔데아	가능	가능	드림볼	소드 세이브	Eiscue	Ice Face	1	바이올렛		
876	0	에써르	♂	야생	58슬롯	팔데아/기타카미	가능	가능	문볼	소드 세이브	Indeedee	♂	1			
876	1	에써르	♀	야생	58슬롯	팔데아/기타카미	가능	가능	문볼	소드 세이브	Indeedee	♀	1			
877	0	모르페코	배부른 모양	야생	109슬롯	팔데아/기타카미	가능	가능	레벨볼	소드 세이브	Morpeko	Full Belly	1	바이올렛		
878	0	끼리동		야생	81슬롯	팔데아	가능	가능	헤비볼	소드 세이브	Cufant		0			
879	0	대왕끼리동		야생	52슬롯	팔데아	가능	가능	헤비볼	소드 세이브	Copperajah		1			
884	0	두랄루돈		야생	14슬롯	팔데아	가능	가능	헤비볼	소드 세이브	Duraludon		0			
885	0	드라꼰		야생	102슬롯	팔데아	가능	가능	문볼	소드 세이브	Dreepy		0	바이올렛		
886	0	드래런치		야생	27슬롯	팔데아	가능	가능	문볼	소드 세이브	Drakloak		0	바이올렛		
887	0	드래펄트		진화	드래런치 야생에서	팔데아	가능	가능	문볼	소드 세이브	Dragapult		1	바이올렛		
888	0	자시안	용사	없음	이 게임에서 얻는 길 없음 (HOME 전용)				몬스터볼	소드 세이브	Zacian	Hero	1			
889	0	자마젠타	용사	없음	이 게임에서 얻는 길 없음 (HOME 전용)				프레셔스볼	소드 세이브	Zamazenta	Hero	1			
890	0	무한다이노		없음	이 게임에서 얻는 길 없음 (HOME 전용)				몬스터볼	소드 세이브	Eternatus		1			
891	0	치고마		고정	북부 에리어 2 이로치 불가		불가		몬스터볼	소드 세이브	Kubfu		0			
892	0	우라오스	일격의	진화(고정)	치고마 고정에서		불가		몬스터볼	소드 세이브	Urshifu	Single Strike	1			
892	1	우라오스	연격의	진화(고정)	치고마 고정에서		불가		몬스터볼	소드 세이브	Urshifu	Rapid Strike	1			
893	0	자루도	노말	없음	이 게임에서 얻는 길 없음 (HOME 전용)				프레셔스볼	소드 세이브	Zarude	Normal	1			
893	1	자루도	아빠	없음	이 게임에서 얻는 길 없음 (HOME 전용)				프레셔스볼	소드 세이브	Zarude	Dada	1			
894	0	레지에레키		없음	이 게임에서 얻는 길 없음 (HOME 전용)				스피드볼	소드 세이브	Regieleki		1			
895	0	레지드래고		없음	이 게임에서 얻는 길 없음 (HOME 전용)				루어볼	소드 세이브	Regidrago		1			
896	0	블리자포스		고정	나페산 (1) 이로치 불가		불가		몬스터볼	소드 세이브	Glastrier		1			
897	0	레이스포스		고정	나페산 (1) 이로치 불가		불가		몬스터볼	소드 세이브	Spectrier		1			
898	0	버드렉스	노말	없음	이 게임에서 얻는 길 없음 (HOME 전용)				몬스터볼	소드 세이브	Calyrex	Normal	1			
898	1	버드렉스	백마 탄 모습	없음	이 게임에서 얻는 길 없음 (HOME 전용)						Calyrex	Ice	1			
898	2	버드렉스	흑마 탄 모습	없음	이 게임에서 얻는 길 없음 (HOME 전용)						Calyrex	Shadow	1			
899	0	신비록		없음	이 게임에서 얻는 길 없음 (HOME 전용)			가능			Wyrdeer		1			
900	0	사마자르		야생	1슬롯	팔데아	가능	가능			Kleavor		1			
901	0	다투곰	노말	없음	이 게임에서 얻는 길 없음 (HOME 전용)			가능			Ursaluna	Normal	1			
901	1	다투곰	붉은 달	고정	영겁의 숲 이로치 불가		불가	가능			Ursaluna	Bloodmoon	1			
902	0	대쓰여너	♂	진화	배쓰나이 하얀  야생에서	기타카미/팔데아	가능	가능			Basculegion	♂	1			
902	1	대쓰여너	♀	진화	배쓰나이 하얀  야생에서	기타카미/팔데아	가능	가능			Basculegion	♀	1			
903	0	포푸니크		없음	이 게임에서 얻는 길 없음 (HOME 전용)			가능			Sneasler		1			
904	0	장침바루		진화	침바루 히스이의 야생에서	팔데아	가능	가능			Overqwil		1			
905	0	러브로스	화신폼	없음	이 게임에서 얻는 길 없음 (HOME 전용)						Enamorus	Incarnate	1			
905	1	러브로스	영물폼	없음	이 게임에서 얻는 길 없음 (HOME 전용)						Enamorus	Therian	1			
906	0	나오하		고정	티스푼마을 이로치 불가		불가	가능			Sprigatito		0			
907	0	나로테		진화(고정)	나오하 고정에서		불가	가능			Floragato		0			
908	0	마스카나		진화(고정)	나오하 고정에서		불가	가능			Meowscarada		1			
909	0	뜨아거		고정	티스푼마을 이로치 불가		불가	가능			Fuecoco		0			
910	0	악뜨거		진화(고정)	뜨아거 고정에서		불가	가능			Crocalor		0			
911	0	라우드본		진화(고정)	뜨아거 고정에서		불가	가능			Skeledirge		1			
912	0	꾸왁스		고정	티스푼마을 이로치 불가		불가	가능			Quaxly		0			
913	0	아꾸왁		진화(고정)	꾸왁스 고정에서		불가	가능			Quaxwell		0			
914	0	웨이니발		진화(고정)	꾸왁스 고정에서		불가	가능			Quaquaval		1			
915	0	맛보돈		야생	48슬롯	팔데아	가능	가능			Lechonk		0			
916	0	퍼퓨돈	♂	야생	81슬롯	팔데아	가능	가능			Oinkologne	♂	1			
916	1	퍼퓨돈	♀	야생	81슬롯	팔데아	가능	가능			Oinkologne	♀	1			
917	0	타랜툴라		야생	78슬롯	팔데아	가능	가능			Tarountula		0			
918	0	트래피더		야생	39슬롯	팔데아	가능	가능			Spidops		1			
919	0	콩알뚜기		야생	28슬롯	팔데아	가능	가능			Nymble		0			
920	0	엑스레그		야생	120슬롯	팔데아	가능	가능			Lokix		1			
921	0	빠모		야생	171슬롯	팔데아	가능	가능			Pawmi		0			
922	0	빠모트		야생	146슬롯	팔데아	가능	가능			Pawmo		0			
923	0	빠르모트		진화	빠모트 야생에서	팔데아	가능	가능			Pawmot		1			
924	0	두리쥐		야생	272슬롯	팔데아/기타카미	가능	가능			Tandemaus		0			
925	0	파밀리쥐	세 식구	진화	두리쥐 야생에서	팔데아/기타카미	가능	가능			Maushold	Family of Three	1			
925	1	파밀리쥐	네 식구	진화	두리쥐 야생에서	팔데아/기타카미	가능	가능			Maushold	Family of Four	1			
926	0	쫀도기		야생	37슬롯	팔데아	가능	가능			Fidough		0			
927	0	바우첼		야생	23슬롯	팔데아	가능	가능			Dachsbun		1			
928	0	미니브		야생	17슬롯	팔데아	가능	가능			Smoliv		0			
929	0	올리뇨		야생	13슬롯	팔데아	가능	가능			Dolliv		0			
930	0	올리르바		진화	올리뇨 야생에서	팔데아	가능	가능			Arboliva		1			
931	0	시비꼬	그린	야생	32슬롯	팔데아	가능	가능			Squawkabilly	Green	1			
931	1	시비꼬	파란 	야생	32슬롯	팔데아	가능	가능			Squawkabilly	Blue	1			
931	2	시비꼬	노란 	야생	32슬롯	팔데아	가능	가능			Squawkabilly	Yellow	1			
931	3	시비꼬	하얀 	야생	32슬롯	팔데아	가능	가능			Squawkabilly	White	1			
932	0	베베솔트		야생	183슬롯	팔데아	가능	가능			Nacli		0			
933	0	스태솔트		야생	73슬롯	팔데아	가능	가능			Naclstack		0			
934	0	콜로솔트		야생	26슬롯	팔데아	가능	가능			Garganacl		1			
935	0	카르본		야생	135슬롯	팔데아	가능	가능			Charcadet		0			
936	0	카디나르마		진화	카르본 야생에서	팔데아	가능	가능			Armarouge		1			
937	0	파라블레이즈		진화	카르본 야생에서	팔데아	가능	가능			Ceruledge		1	바이올렛		
938	0	빈나두		야생	108슬롯	팔데아	가능	가능			Tadbulb		0			
939	0	찌리배리		야생	41슬롯	팔데아	가능	가능			Bellibolt		1			
940	0	찌리비		야생	79슬롯	팔데아	가능	가능			Wattrel		0			
941	0	찌리비크		야생	82슬롯	팔데아	가능	가능			Kilowattrel		1			
942	0	오라티프		야생	78슬롯	팔데아	가능	가능			Maschiff		0			
943	0	마피티프		야생	32슬롯	팔데아	가능	가능			Mabosstiff		1			
944	0	땃쭈르		야생	37슬롯	팔데아	가능	가능			Shroodle		0			
945	0	태깅구르		야생	12슬롯	팔데아	가능	가능			Grafaiai		1			
946	0	그푸리		야생	39슬롯	팔데아	가능	가능			Bramblin		0			
947	0	공푸리		야생	15슬롯	팔데아	가능	가능			Brambleghast		1			
948	0	들눈해		야생	199슬롯	팔데아/기타카미	가능	가능			Toedscool		0			
949	0	육파리		야생	30슬롯	팔데아/기타카미	가능	가능			Toedscruel		1			
950	0	절벼게		야생	13슬롯	팔데아	가능	가능			Klawf		1			
951	0	캡싸이		야생	29슬롯	팔데아	가능	가능			Capsakid		0			
952	0	스코빌런		야생	48슬롯	팔데아	가능	가능			Scovillain		1			
953	0	구르데		야생	14슬롯	팔데아	가능	가능			Rellor		0			
954	0	베라카스		야생	2슬롯	팔데아	가능	가능			Rabsca		1			
955	0	하느라기		야생	80슬롯	팔데아	가능	가능			Flittle		0			
956	0	클레스퍼트라		야생	49슬롯	팔데아	가능	가능			Espathra		1			
957	0	어리짱		야생	7슬롯	팔데아	가능	가능			Tinkatink		0			
958	0	벼리짱		야생	49슬롯	팔데아	가능	가능			Tinkatuff		0			
959	0	두드리짱		진화	벼리짱 야생에서	팔데아	가능	가능			Tinkaton		1			
960	0	바다그다		야생	15슬롯	팔데아	가능	가능			Wiglett		0			
961	0	바닥트리오		야생	11슬롯	팔데아	가능	가능			Wugtrio		1			
962	0	떨구새		야생	140슬롯	팔데아/기타카미	가능	가능			Bombirdier		1			
963	0	맨돌핀		야생	108슬롯	팔데아	가능	가능			Finizen		0			
964	0	돌핀맨	나이브	진화	맨돌핀 야생에서	팔데아	가능	가능			Palafin	Zero	1			
965	0	부르롱		야생	49슬롯	팔데아	가능	가능			Varoom		0			
966	0	부르르룸		야생	21슬롯	팔데아	가능	가능			Revavroom		1			
967	0	모토마		야생	36슬롯	팔데아	가능	가능			Cyclizar		1			
968	0	꿈트렁		야생	118슬롯	팔데아/기타카미	가능	가능			Orthworm		1			
969	0	초롱순		야생	119슬롯	팔데아/기타카미	가능	가능			Glimmet		0			
970	0	킬라플로르		야생	1슬롯	팔데아	가능	가능			Glimmora		1			
971	0	망망이		야생	76슬롯	팔데아	가능	가능			Greavard		0			
972	0	묘두기		야생	39슬롯	팔데아	가능	가능			Houndstone		1			
973	0	꼬이밍고		야생	72슬롯	팔데아	가능	가능			Flamigo		1			
974	0	터벅고래		야생	46슬롯	팔데아	가능	가능			Cetoddle		0			
975	0	우락고래		야생	12슬롯	팔데아	가능	가능			Cetitan		1			
976	0	가비루사		야생	31슬롯	팔데아	가능	가능			Veluza		1			
977	0	어써러셔		야생	13슬롯	팔데아	가능	가능			Dondozo		1			
978	0	싸리용	젖힌 	야생	13슬롯	팔데아	가능	가능			Tatsugiri	Curly	1			
978	1	싸리용	늘어진 	야생	13슬롯	팔데아	가능	가능			Tatsugiri	Droopy	1			
978	2	싸리용	뻗은 	야생	13슬롯	팔데아	가능	가능			Tatsugiri	Stretchy	1			
979	0	저승갓숭		야생	66슬롯	기타카미/팔데아	가능	가능			Annihilape		1			
980	0	토오		야생	18슬롯	팔데아	가능	가능			Clodsire		1			
981	0	키키링		야생	41슬롯	팔데아	가능	가능			Farigiraf		1			
982	0	노고고치	두 마	야생	25슬롯	팔데아/기타카미	가능	가능			Dudunsparce	Two-Segment	1			
982	1	노고고치	세 마	진화	노고치 야생에서	팔데아/기타카미	가능	가능			Dudunsparce	Three-Segment	1			
983	0	대도각참		야생	12슬롯	기타카미/팔데아	가능	가능			Kingambit		1			
984	0	위대한엄니		야생	1슬롯	팔데아	가능				Great Tusk		1			
985	0	우렁찬꼬리		야생	1슬롯	팔데아	가능				Scream Tail		1			
986	0	사나운버섯		야생	1슬롯	팔데아	가능				Brute Bonnet		1			
987	0	날개치는머리		야생	1슬롯	팔데아	가능				Flutter Mane		1			
988	0	땅을기는날개		야생	1슬롯	팔데아	가능				Slither Wing		1			
989	0	모래털가죽		야생	1슬롯	팔데아	가능				Sandy Shocks		1			
990	0	무쇠바퀴		야생	1슬롯	팔데아	가능				Iron Treads		1	바이올렛		
991	0	무쇠보따리		야생	1슬롯	팔데아	가능				Iron Bundle		1	바이올렛		
992	0	무쇠손		야생	1슬롯	팔데아	가능				Iron Hands		1	바이올렛		
993	0	무쇠머리		야생	1슬롯	팔데아	가능				Iron Jugulis		1	바이올렛		
994	0	무쇠독나방		야생	1슬롯	팔데아	가능				Iron Moth		1	바이올렛		
995	0	무쇠가시		야생	1슬롯	팔데아	가능				Iron Thorns		1	바이올렛		
996	0	드니차		야생	23슬롯	팔데아	가능	가능			Frigibax		0			
997	0	드니꽁		야생	2슬롯	팔데아	가능	가능			Arctibax		0			
998	0	드닐레이브		진화	드니꽁 야생에서	팔데아	가능	가능			Baxcalibur		1			
999	0	모으령	상자	고정	남부 에리어 1 이로치 불가		불가				Gimmighoul	Chest	0			
999	1	모으령	도보	없음	이 게임에서 얻는 길 없음 (HOME 전용)						Gimmighoul	Roaming	0			
1000	0	타부자고		진화(고정)	모으령 고정에서		불가				Gholdengo		1			
1001	0	총지엔		고정	남부 에리어 1 이로치 불가		불가				Wo-Chien		1		#1542	
1002	0	파오젠		고정	서부 에리어 1 (1) 이로치 불가		불가				Chien-Pao		1		#1544	
1003	0	딩루		고정	누룽지 숲길 이로치 불가		불가				Ting-Lu		1		#1546	
1004	0	위유이		고정	북부 에리어 2 이로치 불가		불가				Chi-Yu		1		#1548	
1005	0	고동치는달		야생	1슬롯	팔데아	가능				Roaring Moon		1			
1006	0	무쇠무인		야생	1슬롯	팔데아	가능				Iron Valiant		1	바이올렛		
1007	0	코라이돈	완전	고정	티스푼 오솔길 이로치 불가		불가				Koraidon	Apex	1		#1540(바이올렛)	
1008	0	미라이돈	컴플리트	고정	바이올렛 고정 심볼 (같은 이름의 바이올렛에서 잡아 교환) 이로치 불가		불가				Miraidon	Ultimate	1	바이올렛	#1540	
1009	0	굽이치는물결		레이드	레이드에서만		가능				Walking Wake		1			2023-02-27~2023-03-13;2023-05-01~2023-05-15;2023-12-25~2024-01-08;2024-04-26~2024-05-07;2025-02-21~2025-02-28
1010	0	무쇠잎새		레이드	레이드에서만		가능				Iron Leaves		1	바이올렛		2023-02-27~2023-03-13;2023-05-01~2023-05-15;2023-12-25~2024-01-08;2024-04-26~2024-05-07;2025-02-21~2025-02-28
1011	0	과미르		진화	과사삭벌레 야생에서	팔데아/기타카미	가능	가능			Dipplin		0			
1012	0	차데스	가짜배기	야생	16슬롯	기타카미/팔데아	가능	가능			Poltchageist	Counterfeit	0			
1012	1	차데스	알짜배기	야생	16슬롯	기타카미/팔데아	가능	가능			Poltchageist	Artisan	0			
1013	0	그우린차	범작	진화	차데스 야생에서	기타카미/팔데아	가능	가능			Sinistcha	Unremarkable	1			
1013	1	그우린차	걸작	진화	차데스 알짜배기 야생에서	기타카미/팔데아	가능	가능			Sinistcha	Masterpiece	1			
1014	0	조타구		고정	낙원의 황무지 이로치 불가		불가				Okidogi		1			
1015	0	이야후		고정	등꽃 들판 이로치 불가		불가				Munkidori		1			
1016	0	기로치		고정	도깨비산 (1) 이로치 불가		불가				Fezandipiti		1			
1017	0	오거폰	벽록	고정	공포의 굴 이로치 불가		불가				Ogerpon	Teal	1			
1017	1	오거폰	우물	없음	이 게임에서 얻는 길 없음 (HOME 전용)						Ogerpon	Wellspring	1			
1017	2	오거폰	화덕	없음	이 게임에서 얻는 길 없음 (HOME 전용)						Ogerpon	Hearthflame	1			
1017	3	오거폰	주춧돌	없음	이 게임에서 얻는 길 없음 (HOME 전용)						Ogerpon	Cornerstone	1			
1018	0	브리두라스		진화	두랄루돈 야생에서	팔데아	가능	가능			Archaludon		1			
1019	0	과미드라		진화	과사삭벌레 야생에서	팔데아/기타카미	가능	가능			Hydrapple		1			
1020	0	꿰뚫는화염		고정	에리어 제로 (5) 이로치 불가		불가				Gouging Fire		1			
1021	0	날뛰는우레		고정	에리어 제로 (5) 이로치 불가		불가				Raging Bolt		1			
1022	0	무쇠암석		고정	바이올렛 고정 심볼 (같은 이름의 바이올렛에서 잡아 교환) 이로치 불가		불가				Iron Boulder		1	바이올렛		
1023	0	무쇠감투		고정	바이올렛 고정 심볼 (같은 이름의 바이올렛에서 잡아 교환) 이로치 불가		불가				Iron Crown		1	바이올렛		
1024	0	테라파고스	노말	고정	제로의 대공동 (2) 이로치 불가		불가				Terapagos	Normal	1			
1025	0	복숭악동		고정	세벗 플라자 이로치 불가		불가				Pecharunt		1			
