번호	폼	우두	지역	표	시간	날씨	슬롯	몫	레벨	보장IV	성별고정	슬롯표
25	0	0	CRIMSON_MIRELANDS	2F596500DC48655A	dawn	cloudy	6	0.1951	41-44	0		46-0-0-100|46-0-1-2|47-0-0-50|47-0-1-1|172-0-0-10|172-0-1-1|25-0-0-40|25-0-1-1|92-0-0-0|92-0-1-0|93-0-0-0|93-0-1-0
25	0	1	OBSIDIAN_FIELDLANDS	6A56CFBF28AA9E8F	dawn	sunny	1	0.0075	24-27	3		25-0-0-20|25-0-1-1|172-0-0-10|172-0-1-1|401-0-0-100|401-0-1-2|41-0-0-0|41-0-1-0
26	0	1	CRIMSON_MIRELANDS	C63AF083126C5C86	dawn	sunny	0	1.0000	52-52	3		26-0-1-100
35	0	0	CORONET_HIGHLANDS	6A59D2BF28ACD97F	night	sunny	2	0.8929	43-46	0		173-0-0-10|173-0-1-1|35-0-0-100|35-0-1-1
35	0	1	CORONET_HIGHLANDS	6A59D2BF28ACD97F	night	sunny	3	0.0089	58-61	3		173-0-0-10|173-0-1-1|35-0-0-100|35-0-1-1
36	0	1	CORONET_HIGHLANDS	C637708312694D2F	night	sunny	0	1.0000	62-62	3		36-0-1-100
37	0	0	COBALT_COASTLANDS	2F596500DC48655A	dawn	drought	0	0.2679	29-32	0		37-0-0-37.5|37-0-1-1.5|431-0-0-100|431-0-1-1|198-0-0-0|198-0-1-0
37	0	1	COBALT_COASTLANDS	2F596500DC48655A	dawn	drought	1	0.0107	44-47	3		37-0-0-37.5|37-0-1-1.5|431-0-0-100|431-0-1-1|198-0-0-0|198-0-1-0
38	0	1	COBALT_COASTLANDS	C63AF283126C5FEC	dawn	sunny	0	1.0000	61-61	3		38-0-1-120
41	0	0	OBSIDIAN_FIELDLANDS	BCA38F03C9CA6A31	night	sunny	2	0.9901	7-10	0		396-0-0-0|396-0-1-0|41-0-0-100|41-0-1-1
41	0	1	OBSIDIAN_FIELDLANDS	BCA38E03C9CA687E	night	sunny	5	0.0196	24-27	3		396-0-0-0|396-0-1-0|397-0-0-0|397-0-1-0|41-0-0-100|41-0-1-2
42	0	0	CORONET_HIGHLANDS	6A56CCBF28AA9976	night	sunny	2	0.9901	35-38	0		214-0-0-0|214-0-1-0|42-0-0-100|42-0-1-1
42	0	1	OBSIDIAN_FIELDLANDS	C63AEE83126C5920	night	sunny	0	1.0000	35-35	3		42-0-1-100
46	0	0	OBSIDIAN_FIELDLANDS	6A56CEBF28AA9CDC	dawn	sunny	0	0.9804	9-12	0		46-0-0-120|46-0-1-2.4|41-0-0-0|41-0-1-0
46	0	1	OBSIDIAN_FIELDLANDS	6A56CEBF28AA9CDC	dawn	cloudy	1	0.0196	24-27	3		46-0-0-100|46-0-1-2|41-0-0-0|41-0-1-0
47	0	0	COBALT_COASTLANDS	6A534FBF28A78F38	dawn	sunny	0	0.9901	41-44	0		47-0-0-120|47-0-1-1.2
47	0	1	OBSIDIAN_FIELDLANDS	C6376D8312694816	dawn	sunny	0	1.0000	30-30	3		47-0-1-120
54	0	0	CRIMSON_MIRELANDS	6A59D4BF28ACDCE5	dawn	sunny	0	0.9804	17-20	0		54-0-0-100|54-0-1-2|92-0-0-0|92-0-1-0
54	0	1	CRIMSON_MIRELANDS	6A59D4BF28ACDCE5	dawn	sunny	1	0.0196	32-35	3		54-0-0-100|54-0-1-2|92-0-0-0|92-0-1-0
55	0	0	COBALT_COASTLANDS	6A5D51BF28AFE723	dawn	sunny	0	0.9901	41-44	0		55-0-0-100|55-0-1-1
55	0	1	COBALT_COASTLANDS	C63AFD83126C729D	dawn	sunny	0	1.0000	50-50	3		55-0-1-100
58	1	0	COBALT_COASTLANDS	6A67CFBF28B911C2	dawn	sunny	0	0.9901	41-44	0		58-1-0-120|58-1-1-1.2
58	1	1	COBALT_COASTLANDS	6A59DBBF28ACE8CA	dawn	drought	1	0.0113	44-47	3		58-1-0-30|58-1-1-1.5|431-0-0-100|431-0-1-1|198-0-0-0|198-0-1-0
63	0	0	OBSIDIAN_FIELDLANDS	6A56D0BF28AAA042	dawn	sunny	0	0.9804	9-12	0		63-0-0-100|63-0-1-2|425-0-0-0|425-0-1-0
63	0	1	OBSIDIAN_FIELDLANDS	6A56D0BF28AAA042	dawn	sunny	1	0.0196	24-27	3		63-0-0-100|63-0-1-2|425-0-0-0|425-0-1-0
64	0	0	ALABASTER_ICELANDS	6A6ACEBF28BB45E6	dawn	sunny	2	0.8197	49-52	0		63-0-0-20|63-0-1-1|64-0-0-100|64-0-1-1
64	0	1	ALABASTER_ICELANDS	6A6ACEBF28BB45E6	dawn	sunny	3	0.0082	64-67	3		63-0-0-20|63-0-1-1|64-0-0-100|64-0-1-1
65	0	1	OBSIDIAN_FIELDLANDS	C63AF483126C6352	dawn	sunny	0	1.0000	60-60	3		65-0-1-100
66	0	0	ALABASTER_ICELANDS	6A645FBF28B61D9B	dawn	sunny	0	0.9804	24-27	0		66-0-0-100|66-0-1-2|355-0-0-0|355-0-1-0|356-0-0-0|356-0-1-0
66	0	1	ALABASTER_ICELANDS	6A645FBF28B61D9B	dawn	sunny	1	0.0196	39-42	3		66-0-0-100|66-0-1-2|355-0-0-0|355-0-1-0|356-0-0-0|356-0-1-0
67	0	0	ALABASTER_ICELANDS	6A6AD2BF28BB4CB2	dawn	sunny	0	0.9901	47-50	0		67-0-0-100|67-0-1-1|355-0-0-0|355-0-1-0|356-0-0-0|356-0-1-0
67	0	1	COBALT_COASTLANDS	C6376E83126949C9	dawn	sunny	0	1.0000	40-40	3		67-0-1-100
68	0	1	ALABASTER_ICELANDS	C6376E83126949C9	dawn	sunny	0	1.0000	70-70	3		68-0-1-100
72	0	0	COBALT_COASTLANDS	FD99A3CA1D5441C2	dawn	sunny	0	0.9901	26-29	0		72-0-0-100|72-0-1-1
72	0	1	COBALT_COASTLANDS	18F7B880761CB638	dawn	sunny	1	0.0123	41-44	3		72-0-0-100|72-0-1-2|73-0-0-60|73-0-1-1|425-0-0-0|425-0-1-0|426-0-0-0|426-0-1-0
73	0	0	COBALT_COASTLANDS	18F7B880761CB638	dawn	sunny	2	0.3681	31-34	0		72-0-0-100|72-0-1-2|73-0-0-60|73-0-1-1|425-0-0-0|425-0-1-0|426-0-0-0|426-0-1-0
73	0	1	COBALT_COASTLANDS	C6376C8312694663	dawn	sunny	0	1.0000	50-50	3		73-0-1-100
74	0	0	OBSIDIAN_FIELDLANDS	6A56D1BF28AAA1F5	dawn	sunny	0	0.9804	7-10	0		74-0-0-100|74-0-1-2|41-0-0-0|41-0-1-0
74	0	1	OBSIDIAN_FIELDLANDS	6A56D1BF28AAA1F5	dawn	sunny	1	0.0196	22-25	3		74-0-0-100|74-0-1-2|41-0-0-0|41-0-1-0
75	0	0	CRIMSON_MIRELANDS	6A534DBF28A78BD2	dawn	sunny	0	0.9901	25-28	0		75-0-0-100|75-0-1-1|42-0-0-0|42-0-1-0
75	0	1	OBSIDIAN_FIELDLANDS	C637788312695AC7	dawn	sunny	0	1.0000	30-30	3		75-0-1-100
76	0	1	CORONET_HIGHLANDS	C637728312695095	dawn	sunny	0	1.0000	60-60	3		76-0-1-100
77	0	0	OBSIDIAN_FIELDLANDS	32C6F0F14B22399C	dawn	sunny	0	1.0000	15-15	0		77-0-0-100
77	0	1	OBSIDIAN_FIELDLANDS	6A56CDBF28AA9B29	dawn	drought	1	0.0131	18-21	3		77-0-0-200|77-0-1-4|399-0-0-100|399-0-1-2|425-0-0-0|425-0-1-0
78	0	1	OBSIDIAN_FIELDLANDS	83B2DCF761D48736	dawn	sunny	0	1.0000	40-40	3		78-0-1-1.2
92	0	0	CRIMSON_MIRELANDS	2F55E000DC454D84	night	sunny	4	0.9804	19-22	0		406-0-0-0|406-0-1-0|315-0-0-0|315-0-1-0|92-0-0-100|92-0-1-2
92	0	1	CRIMSON_MIRELANDS	6A59DBBF28ACE8CA	night	sunny	3	0.0244	32-35	3		406-0-0-0|406-0-1-0|92-0-0-80|92-0-1-2
93	0	0	CORONET_HIGHLANDS	2F595C00DC48560F	night	sunny	2	0.9804	39-42	0		75-0-0-0|75-0-1-0|93-0-0-50|93-0-1-1
93	0	1	CORONET_HIGHLANDS	2F595C00DC48560F	night	sunny	3	0.0196	54-57	3		75-0-0-0|75-0-1-0|93-0-0-50|93-0-1-1
95	0	0	CORONET_HIGHLANDS	6A5D5DBF28AFFB87	dawn	sunny	0	0.9901	43-46	0		95-0-0-100|95-0-1-1
95	0	1	CRIMSON_MIRELANDS	C637728312695095	dawn	sunny	0	1.0000	50-50	3		95-0-1-100
100	1	0	CORONET_HIGHLANDS	6A5D59BF28AFF4BB	dawn	sunny	0	0.9901	39-42	0		100-1-0-120|100-1-1-1.2
100	1	1	CORONET_HIGHLANDS	6A5D59BF28AFF4BB	dawn	sunny	1	0.0099	54-57	3		100-1-0-120|100-1-1-1.2
108	0	0	CRIMSON_MIRELANDS	2F595E00DC485975	dawn	sunny	0	0.9804	23-26	0		108-0-0-100|108-0-1-2|41-0-0-0|41-0-1-0|42-0-0-0|42-0-1-0
108	0	1	CRIMSON_MIRELANDS	2F595E00DC485975	dawn	sunny	1	0.0196	38-41	3		108-0-0-100|108-0-1-2|41-0-0-0|41-0-1-0|42-0-0-0|42-0-1-0
111	0	0	CRIMSON_MIRELANDS	6A59DCBF28ACEA7D	dawn	sunny	0	0.9804	23-26	0		111-0-0-100|111-0-1-2|41-0-0-0|41-0-1-0|42-0-0-0|42-0-1-0
111	0	1	CRIMSON_MIRELANDS	C63AF483126C6352	dawn	sunny	0	1.0000	45-45	3		111-0-1-100
112	0	0	CORONET_HIGHLANDS	6A6ACFBF28BB4799	dawn	sunny	2	0.8130	53-56	0		111-0-0-20|111-0-1-2|112-0-0-100|112-0-1-1|92-0-0-0|92-0-1-0|93-0-0-0|93-0-1-0
112	0	1	CORONET_HIGHLANDS	6A6ACFBF28BB4799	dawn	sunny	3	0.0081	68-71	3		111-0-0-20|111-0-1-2|112-0-0-100|112-0-1-1|92-0-0-0|92-0-1-0|93-0-0-0|93-0-1-0
113	0	0	COBALT_COASTLANDS	2F55D400DC453920	dawn	drought	2	0.2335	41-44	0		440-0-0-20|440-0-1-1|113-0-0-30|113-0-1-1|363-0-0-50|363-0-1-1|364-0-0-25|364-0-1-0.5|198-0-0-0|198-0-1-0
113	0	1	COBALT_COASTLANDS	C63AF583126C6505	dawn	sunny	0	1.0000	51-51	3		113-0-1-100
114	0	0	COBALT_COASTLANDS	6A5D5FBF28AFFEED	dawn	sunny	0	0.9901	27-30	0		114-0-0-120|114-0-1-1.2|198-0-0-0|198-0-1-0
114	0	1	CRIMSON_MIRELANDS	6A59CDBF28ACD100	dawn	cloudy	1	0.0196	34-37	3		114-0-0-100|114-0-1-2|92-0-0-0|92-0-1-0
122	0	0	OBSIDIAN_FIELDLANDS	2F595800DC484F43	dawn	fog	2	0.4225	15-18	0		439-0-0-100|439-0-1-1|122-0-0-75|122-0-1-1.5|426-0-0-0|426-0-1-0
122	0	1	OBSIDIAN_FIELDLANDS	6A5D5FBF28AFFEED	dawn	fog	3	0.0102	30-33	3		439-0-0-100|439-0-1-1|122-0-0-45|122-0-1-1.5|426-0-0-0|426-0-1-0
123	0	0	OBSIDIAN_FIELDLANDS	83B2DBF761D48583	dawn	sunny	0	0.9901	13-16	0		123-0-0-100|123-0-1-1
123	0	1	OBSIDIAN_FIELDLANDS	C637778312695914	dawn	sunny	0	1.0000	42-42	3		123-0-1-100
125	0	0	ALABASTER_ICELANDS	6A78CEBF28C78342	dawn	sunny	0	0.9901	47-50	0		125-0-0-100|125-0-1-1
125	0	1	ALABASTER_ICELANDS	C63AF283126C5FEC	dawn	sunny	0	1.0000	65-65	3		125-0-1-100
126	0	0	COBALT_COASTLANDS	6A5D58BF28AFF308	dawn	drought	0	0.6550	31-34	0		126-0-0-150|126-0-1-1.5|240-0-0-15|240-0-1-1.5|75-0-0-60|75-0-1-1
126	0	1	COBALT_COASTLANDS	6A5D58BF28AFF308	dawn	drought	1	0.0066	46-49	3		126-0-0-150|126-0-1-1.5|240-0-0-15|240-0-1-1.5|75-0-0-60|75-0-1-1
129	0	0	CORONET_HIGHLANDS	FD99A3CA1D5441C2	dawn	sunny	0	0.9901	16-19	0		129-0-0-100|129-0-1-1
129	0	1	OBSIDIAN_FIELDLANDS	C63AF383126C619F	dawn	sunny	0	1.0000	55-55	3		129-0-1-100
130	0	0	OBSIDIAN_FIELDLANDS	418CD9CF8ECCED6B	dawn	sunny	0	1.0000	24-27	0		130-0-0-100
130	0	1	OBSIDIAN_FIELDLANDS	C63AF283126C5FEC	dawn	sunny	0	1.0000	60-60	3		130-0-1-100
133	0	0	OBSIDIAN_FIELDLANDS	2F4B6900DC3C2ECA	dawn	sunny	4	0.1626	3-6	0		399-0-0-100|399-0-1-2|425-0-0-0|425-0-1-0|133-0-0-20|133-0-1-1
133	0	1	COBALT_COASTLANDS	6A67CCBF28B90CA9	dawn	sunny	3	0.0085	42-45	3		431-0-0-100|431-0-1-2|133-0-0-15|133-0-1-1|198-0-0-0|198-0-1-0
143	0	0	ALABASTER_ICELANDS	83B2DAF761D483D0	dawn	sunny	0	0.0426	47-50	0		143-0-0-10|143-0-1-1|448-0-0-10|448-0-1-1|67-0-0-100|67-0-1-1|108-0-0-100|108-0-1-1|428-0-0-10|428-0-1-1
143	0	1	OBSIDIAN_FIELDLANDS	C637718312694EE2	dawn	sunny	0	1.0000	45-45	3		143-0-1-100
169	0	0	ALABASTER_ICELANDS	BA9E10AFE4A01E7C	dawn	sunny	0	1.0000	49-52	0		169-0-0-100
172	0	0	OBSIDIAN_FIELDLANDS	6A6AD3BF28BB4E65	dawn	sunny	2	0.0885	3-6	0		265-0-0-100|265-0-1-2|172-0-0-10|172-0-1-1|425-0-0-0|425-0-1-0
172	0	1	OBSIDIAN_FIELDLANDS	6A6AD3BF28BB4E65	dawn	sunny	3	0.0088	18-21	3		265-0-0-100|265-0-1-2|172-0-0-10|172-0-1-1|425-0-0-0|425-0-1-0
173	0	0	CORONET_HIGHLANDS	6A59D2BF28ACD97F	night	sunny	0	0.0893	43-46	0		173-0-0-10|173-0-1-1|35-0-0-100|35-0-1-1
173	0	1	CORONET_HIGHLANDS	6A59D2BF28ACD97F	night	sunny	1	0.0089	58-61	3		173-0-0-10|173-0-1-1|35-0-0-100|35-0-1-1
175	0	0	COBALT_COASTLANDS	2F55D600DC453C86	dawn	sunny	0	0.9901	31-34	0		175-0-0-100|175-0-1-1
175	0	1	COBALT_COASTLANDS	2F55D600DC453C86	dawn	sunny	1	0.0099	46-49	3		175-0-0-100|175-0-1-1
176	0	0	CRIMSON_MIRELANDS	E8581BB6477BCA5E	dawn	sunny	0	1.0000	22-25	0		176-0-0-100
176	0	1	COBALT_COASTLANDS	6A67CDBF28B90E5C	dawn	sunny	3	0.0063	46-49	3		175-0-0-20|175-0-1-1|176-0-0-5|176-0-1-1|397-0-0-100|397-0-1-2|398-0-0-30|398-0-1-1|425-0-0-0|425-0-1-0|426-0-0-0|426-0-1-0
185	0	0	CORONET_HIGHLANDS	6A5349BF28A78506	dawn	sunny	0	0.9901	39-42	0		185-0-0-100|185-0-1-1
185	0	1	CORONET_HIGHLANDS	6A5349BF28A78506	dawn	sunny	1	0.0099	54-57	3		185-0-0-100|185-0-1-1
190	0	0	COBALT_COASTLANDS	6A59D1BF28ACD7CC	dawn	sunny	0	0.9901	29-32	0		190-0-0-100|190-0-1-1
190	0	1	OBSIDIAN_FIELDLANDS	6A534EBF28A78D85	dawn	sunny	1	0.0196	39-42	3		190-0-0-100|190-0-1-2|425-0-0-0|425-0-1-0|426-0-0-0|426-0-1-0
193	0	0	CRIMSON_MIRELANDS	617B9A844BFF68AF	dawn	sunny	0	1.0000	22-24	0		193-0-0-100
193	0	1	CRIMSON_MIRELANDS	BCA38D03C9CA66CB	dawn	sunny	1	0.0196	42-45	3		193-0-0-100|193-0-1-2
198	0	0	CRIMSON_MIRELANDS	617B9B844BFF6A62	night	sunny	0	1.0000	23-25	0		198-0-0-100
198	0	1	COBALT_COASTLANDS	BCA08A03C9C82BDB	night	sunny	1	0.0196	46-49	3		198-0-0-100|198-0-1-2
200	0	0	ALABASTER_ICELANDS	6A755BBF28C48A02	dawn	sunny	0	0.9901	49-52	0		200-0-0-100|200-0-1-1
200	0	1	CORONET_HIGHLANDS	6A59D3BF28ACDB32	night	sunny	1	0.0177	58-61	3		200-0-0-100|200-0-1-2|436-0-0-0|436-0-1-0|437-0-0-0|437-0-1-0|479-0-0-10|479-0-1-1
201	0	0	CRIMSON_MIRELANDS	83B2DCF761D48736	dawn	sunny	0	0.0354	25-25	0		201-0-0-100|201-1-0-100|201-2-0-100|201-3-0-100|201-4-0-100|201-5-0-100|201-6-0-100|201-7-0-100|201-8-0-100|201-9-0-100|201-10-0-100|201-11-0-100|201-12-0-100|201-13-0-100|201-14-0-100|201-15-0-100|201-16-0-100|201-17-0-100|201-18-0-100|201-19-0-100|201-20-0-100|201-21-0-100|201-22-0-100|201-23-0-100|201-24-0-100|201-25-0-100|201-26-0-100|201-27-0-100|201-0-1-1|201-1-1-1|201-2-1-1|201-3-1-1|201-4-1-1|201-5-1-1|201-6-1-1|201-7-1-1|201-8-1-1|201-9-1-1|201-10-1-1|201-11-1-1|201-12-1-1|201-13-1-1|201-14-1-1|201-15-1-1|201-16-1-1|201-17-1-1|201-18-1-1|201-19-1-1|201-20-1-1|201-21-1-1|201-22-1-1|201-23-1-1|201-24-1-1|201-25-1-1|201-26-1-1|201-27-1-1
201	0	1	CRIMSON_MIRELANDS	83B2DCF761D48736	dawn	sunny	28	0.0004	40-40	3		201-0-0-100|201-1-0-100|201-2-0-100|201-3-0-100|201-4-0-100|201-5-0-100|201-6-0-100|201-7-0-100|201-8-0-100|201-9-0-100|201-10-0-100|201-11-0-100|201-12-0-100|201-13-0-100|201-14-0-100|201-15-0-100|201-16-0-100|201-17-0-100|201-18-0-100|201-19-0-100|201-20-0-100|201-21-0-100|201-22-0-100|201-23-0-100|201-24-0-100|201-25-0-100|201-26-0-100|201-27-0-100|201-0-1-1|201-1-1-1|201-2-1-1|201-3-1-1|201-4-1-1|201-5-1-1|201-6-1-1|201-7-1-1|201-8-1-1|201-9-1-1|201-10-1-1|201-11-1-1|201-12-1-1|201-13-1-1|201-14-1-1|201-15-1-1|201-16-1-1|201-17-1-1|201-18-1-1|201-19-1-1|201-20-1-1|201-21-1-1|201-22-1-1|201-23-1-1|201-24-1-1|201-25-1-1|201-26-1-1|201-27-1-1
201	1	0	CRIMSON_MIRELANDS	83B2DCF761D48736	dawn	sunny	1	0.0354	25-25	0		201-0-0-100|201-1-0-100|201-2-0-100|201-3-0-100|201-4-0-100|201-5-0-100|201-6-0-100|201-7-0-100|201-8-0-100|201-9-0-100|201-10-0-100|201-11-0-100|201-12-0-100|201-13-0-100|201-14-0-100|201-15-0-100|201-16-0-100|201-17-0-100|201-18-0-100|201-19-0-100|201-20-0-100|201-21-0-100|201-22-0-100|201-23-0-100|201-24-0-100|201-25-0-100|201-26-0-100|201-27-0-100|201-0-1-1|201-1-1-1|201-2-1-1|201-3-1-1|201-4-1-1|201-5-1-1|201-6-1-1|201-7-1-1|201-8-1-1|201-9-1-1|201-10-1-1|201-11-1-1|201-12-1-1|201-13-1-1|201-14-1-1|201-15-1-1|201-16-1-1|201-17-1-1|201-18-1-1|201-19-1-1|201-20-1-1|201-21-1-1|201-22-1-1|201-23-1-1|201-24-1-1|201-25-1-1|201-26-1-1|201-27-1-1
201	1	1	CRIMSON_MIRELANDS	83B2DCF761D48736	dawn	sunny	29	0.0004	40-40	3		201-0-0-100|201-1-0-100|201-2-0-100|201-3-0-100|201-4-0-100|201-5-0-100|201-6-0-100|201-7-0-100|201-8-0-100|201-9-0-100|201-10-0-100|201-11-0-100|201-12-0-100|201-13-0-100|201-14-0-100|201-15-0-100|201-16-0-100|201-17-0-100|201-18-0-100|201-19-0-100|201-20-0-100|201-21-0-100|201-22-0-100|201-23-0-100|201-24-0-100|201-25-0-100|201-26-0-100|201-27-0-100|201-0-1-1|201-1-1-1|201-2-1-1|201-3-1-1|201-4-1-1|201-5-1-1|201-6-1-1|201-7-1-1|201-8-1-1|201-9-1-1|201-10-1-1|201-11-1-1|201-12-1-1|201-13-1-1|201-14-1-1|201-15-1-1|201-16-1-1|201-17-1-1|201-18-1-1|201-19-1-1|201-20-1-1|201-21-1-1|201-22-1-1|201-23-1-1|201-24-1-1|201-25-1-1|201-26-1-1|201-27-1-1
201	2	0	CRIMSON_MIRELANDS	83B2DCF761D48736	dawn	sunny	2	0.0354	25-25	0		201-0-0-100|201-1-0-100|201-2-0-100|201-3-0-100|201-4-0-100|201-5-0-100|201-6-0-100|201-7-0-100|201-8-0-100|201-9-0-100|201-10-0-100|201-11-0-100|201-12-0-100|201-13-0-100|201-14-0-100|201-15-0-100|201-16-0-100|201-17-0-100|201-18-0-100|201-19-0-100|201-20-0-100|201-21-0-100|201-22-0-100|201-23-0-100|201-24-0-100|201-25-0-100|201-26-0-100|201-27-0-100|201-0-1-1|201-1-1-1|201-2-1-1|201-3-1-1|201-4-1-1|201-5-1-1|201-6-1-1|201-7-1-1|201-8-1-1|201-9-1-1|201-10-1-1|201-11-1-1|201-12-1-1|201-13-1-1|201-14-1-1|201-15-1-1|201-16-1-1|201-17-1-1|201-18-1-1|201-19-1-1|201-20-1-1|201-21-1-1|201-22-1-1|201-23-1-1|201-24-1-1|201-25-1-1|201-26-1-1|201-27-1-1
201	2	1	CRIMSON_MIRELANDS	83B2DCF761D48736	dawn	sunny	30	0.0004	40-40	3		201-0-0-100|201-1-0-100|201-2-0-100|201-3-0-100|201-4-0-100|201-5-0-100|201-6-0-100|201-7-0-100|201-8-0-100|201-9-0-100|201-10-0-100|201-11-0-100|201-12-0-100|201-13-0-100|201-14-0-100|201-15-0-100|201-16-0-100|201-17-0-100|201-18-0-100|201-19-0-100|201-20-0-100|201-21-0-100|201-22-0-100|201-23-0-100|201-24-0-100|201-25-0-100|201-26-0-100|201-27-0-100|201-0-1-1|201-1-1-1|201-2-1-1|201-3-1-1|201-4-1-1|201-5-1-1|201-6-1-1|201-7-1-1|201-8-1-1|201-9-1-1|201-10-1-1|201-11-1-1|201-12-1-1|201-13-1-1|201-14-1-1|201-15-1-1|201-16-1-1|201-17-1-1|201-18-1-1|201-19-1-1|201-20-1-1|201-21-1-1|201-22-1-1|201-23-1-1|201-24-1-1|201-25-1-1|201-26-1-1|201-27-1-1
201	3	0	CRIMSON_MIRELANDS	83B2DCF761D48736	dawn	sunny	3	0.0354	25-25	0		201-0-0-100|201-1-0-100|201-2-0-100|201-3-0-100|201-4-0-100|201-5-0-100|201-6-0-100|201-7-0-100|201-8-0-100|201-9-0-100|201-10-0-100|201-11-0-100|201-12-0-100|201-13-0-100|201-14-0-100|201-15-0-100|201-16-0-100|201-17-0-100|201-18-0-100|201-19-0-100|201-20-0-100|201-21-0-100|201-22-0-100|201-23-0-100|201-24-0-100|201-25-0-100|201-26-0-100|201-27-0-100|201-0-1-1|201-1-1-1|201-2-1-1|201-3-1-1|201-4-1-1|201-5-1-1|201-6-1-1|201-7-1-1|201-8-1-1|201-9-1-1|201-10-1-1|201-11-1-1|201-12-1-1|201-13-1-1|201-14-1-1|201-15-1-1|201-16-1-1|201-17-1-1|201-18-1-1|201-19-1-1|201-20-1-1|201-21-1-1|201-22-1-1|201-23-1-1|201-24-1-1|201-25-1-1|201-26-1-1|201-27-1-1
201	3	1	CRIMSON_MIRELANDS	83B2DCF761D48736	dawn	sunny	31	0.0004	40-40	3		201-0-0-100|201-1-0-100|201-2-0-100|201-3-0-100|201-4-0-100|201-5-0-100|201-6-0-100|201-7-0-100|201-8-0-100|201-9-0-100|201-10-0-100|201-11-0-100|201-12-0-100|201-13-0-100|201-14-0-100|201-15-0-100|201-16-0-100|201-17-0-100|201-18-0-100|201-19-0-100|201-20-0-100|201-21-0-100|201-22-0-100|201-23-0-100|201-24-0-100|201-25-0-100|201-26-0-100|201-27-0-100|201-0-1-1|201-1-1-1|201-2-1-1|201-3-1-1|201-4-1-1|201-5-1-1|201-6-1-1|201-7-1-1|201-8-1-1|201-9-1-1|201-10-1-1|201-11-1-1|201-12-1-1|201-13-1-1|201-14-1-1|201-15-1-1|201-16-1-1|201-17-1-1|201-18-1-1|201-19-1-1|201-20-1-1|201-21-1-1|201-22-1-1|201-23-1-1|201-24-1-1|201-25-1-1|201-26-1-1|201-27-1-1
201	4	0	CRIMSON_MIRELANDS	83B2DCF761D48736	dawn	sunny	4	0.0354	25-25	0		201-0-0-100|201-1-0-100|201-2-0-100|201-3-0-100|201-4-0-100|201-5-0-100|201-6-0-100|201-7-0-100|201-8-0-100|201-9-0-100|201-10-0-100|201-11-0-100|201-12-0-100|201-13-0-100|201-14-0-100|201-15-0-100|201-16-0-100|201-17-0-100|201-18-0-100|201-19-0-100|201-20-0-100|201-21-0-100|201-22-0-100|201-23-0-100|201-24-0-100|201-25-0-100|201-26-0-100|201-27-0-100|201-0-1-1|201-1-1-1|201-2-1-1|201-3-1-1|201-4-1-1|201-5-1-1|201-6-1-1|201-7-1-1|201-8-1-1|201-9-1-1|201-10-1-1|201-11-1-1|201-12-1-1|201-13-1-1|201-14-1-1|201-15-1-1|201-16-1-1|201-17-1-1|201-18-1-1|201-19-1-1|201-20-1-1|201-21-1-1|201-22-1-1|201-23-1-1|201-24-1-1|201-25-1-1|201-26-1-1|201-27-1-1
201	4	1	CRIMSON_MIRELANDS	83B2DCF761D48736	dawn	sunny	32	0.0004	40-40	3		201-0-0-100|201-1-0-100|201-2-0-100|201-3-0-100|201-4-0-100|201-5-0-100|201-6-0-100|201-7-0-100|201-8-0-100|201-9-0-100|201-10-0-100|201-11-0-100|201-12-0-100|201-13-0-100|201-14-0-100|201-15-0-100|201-16-0-100|201-17-0-100|201-18-0-100|201-19-0-100|201-20-0-100|201-21-0-100|201-22-0-100|201-23-0-100|201-24-0-100|201-25-0-100|201-26-0-100|201-27-0-100|201-0-1-1|201-1-1-1|201-2-1-1|201-3-1-1|201-4-1-1|201-5-1-1|201-6-1-1|201-7-1-1|201-8-1-1|201-9-1-1|201-10-1-1|201-11-1-1|201-12-1-1|201-13-1-1|201-14-1-1|201-15-1-1|201-16-1-1|201-17-1-1|201-18-1-1|201-19-1-1|201-20-1-1|201-21-1-1|201-22-1-1|201-23-1-1|201-24-1-1|201-25-1-1|201-26-1-1|201-27-1-1
201	5	0	CRIMSON_MIRELANDS	83B2DCF761D48736	dawn	sunny	5	0.0354	25-25	0		201-0-0-100|201-1-0-100|201-2-0-100|201-3-0-100|201-4-0-100|201-5-0-100|201-6-0-100|201-7-0-100|201-8-0-100|201-9-0-100|201-10-0-100|201-11-0-100|201-12-0-100|201-13-0-100|201-14-0-100|201-15-0-100|201-16-0-100|201-17-0-100|201-18-0-100|201-19-0-100|201-20-0-100|201-21-0-100|201-22-0-100|201-23-0-100|201-24-0-100|201-25-0-100|201-26-0-100|201-27-0-100|201-0-1-1|201-1-1-1|201-2-1-1|201-3-1-1|201-4-1-1|201-5-1-1|201-6-1-1|201-7-1-1|201-8-1-1|201-9-1-1|201-10-1-1|201-11-1-1|201-12-1-1|201-13-1-1|201-14-1-1|201-15-1-1|201-16-1-1|201-17-1-1|201-18-1-1|201-19-1-1|201-20-1-1|201-21-1-1|201-22-1-1|201-23-1-1|201-24-1-1|201-25-1-1|201-26-1-1|201-27-1-1
201	5	1	CRIMSON_MIRELANDS	83B2DCF761D48736	dawn	sunny	33	0.0004	40-40	3		201-0-0-100|201-1-0-100|201-2-0-100|201-3-0-100|201-4-0-100|201-5-0-100|201-6-0-100|201-7-0-100|201-8-0-100|201-9-0-100|201-10-0-100|201-11-0-100|201-12-0-100|201-13-0-100|201-14-0-100|201-15-0-100|201-16-0-100|201-17-0-100|201-18-0-100|201-19-0-100|201-20-0-100|201-21-0-100|201-22-0-100|201-23-0-100|201-24-0-100|201-25-0-100|201-26-0-100|201-27-0-100|201-0-1-1|201-1-1-1|201-2-1-1|201-3-1-1|201-4-1-1|201-5-1-1|201-6-1-1|201-7-1-1|201-8-1-1|201-9-1-1|201-10-1-1|201-11-1-1|201-12-1-1|201-13-1-1|201-14-1-1|201-15-1-1|201-16-1-1|201-17-1-1|201-18-1-1|201-19-1-1|201-20-1-1|201-21-1-1|201-22-1-1|201-23-1-1|201-24-1-1|201-25-1-1|201-26-1-1|201-27-1-1
201	6	0	CRIMSON_MIRELANDS	83B2DCF761D48736	dawn	sunny	6	0.0354	25-25	0		201-0-0-100|201-1-0-100|201-2-0-100|201-3-0-100|201-4-0-100|201-5-0-100|201-6-0-100|201-7-0-100|201-8-0-100|201-9-0-100|201-10-0-100|201-11-0-100|201-12-0-100|201-13-0-100|201-14-0-100|201-15-0-100|201-16-0-100|201-17-0-100|201-18-0-100|201-19-0-100|201-20-0-100|201-21-0-100|201-22-0-100|201-23-0-100|201-24-0-100|201-25-0-100|201-26-0-100|201-27-0-100|201-0-1-1|201-1-1-1|201-2-1-1|201-3-1-1|201-4-1-1|201-5-1-1|201-6-1-1|201-7-1-1|201-8-1-1|201-9-1-1|201-10-1-1|201-11-1-1|201-12-1-1|201-13-1-1|201-14-1-1|201-15-1-1|201-16-1-1|201-17-1-1|201-18-1-1|201-19-1-1|201-20-1-1|201-21-1-1|201-22-1-1|201-23-1-1|201-24-1-1|201-25-1-1|201-26-1-1|201-27-1-1
201	6	1	CRIMSON_MIRELANDS	83B2DCF761D48736	dawn	sunny	34	0.0004	40-40	3		201-0-0-100|201-1-0-100|201-2-0-100|201-3-0-100|201-4-0-100|201-5-0-100|201-6-0-100|201-7-0-100|201-8-0-100|201-9-0-100|201-10-0-100|201-11-0-100|201-12-0-100|201-13-0-100|201-14-0-100|201-15-0-100|201-16-0-100|201-17-0-100|201-18-0-100|201-19-0-100|201-20-0-100|201-21-0-100|201-22-0-100|201-23-0-100|201-24-0-100|201-25-0-100|201-26-0-100|201-27-0-100|201-0-1-1|201-1-1-1|201-2-1-1|201-3-1-1|201-4-1-1|201-5-1-1|201-6-1-1|201-7-1-1|201-8-1-1|201-9-1-1|201-10-1-1|201-11-1-1|201-12-1-1|201-13-1-1|201-14-1-1|201-15-1-1|201-16-1-1|201-17-1-1|201-18-1-1|201-19-1-1|201-20-1-1|201-21-1-1|201-22-1-1|201-23-1-1|201-24-1-1|201-25-1-1|201-26-1-1|201-27-1-1
201	7	0	CRIMSON_MIRELANDS	83B2DCF761D48736	dawn	sunny	7	0.0354	25-25	0		201-0-0-100|201-1-0-100|201-2-0-100|201-3-0-100|201-4-0-100|201-5-0-100|201-6-0-100|201-7-0-100|201-8-0-100|201-9-0-100|201-10-0-100|201-11-0-100|201-12-0-100|201-13-0-100|201-14-0-100|201-15-0-100|201-16-0-100|201-17-0-100|201-18-0-100|201-19-0-100|201-20-0-100|201-21-0-100|201-22-0-100|201-23-0-100|201-24-0-100|201-25-0-100|201-26-0-100|201-27-0-100|201-0-1-1|201-1-1-1|201-2-1-1|201-3-1-1|201-4-1-1|201-5-1-1|201-6-1-1|201-7-1-1|201-8-1-1|201-9-1-1|201-10-1-1|201-11-1-1|201-12-1-1|201-13-1-1|201-14-1-1|201-15-1-1|201-16-1-1|201-17-1-1|201-18-1-1|201-19-1-1|201-20-1-1|201-21-1-1|201-22-1-1|201-23-1-1|201-24-1-1|201-25-1-1|201-26-1-1|201-27-1-1
201	7	1	CRIMSON_MIRELANDS	83B2DCF761D48736	dawn	sunny	35	0.0004	40-40	3		201-0-0-100|201-1-0-100|201-2-0-100|201-3-0-100|201-4-0-100|201-5-0-100|201-6-0-100|201-7-0-100|201-8-0-100|201-9-0-100|201-10-0-100|201-11-0-100|201-12-0-100|201-13-0-100|201-14-0-100|201-15-0-100|201-16-0-100|201-17-0-100|201-18-0-100|201-19-0-100|201-20-0-100|201-21-0-100|201-22-0-100|201-23-0-100|201-24-0-100|201-25-0-100|201-26-0-100|201-27-0-100|201-0-1-1|201-1-1-1|201-2-1-1|201-3-1-1|201-4-1-1|201-5-1-1|201-6-1-1|201-7-1-1|201-8-1-1|201-9-1-1|201-10-1-1|201-11-1-1|201-12-1-1|201-13-1-1|201-14-1-1|201-15-1-1|201-16-1-1|201-17-1-1|201-18-1-1|201-19-1-1|201-20-1-1|201-21-1-1|201-22-1-1|201-23-1-1|201-24-1-1|201-25-1-1|201-26-1-1|201-27-1-1
201	8	0	CRIMSON_MIRELANDS	83B2DCF761D48736	dawn	sunny	8	0.0354	25-25	0		201-0-0-100|201-1-0-100|201-2-0-100|201-3-0-100|201-4-0-100|201-5-0-100|201-6-0-100|201-7-0-100|201-8-0-100|201-9-0-100|201-10-0-100|201-11-0-100|201-12-0-100|201-13-0-100|201-14-0-100|201-15-0-100|201-16-0-100|201-17-0-100|201-18-0-100|201-19-0-100|201-20-0-100|201-21-0-100|201-22-0-100|201-23-0-100|201-24-0-100|201-25-0-100|201-26-0-100|201-27-0-100|201-0-1-1|201-1-1-1|201-2-1-1|201-3-1-1|201-4-1-1|201-5-1-1|201-6-1-1|201-7-1-1|201-8-1-1|201-9-1-1|201-10-1-1|201-11-1-1|201-12-1-1|201-13-1-1|201-14-1-1|201-15-1-1|201-16-1-1|201-17-1-1|201-18-1-1|201-19-1-1|201-20-1-1|201-21-1-1|201-22-1-1|201-23-1-1|201-24-1-1|201-25-1-1|201-26-1-1|201-27-1-1
201	8	1	CRIMSON_MIRELANDS	83B2DCF761D48736	dawn	sunny	36	0.0004	40-40	3		201-0-0-100|201-1-0-100|201-2-0-100|201-3-0-100|201-4-0-100|201-5-0-100|201-6-0-100|201-7-0-100|201-8-0-100|201-9-0-100|201-10-0-100|201-11-0-100|201-12-0-100|201-13-0-100|201-14-0-100|201-15-0-100|201-16-0-100|201-17-0-100|201-18-0-100|201-19-0-100|201-20-0-100|201-21-0-100|201-22-0-100|201-23-0-100|201-24-0-100|201-25-0-100|201-26-0-100|201-27-0-100|201-0-1-1|201-1-1-1|201-2-1-1|201-3-1-1|201-4-1-1|201-5-1-1|201-6-1-1|201-7-1-1|201-8-1-1|201-9-1-1|201-10-1-1|201-11-1-1|201-12-1-1|201-13-1-1|201-14-1-1|201-15-1-1|201-16-1-1|201-17-1-1|201-18-1-1|201-19-1-1|201-20-1-1|201-21-1-1|201-22-1-1|201-23-1-1|201-24-1-1|201-25-1-1|201-26-1-1|201-27-1-1
201	9	0	CRIMSON_MIRELANDS	83B2DCF761D48736	dawn	sunny	9	0.0354	25-25	0		201-0-0-100|201-1-0-100|201-2-0-100|201-3-0-100|201-4-0-100|201-5-0-100|201-6-0-100|201-7-0-100|201-8-0-100|201-9-0-100|201-10-0-100|201-11-0-100|201-12-0-100|201-13-0-100|201-14-0-100|201-15-0-100|201-16-0-100|201-17-0-100|201-18-0-100|201-19-0-100|201-20-0-100|201-21-0-100|201-22-0-100|201-23-0-100|201-24-0-100|201-25-0-100|201-26-0-100|201-27-0-100|201-0-1-1|201-1-1-1|201-2-1-1|201-3-1-1|201-4-1-1|201-5-1-1|201-6-1-1|201-7-1-1|201-8-1-1|201-9-1-1|201-10-1-1|201-11-1-1|201-12-1-1|201-13-1-1|201-14-1-1|201-15-1-1|201-16-1-1|201-17-1-1|201-18-1-1|201-19-1-1|201-20-1-1|201-21-1-1|201-22-1-1|201-23-1-1|201-24-1-1|201-25-1-1|201-26-1-1|201-27-1-1
201	9	1	CRIMSON_MIRELANDS	83B2DCF761D48736	dawn	sunny	37	0.0004	40-40	3		201-0-0-100|201-1-0-100|201-2-0-100|201-3-0-100|201-4-0-100|201-5-0-100|201-6-0-100|201-7-0-100|201-8-0-100|201-9-0-100|201-10-0-100|201-11-0-100|201-12-0-100|201-13-0-100|201-14-0-100|201-15-0-100|201-16-0-100|201-17-0-100|201-18-0-100|201-19-0-100|201-20-0-100|201-21-0-100|201-22-0-100|201-23-0-100|201-24-0-100|201-25-0-100|201-26-0-100|201-27-0-100|201-0-1-1|201-1-1-1|201-2-1-1|201-3-1-1|201-4-1-1|201-5-1-1|201-6-1-1|201-7-1-1|201-8-1-1|201-9-1-1|201-10-1-1|201-11-1-1|201-12-1-1|201-13-1-1|201-14-1-1|201-15-1-1|201-16-1-1|201-17-1-1|201-18-1-1|201-19-1-1|201-20-1-1|201-21-1-1|201-22-1-1|201-23-1-1|201-24-1-1|201-25-1-1|201-26-1-1|201-27-1-1
201	10	0	CRIMSON_MIRELANDS	83B2DCF761D48736	dawn	sunny	10	0.0354	25-25	0		201-0-0-100|201-1-0-100|201-2-0-100|201-3-0-100|201-4-0-100|201-5-0-100|201-6-0-100|201-7-0-100|201-8-0-100|201-9-0-100|201-10-0-100|201-11-0-100|201-12-0-100|201-13-0-100|201-14-0-100|201-15-0-100|201-16-0-100|201-17-0-100|201-18-0-100|201-19-0-100|201-20-0-100|201-21-0-100|201-22-0-100|201-23-0-100|201-24-0-100|201-25-0-100|201-26-0-100|201-27-0-100|201-0-1-1|201-1-1-1|201-2-1-1|201-3-1-1|201-4-1-1|201-5-1-1|201-6-1-1|201-7-1-1|201-8-1-1|201-9-1-1|201-10-1-1|201-11-1-1|201-12-1-1|201-13-1-1|201-14-1-1|201-15-1-1|201-16-1-1|201-17-1-1|201-18-1-1|201-19-1-1|201-20-1-1|201-21-1-1|201-22-1-1|201-23-1-1|201-24-1-1|201-25-1-1|201-26-1-1|201-27-1-1
201	10	1	CRIMSON_MIRELANDS	83B2DCF761D48736	dawn	sunny	38	0.0004	40-40	3		201-0-0-100|201-1-0-100|201-2-0-100|201-3-0-100|201-4-0-100|201-5-0-100|201-6-0-100|201-7-0-100|201-8-0-100|201-9-0-100|201-10-0-100|201-11-0-100|201-12-0-100|201-13-0-100|201-14-0-100|201-15-0-100|201-16-0-100|201-17-0-100|201-18-0-100|201-19-0-100|201-20-0-100|201-21-0-100|201-22-0-100|201-23-0-100|201-24-0-100|201-25-0-100|201-26-0-100|201-27-0-100|201-0-1-1|201-1-1-1|201-2-1-1|201-3-1-1|201-4-1-1|201-5-1-1|201-6-1-1|201-7-1-1|201-8-1-1|201-9-1-1|201-10-1-1|201-11-1-1|201-12-1-1|201-13-1-1|201-14-1-1|201-15-1-1|201-16-1-1|201-17-1-1|201-18-1-1|201-19-1-1|201-20-1-1|201-21-1-1|201-22-1-1|201-23-1-1|201-24-1-1|201-25-1-1|201-26-1-1|201-27-1-1
201	11	0	CRIMSON_MIRELANDS	83B2DCF761D48736	dawn	sunny	11	0.0354	25-25	0		201-0-0-100|201-1-0-100|201-2-0-100|201-3-0-100|201-4-0-100|201-5-0-100|201-6-0-100|201-7-0-100|201-8-0-100|201-9-0-100|201-10-0-100|201-11-0-100|201-12-0-100|201-13-0-100|201-14-0-100|201-15-0-100|201-16-0-100|201-17-0-100|201-18-0-100|201-19-0-100|201-20-0-100|201-21-0-100|201-22-0-100|201-23-0-100|201-24-0-100|201-25-0-100|201-26-0-100|201-27-0-100|201-0-1-1|201-1-1-1|201-2-1-1|201-3-1-1|201-4-1-1|201-5-1-1|201-6-1-1|201-7-1-1|201-8-1-1|201-9-1-1|201-10-1-1|201-11-1-1|201-12-1-1|201-13-1-1|201-14-1-1|201-15-1-1|201-16-1-1|201-17-1-1|201-18-1-1|201-19-1-1|201-20-1-1|201-21-1-1|201-22-1-1|201-23-1-1|201-24-1-1|201-25-1-1|201-26-1-1|201-27-1-1
201	11	1	CRIMSON_MIRELANDS	83B2DCF761D48736	dawn	sunny	39	0.0004	40-40	3		201-0-0-100|201-1-0-100|201-2-0-100|201-3-0-100|201-4-0-100|201-5-0-100|201-6-0-100|201-7-0-100|201-8-0-100|201-9-0-100|201-10-0-100|201-11-0-100|201-12-0-100|201-13-0-100|201-14-0-100|201-15-0-100|201-16-0-100|201-17-0-100|201-18-0-100|201-19-0-100|201-20-0-100|201-21-0-100|201-22-0-100|201-23-0-100|201-24-0-100|201-25-0-100|201-26-0-100|201-27-0-100|201-0-1-1|201-1-1-1|201-2-1-1|201-3-1-1|201-4-1-1|201-5-1-1|201-6-1-1|201-7-1-1|201-8-1-1|201-9-1-1|201-10-1-1|201-11-1-1|201-12-1-1|201-13-1-1|201-14-1-1|201-15-1-1|201-16-1-1|201-17-1-1|201-18-1-1|201-19-1-1|201-20-1-1|201-21-1-1|201-22-1-1|201-23-1-1|201-24-1-1|201-25-1-1|201-26-1-1|201-27-1-1
201	12	0	CRIMSON_MIRELANDS	83B2DCF761D48736	dawn	sunny	12	0.0354	25-25	0		201-0-0-100|201-1-0-100|201-2-0-100|201-3-0-100|201-4-0-100|201-5-0-100|201-6-0-100|201-7-0-100|201-8-0-100|201-9-0-100|201-10-0-100|201-11-0-100|201-12-0-100|201-13-0-100|201-14-0-100|201-15-0-100|201-16-0-100|201-17-0-100|201-18-0-100|201-19-0-100|201-20-0-100|201-21-0-100|201-22-0-100|201-23-0-100|201-24-0-100|201-25-0-100|201-26-0-100|201-27-0-100|201-0-1-1|201-1-1-1|201-2-1-1|201-3-1-1|201-4-1-1|201-5-1-1|201-6-1-1|201-7-1-1|201-8-1-1|201-9-1-1|201-10-1-1|201-11-1-1|201-12-1-1|201-13-1-1|201-14-1-1|201-15-1-1|201-16-1-1|201-17-1-1|201-18-1-1|201-19-1-1|201-20-1-1|201-21-1-1|201-22-1-1|201-23-1-1|201-24-1-1|201-25-1-1|201-26-1-1|201-27-1-1
201	12	1	CRIMSON_MIRELANDS	83B2DCF761D48736	dawn	sunny	40	0.0004	40-40	3		201-0-0-100|201-1-0-100|201-2-0-100|201-3-0-100|201-4-0-100|201-5-0-100|201-6-0-100|201-7-0-100|201-8-0-100|201-9-0-100|201-10-0-100|201-11-0-100|201-12-0-100|201-13-0-100|201-14-0-100|201-15-0-100|201-16-0-100|201-17-0-100|201-18-0-100|201-19-0-100|201-20-0-100|201-21-0-100|201-22-0-100|201-23-0-100|201-24-0-100|201-25-0-100|201-26-0-100|201-27-0-100|201-0-1-1|201-1-1-1|201-2-1-1|201-3-1-1|201-4-1-1|201-5-1-1|201-6-1-1|201-7-1-1|201-8-1-1|201-9-1-1|201-10-1-1|201-11-1-1|201-12-1-1|201-13-1-1|201-14-1-1|201-15-1-1|201-16-1-1|201-17-1-1|201-18-1-1|201-19-1-1|201-20-1-1|201-21-1-1|201-22-1-1|201-23-1-1|201-24-1-1|201-25-1-1|201-26-1-1|201-27-1-1
201	13	0	CRIMSON_MIRELANDS	83B2DCF761D48736	dawn	sunny	13	0.0354	25-25	0		201-0-0-100|201-1-0-100|201-2-0-100|201-3-0-100|201-4-0-100|201-5-0-100|201-6-0-100|201-7-0-100|201-8-0-100|201-9-0-100|201-10-0-100|201-11-0-100|201-12-0-100|201-13-0-100|201-14-0-100|201-15-0-100|201-16-0-100|201-17-0-100|201-18-0-100|201-19-0-100|201-20-0-100|201-21-0-100|201-22-0-100|201-23-0-100|201-24-0-100|201-25-0-100|201-26-0-100|201-27-0-100|201-0-1-1|201-1-1-1|201-2-1-1|201-3-1-1|201-4-1-1|201-5-1-1|201-6-1-1|201-7-1-1|201-8-1-1|201-9-1-1|201-10-1-1|201-11-1-1|201-12-1-1|201-13-1-1|201-14-1-1|201-15-1-1|201-16-1-1|201-17-1-1|201-18-1-1|201-19-1-1|201-20-1-1|201-21-1-1|201-22-1-1|201-23-1-1|201-24-1-1|201-25-1-1|201-26-1-1|201-27-1-1
201	13	1	CRIMSON_MIRELANDS	83B2DCF761D48736	dawn	sunny	41	0.0004	40-40	3		201-0-0-100|201-1-0-100|201-2-0-100|201-3-0-100|201-4-0-100|201-5-0-100|201-6-0-100|201-7-0-100|201-8-0-100|201-9-0-100|201-10-0-100|201-11-0-100|201-12-0-100|201-13-0-100|201-14-0-100|201-15-0-100|201-16-0-100|201-17-0-100|201-18-0-100|201-19-0-100|201-20-0-100|201-21-0-100|201-22-0-100|201-23-0-100|201-24-0-100|201-25-0-100|201-26-0-100|201-27-0-100|201-0-1-1|201-1-1-1|201-2-1-1|201-3-1-1|201-4-1-1|201-5-1-1|201-6-1-1|201-7-1-1|201-8-1-1|201-9-1-1|201-10-1-1|201-11-1-1|201-12-1-1|201-13-1-1|201-14-1-1|201-15-1-1|201-16-1-1|201-17-1-1|201-18-1-1|201-19-1-1|201-20-1-1|201-21-1-1|201-22-1-1|201-23-1-1|201-24-1-1|201-25-1-1|201-26-1-1|201-27-1-1
201	14	0	CRIMSON_MIRELANDS	83B2DCF761D48736	dawn	sunny	14	0.0354	25-25	0		201-0-0-100|201-1-0-100|201-2-0-100|201-3-0-100|201-4-0-100|201-5-0-100|201-6-0-100|201-7-0-100|201-8-0-100|201-9-0-100|201-10-0-100|201-11-0-100|201-12-0-100|201-13-0-100|201-14-0-100|201-15-0-100|201-16-0-100|201-17-0-100|201-18-0-100|201-19-0-100|201-20-0-100|201-21-0-100|201-22-0-100|201-23-0-100|201-24-0-100|201-25-0-100|201-26-0-100|201-27-0-100|201-0-1-1|201-1-1-1|201-2-1-1|201-3-1-1|201-4-1-1|201-5-1-1|201-6-1-1|201-7-1-1|201-8-1-1|201-9-1-1|201-10-1-1|201-11-1-1|201-12-1-1|201-13-1-1|201-14-1-1|201-15-1-1|201-16-1-1|201-17-1-1|201-18-1-1|201-19-1-1|201-20-1-1|201-21-1-1|201-22-1-1|201-23-1-1|201-24-1-1|201-25-1-1|201-26-1-1|201-27-1-1
201	14	1	CRIMSON_MIRELANDS	83B2DCF761D48736	dawn	sunny	42	0.0004	40-40	3		201-0-0-100|201-1-0-100|201-2-0-100|201-3-0-100|201-4-0-100|201-5-0-100|201-6-0-100|201-7-0-100|201-8-0-100|201-9-0-100|201-10-0-100|201-11-0-100|201-12-0-100|201-13-0-100|201-14-0-100|201-15-0-100|201-16-0-100|201-17-0-100|201-18-0-100|201-19-0-100|201-20-0-100|201-21-0-100|201-22-0-100|201-23-0-100|201-24-0-100|201-25-0-100|201-26-0-100|201-27-0-100|201-0-1-1|201-1-1-1|201-2-1-1|201-3-1-1|201-4-1-1|201-5-1-1|201-6-1-1|201-7-1-1|201-8-1-1|201-9-1-1|201-10-1-1|201-11-1-1|201-12-1-1|201-13-1-1|201-14-1-1|201-15-1-1|201-16-1-1|201-17-1-1|201-18-1-1|201-19-1-1|201-20-1-1|201-21-1-1|201-22-1-1|201-23-1-1|201-24-1-1|201-25-1-1|201-26-1-1|201-27-1-1
201	15	0	CRIMSON_MIRELANDS	83B2DCF761D48736	dawn	sunny	15	0.0354	25-25	0		201-0-0-100|201-1-0-100|201-2-0-100|201-3-0-100|201-4-0-100|201-5-0-100|201-6-0-100|201-7-0-100|201-8-0-100|201-9-0-100|201-10-0-100|201-11-0-100|201-12-0-100|201-13-0-100|201-14-0-100|201-15-0-100|201-16-0-100|201-17-0-100|201-18-0-100|201-19-0-100|201-20-0-100|201-21-0-100|201-22-0-100|201-23-0-100|201-24-0-100|201-25-0-100|201-26-0-100|201-27-0-100|201-0-1-1|201-1-1-1|201-2-1-1|201-3-1-1|201-4-1-1|201-5-1-1|201-6-1-1|201-7-1-1|201-8-1-1|201-9-1-1|201-10-1-1|201-11-1-1|201-12-1-1|201-13-1-1|201-14-1-1|201-15-1-1|201-16-1-1|201-17-1-1|201-18-1-1|201-19-1-1|201-20-1-1|201-21-1-1|201-22-1-1|201-23-1-1|201-24-1-1|201-25-1-1|201-26-1-1|201-27-1-1
201	15	1	CRIMSON_MIRELANDS	83B2DCF761D48736	dawn	sunny	43	0.0004	40-40	3		201-0-0-100|201-1-0-100|201-2-0-100|201-3-0-100|201-4-0-100|201-5-0-100|201-6-0-100|201-7-0-100|201-8-0-100|201-9-0-100|201-10-0-100|201-11-0-100|201-12-0-100|201-13-0-100|201-14-0-100|201-15-0-100|201-16-0-100|201-17-0-100|201-18-0-100|201-19-0-100|201-20-0-100|201-21-0-100|201-22-0-100|201-23-0-100|201-24-0-100|201-25-0-100|201-26-0-100|201-27-0-100|201-0-1-1|201-1-1-1|201-2-1-1|201-3-1-1|201-4-1-1|201-5-1-1|201-6-1-1|201-7-1-1|201-8-1-1|201-9-1-1|201-10-1-1|201-11-1-1|201-12-1-1|201-13-1-1|201-14-1-1|201-15-1-1|201-16-1-1|201-17-1-1|201-18-1-1|201-19-1-1|201-20-1-1|201-21-1-1|201-22-1-1|201-23-1-1|201-24-1-1|201-25-1-1|201-26-1-1|201-27-1-1
201	16	0	CRIMSON_MIRELANDS	83B2DCF761D48736	dawn	sunny	16	0.0354	25-25	0		201-0-0-100|201-1-0-100|201-2-0-100|201-3-0-100|201-4-0-100|201-5-0-100|201-6-0-100|201-7-0-100|201-8-0-100|201-9-0-100|201-10-0-100|201-11-0-100|201-12-0-100|201-13-0-100|201-14-0-100|201-15-0-100|201-16-0-100|201-17-0-100|201-18-0-100|201-19-0-100|201-20-0-100|201-21-0-100|201-22-0-100|201-23-0-100|201-24-0-100|201-25-0-100|201-26-0-100|201-27-0-100|201-0-1-1|201-1-1-1|201-2-1-1|201-3-1-1|201-4-1-1|201-5-1-1|201-6-1-1|201-7-1-1|201-8-1-1|201-9-1-1|201-10-1-1|201-11-1-1|201-12-1-1|201-13-1-1|201-14-1-1|201-15-1-1|201-16-1-1|201-17-1-1|201-18-1-1|201-19-1-1|201-20-1-1|201-21-1-1|201-22-1-1|201-23-1-1|201-24-1-1|201-25-1-1|201-26-1-1|201-27-1-1
201	16	1	CRIMSON_MIRELANDS	83B2DCF761D48736	dawn	sunny	44	0.0004	40-40	3		201-0-0-100|201-1-0-100|201-2-0-100|201-3-0-100|201-4-0-100|201-5-0-100|201-6-0-100|201-7-0-100|201-8-0-100|201-9-0-100|201-10-0-100|201-11-0-100|201-12-0-100|201-13-0-100|201-14-0-100|201-15-0-100|201-16-0-100|201-17-0-100|201-18-0-100|201-19-0-100|201-20-0-100|201-21-0-100|201-22-0-100|201-23-0-100|201-24-0-100|201-25-0-100|201-26-0-100|201-27-0-100|201-0-1-1|201-1-1-1|201-2-1-1|201-3-1-1|201-4-1-1|201-5-1-1|201-6-1-1|201-7-1-1|201-8-1-1|201-9-1-1|201-10-1-1|201-11-1-1|201-12-1-1|201-13-1-1|201-14-1-1|201-15-1-1|201-16-1-1|201-17-1-1|201-18-1-1|201-19-1-1|201-20-1-1|201-21-1-1|201-22-1-1|201-23-1-1|201-24-1-1|201-25-1-1|201-26-1-1|201-27-1-1
201	17	0	CRIMSON_MIRELANDS	83B2DCF761D48736	dawn	sunny	17	0.0354	25-25	0		201-0-0-100|201-1-0-100|201-2-0-100|201-3-0-100|201-4-0-100|201-5-0-100|201-6-0-100|201-7-0-100|201-8-0-100|201-9-0-100|201-10-0-100|201-11-0-100|201-12-0-100|201-13-0-100|201-14-0-100|201-15-0-100|201-16-0-100|201-17-0-100|201-18-0-100|201-19-0-100|201-20-0-100|201-21-0-100|201-22-0-100|201-23-0-100|201-24-0-100|201-25-0-100|201-26-0-100|201-27-0-100|201-0-1-1|201-1-1-1|201-2-1-1|201-3-1-1|201-4-1-1|201-5-1-1|201-6-1-1|201-7-1-1|201-8-1-1|201-9-1-1|201-10-1-1|201-11-1-1|201-12-1-1|201-13-1-1|201-14-1-1|201-15-1-1|201-16-1-1|201-17-1-1|201-18-1-1|201-19-1-1|201-20-1-1|201-21-1-1|201-22-1-1|201-23-1-1|201-24-1-1|201-25-1-1|201-26-1-1|201-27-1-1
201	17	1	CRIMSON_MIRELANDS	83B2DCF761D48736	dawn	sunny	45	0.0004	40-40	3		201-0-0-100|201-1-0-100|201-2-0-100|201-3-0-100|201-4-0-100|201-5-0-100|201-6-0-100|201-7-0-100|201-8-0-100|201-9-0-100|201-10-0-100|201-11-0-100|201-12-0-100|201-13-0-100|201-14-0-100|201-15-0-100|201-16-0-100|201-17-0-100|201-18-0-100|201-19-0-100|201-20-0-100|201-21-0-100|201-22-0-100|201-23-0-100|201-24-0-100|201-25-0-100|201-26-0-100|201-27-0-100|201-0-1-1|201-1-1-1|201-2-1-1|201-3-1-1|201-4-1-1|201-5-1-1|201-6-1-1|201-7-1-1|201-8-1-1|201-9-1-1|201-10-1-1|201-11-1-1|201-12-1-1|201-13-1-1|201-14-1-1|201-15-1-1|201-16-1-1|201-17-1-1|201-18-1-1|201-19-1-1|201-20-1-1|201-21-1-1|201-22-1-1|201-23-1-1|201-24-1-1|201-25-1-1|201-26-1-1|201-27-1-1
201	18	0	CRIMSON_MIRELANDS	83B2DCF761D48736	dawn	sunny	18	0.0354	25-25	0		201-0-0-100|201-1-0-100|201-2-0-100|201-3-0-100|201-4-0-100|201-5-0-100|201-6-0-100|201-7-0-100|201-8-0-100|201-9-0-100|201-10-0-100|201-11-0-100|201-12-0-100|201-13-0-100|201-14-0-100|201-15-0-100|201-16-0-100|201-17-0-100|201-18-0-100|201-19-0-100|201-20-0-100|201-21-0-100|201-22-0-100|201-23-0-100|201-24-0-100|201-25-0-100|201-26-0-100|201-27-0-100|201-0-1-1|201-1-1-1|201-2-1-1|201-3-1-1|201-4-1-1|201-5-1-1|201-6-1-1|201-7-1-1|201-8-1-1|201-9-1-1|201-10-1-1|201-11-1-1|201-12-1-1|201-13-1-1|201-14-1-1|201-15-1-1|201-16-1-1|201-17-1-1|201-18-1-1|201-19-1-1|201-20-1-1|201-21-1-1|201-22-1-1|201-23-1-1|201-24-1-1|201-25-1-1|201-26-1-1|201-27-1-1
201	18	1	CRIMSON_MIRELANDS	83B2DCF761D48736	dawn	sunny	46	0.0004	40-40	3		201-0-0-100|201-1-0-100|201-2-0-100|201-3-0-100|201-4-0-100|201-5-0-100|201-6-0-100|201-7-0-100|201-8-0-100|201-9-0-100|201-10-0-100|201-11-0-100|201-12-0-100|201-13-0-100|201-14-0-100|201-15-0-100|201-16-0-100|201-17-0-100|201-18-0-100|201-19-0-100|201-20-0-100|201-21-0-100|201-22-0-100|201-23-0-100|201-24-0-100|201-25-0-100|201-26-0-100|201-27-0-100|201-0-1-1|201-1-1-1|201-2-1-1|201-3-1-1|201-4-1-1|201-5-1-1|201-6-1-1|201-7-1-1|201-8-1-1|201-9-1-1|201-10-1-1|201-11-1-1|201-12-1-1|201-13-1-1|201-14-1-1|201-15-1-1|201-16-1-1|201-17-1-1|201-18-1-1|201-19-1-1|201-20-1-1|201-21-1-1|201-22-1-1|201-23-1-1|201-24-1-1|201-25-1-1|201-26-1-1|201-27-1-1
201	19	0	CRIMSON_MIRELANDS	83B2DCF761D48736	dawn	sunny	19	0.0354	25-25	0		201-0-0-100|201-1-0-100|201-2-0-100|201-3-0-100|201-4-0-100|201-5-0-100|201-6-0-100|201-7-0-100|201-8-0-100|201-9-0-100|201-10-0-100|201-11-0-100|201-12-0-100|201-13-0-100|201-14-0-100|201-15-0-100|201-16-0-100|201-17-0-100|201-18-0-100|201-19-0-100|201-20-0-100|201-21-0-100|201-22-0-100|201-23-0-100|201-24-0-100|201-25-0-100|201-26-0-100|201-27-0-100|201-0-1-1|201-1-1-1|201-2-1-1|201-3-1-1|201-4-1-1|201-5-1-1|201-6-1-1|201-7-1-1|201-8-1-1|201-9-1-1|201-10-1-1|201-11-1-1|201-12-1-1|201-13-1-1|201-14-1-1|201-15-1-1|201-16-1-1|201-17-1-1|201-18-1-1|201-19-1-1|201-20-1-1|201-21-1-1|201-22-1-1|201-23-1-1|201-24-1-1|201-25-1-1|201-26-1-1|201-27-1-1
201	19	1	CRIMSON_MIRELANDS	83B2DCF761D48736	dawn	sunny	47	0.0004	40-40	3		201-0-0-100|201-1-0-100|201-2-0-100|201-3-0-100|201-4-0-100|201-5-0-100|201-6-0-100|201-7-0-100|201-8-0-100|201-9-0-100|201-10-0-100|201-11-0-100|201-12-0-100|201-13-0-100|201-14-0-100|201-15-0-100|201-16-0-100|201-17-0-100|201-18-0-100|201-19-0-100|201-20-0-100|201-21-0-100|201-22-0-100|201-23-0-100|201-24-0-100|201-25-0-100|201-26-0-100|201-27-0-100|201-0-1-1|201-1-1-1|201-2-1-1|201-3-1-1|201-4-1-1|201-5-1-1|201-6-1-1|201-7-1-1|201-8-1-1|201-9-1-1|201-10-1-1|201-11-1-1|201-12-1-1|201-13-1-1|201-14-1-1|201-15-1-1|201-16-1-1|201-17-1-1|201-18-1-1|201-19-1-1|201-20-1-1|201-21-1-1|201-22-1-1|201-23-1-1|201-24-1-1|201-25-1-1|201-26-1-1|201-27-1-1
201	20	0	CRIMSON_MIRELANDS	83B2DCF761D48736	dawn	sunny	20	0.0354	25-25	0		201-0-0-100|201-1-0-100|201-2-0-100|201-3-0-100|201-4-0-100|201-5-0-100|201-6-0-100|201-7-0-100|201-8-0-100|201-9-0-100|201-10-0-100|201-11-0-100|201-12-0-100|201-13-0-100|201-14-0-100|201-15-0-100|201-16-0-100|201-17-0-100|201-18-0-100|201-19-0-100|201-20-0-100|201-21-0-100|201-22-0-100|201-23-0-100|201-24-0-100|201-25-0-100|201-26-0-100|201-27-0-100|201-0-1-1|201-1-1-1|201-2-1-1|201-3-1-1|201-4-1-1|201-5-1-1|201-6-1-1|201-7-1-1|201-8-1-1|201-9-1-1|201-10-1-1|201-11-1-1|201-12-1-1|201-13-1-1|201-14-1-1|201-15-1-1|201-16-1-1|201-17-1-1|201-18-1-1|201-19-1-1|201-20-1-1|201-21-1-1|201-22-1-1|201-23-1-1|201-24-1-1|201-25-1-1|201-26-1-1|201-27-1-1
201	20	1	CRIMSON_MIRELANDS	83B2DCF761D48736	dawn	sunny	48	0.0004	40-40	3		201-0-0-100|201-1-0-100|201-2-0-100|201-3-0-100|201-4-0-100|201-5-0-100|201-6-0-100|201-7-0-100|201-8-0-100|201-9-0-100|201-10-0-100|201-11-0-100|201-12-0-100|201-13-0-100|201-14-0-100|201-15-0-100|201-16-0-100|201-17-0-100|201-18-0-100|201-19-0-100|201-20-0-100|201-21-0-100|201-22-0-100|201-23-0-100|201-24-0-100|201-25-0-100|201-26-0-100|201-27-0-100|201-0-1-1|201-1-1-1|201-2-1-1|201-3-1-1|201-4-1-1|201-5-1-1|201-6-1-1|201-7-1-1|201-8-1-1|201-9-1-1|201-10-1-1|201-11-1-1|201-12-1-1|201-13-1-1|201-14-1-1|201-15-1-1|201-16-1-1|201-17-1-1|201-18-1-1|201-19-1-1|201-20-1-1|201-21-1-1|201-22-1-1|201-23-1-1|201-24-1-1|201-25-1-1|201-26-1-1|201-27-1-1
201	21	0	CRIMSON_MIRELANDS	83B2DCF761D48736	dawn	sunny	21	0.0354	25-25	0		201-0-0-100|201-1-0-100|201-2-0-100|201-3-0-100|201-4-0-100|201-5-0-100|201-6-0-100|201-7-0-100|201-8-0-100|201-9-0-100|201-10-0-100|201-11-0-100|201-12-0-100|201-13-0-100|201-14-0-100|201-15-0-100|201-16-0-100|201-17-0-100|201-18-0-100|201-19-0-100|201-20-0-100|201-21-0-100|201-22-0-100|201-23-0-100|201-24-0-100|201-25-0-100|201-26-0-100|201-27-0-100|201-0-1-1|201-1-1-1|201-2-1-1|201-3-1-1|201-4-1-1|201-5-1-1|201-6-1-1|201-7-1-1|201-8-1-1|201-9-1-1|201-10-1-1|201-11-1-1|201-12-1-1|201-13-1-1|201-14-1-1|201-15-1-1|201-16-1-1|201-17-1-1|201-18-1-1|201-19-1-1|201-20-1-1|201-21-1-1|201-22-1-1|201-23-1-1|201-24-1-1|201-25-1-1|201-26-1-1|201-27-1-1
201	21	1	CRIMSON_MIRELANDS	83B2DCF761D48736	dawn	sunny	49	0.0004	40-40	3		201-0-0-100|201-1-0-100|201-2-0-100|201-3-0-100|201-4-0-100|201-5-0-100|201-6-0-100|201-7-0-100|201-8-0-100|201-9-0-100|201-10-0-100|201-11-0-100|201-12-0-100|201-13-0-100|201-14-0-100|201-15-0-100|201-16-0-100|201-17-0-100|201-18-0-100|201-19-0-100|201-20-0-100|201-21-0-100|201-22-0-100|201-23-0-100|201-24-0-100|201-25-0-100|201-26-0-100|201-27-0-100|201-0-1-1|201-1-1-1|201-2-1-1|201-3-1-1|201-4-1-1|201-5-1-1|201-6-1-1|201-7-1-1|201-8-1-1|201-9-1-1|201-10-1-1|201-11-1-1|201-12-1-1|201-13-1-1|201-14-1-1|201-15-1-1|201-16-1-1|201-17-1-1|201-18-1-1|201-19-1-1|201-20-1-1|201-21-1-1|201-22-1-1|201-23-1-1|201-24-1-1|201-25-1-1|201-26-1-1|201-27-1-1
201	22	0	CRIMSON_MIRELANDS	83B2DCF761D48736	dawn	sunny	22	0.0354	25-25	0		201-0-0-100|201-1-0-100|201-2-0-100|201-3-0-100|201-4-0-100|201-5-0-100|201-6-0-100|201-7-0-100|201-8-0-100|201-9-0-100|201-10-0-100|201-11-0-100|201-12-0-100|201-13-0-100|201-14-0-100|201-15-0-100|201-16-0-100|201-17-0-100|201-18-0-100|201-19-0-100|201-20-0-100|201-21-0-100|201-22-0-100|201-23-0-100|201-24-0-100|201-25-0-100|201-26-0-100|201-27-0-100|201-0-1-1|201-1-1-1|201-2-1-1|201-3-1-1|201-4-1-1|201-5-1-1|201-6-1-1|201-7-1-1|201-8-1-1|201-9-1-1|201-10-1-1|201-11-1-1|201-12-1-1|201-13-1-1|201-14-1-1|201-15-1-1|201-16-1-1|201-17-1-1|201-18-1-1|201-19-1-1|201-20-1-1|201-21-1-1|201-22-1-1|201-23-1-1|201-24-1-1|201-25-1-1|201-26-1-1|201-27-1-1
201	22	1	CRIMSON_MIRELANDS	83B2DCF761D48736	dawn	sunny	50	0.0004	40-40	3		201-0-0-100|201-1-0-100|201-2-0-100|201-3-0-100|201-4-0-100|201-5-0-100|201-6-0-100|201-7-0-100|201-8-0-100|201-9-0-100|201-10-0-100|201-11-0-100|201-12-0-100|201-13-0-100|201-14-0-100|201-15-0-100|201-16-0-100|201-17-0-100|201-18-0-100|201-19-0-100|201-20-0-100|201-21-0-100|201-22-0-100|201-23-0-100|201-24-0-100|201-25-0-100|201-26-0-100|201-27-0-100|201-0-1-1|201-1-1-1|201-2-1-1|201-3-1-1|201-4-1-1|201-5-1-1|201-6-1-1|201-7-1-1|201-8-1-1|201-9-1-1|201-10-1-1|201-11-1-1|201-12-1-1|201-13-1-1|201-14-1-1|201-15-1-1|201-16-1-1|201-17-1-1|201-18-1-1|201-19-1-1|201-20-1-1|201-21-1-1|201-22-1-1|201-23-1-1|201-24-1-1|201-25-1-1|201-26-1-1|201-27-1-1
201	23	0	CRIMSON_MIRELANDS	83B2DCF761D48736	dawn	sunny	23	0.0354	25-25	0		201-0-0-100|201-1-0-100|201-2-0-100|201-3-0-100|201-4-0-100|201-5-0-100|201-6-0-100|201-7-0-100|201-8-0-100|201-9-0-100|201-10-0-100|201-11-0-100|201-12-0-100|201-13-0-100|201-14-0-100|201-15-0-100|201-16-0-100|201-17-0-100|201-18-0-100|201-19-0-100|201-20-0-100|201-21-0-100|201-22-0-100|201-23-0-100|201-24-0-100|201-25-0-100|201-26-0-100|201-27-0-100|201-0-1-1|201-1-1-1|201-2-1-1|201-3-1-1|201-4-1-1|201-5-1-1|201-6-1-1|201-7-1-1|201-8-1-1|201-9-1-1|201-10-1-1|201-11-1-1|201-12-1-1|201-13-1-1|201-14-1-1|201-15-1-1|201-16-1-1|201-17-1-1|201-18-1-1|201-19-1-1|201-20-1-1|201-21-1-1|201-22-1-1|201-23-1-1|201-24-1-1|201-25-1-1|201-26-1-1|201-27-1-1
201	23	1	CRIMSON_MIRELANDS	83B2DCF761D48736	dawn	sunny	51	0.0004	40-40	3		201-0-0-100|201-1-0-100|201-2-0-100|201-3-0-100|201-4-0-100|201-5-0-100|201-6-0-100|201-7-0-100|201-8-0-100|201-9-0-100|201-10-0-100|201-11-0-100|201-12-0-100|201-13-0-100|201-14-0-100|201-15-0-100|201-16-0-100|201-17-0-100|201-18-0-100|201-19-0-100|201-20-0-100|201-21-0-100|201-22-0-100|201-23-0-100|201-24-0-100|201-25-0-100|201-26-0-100|201-27-0-100|201-0-1-1|201-1-1-1|201-2-1-1|201-3-1-1|201-4-1-1|201-5-1-1|201-6-1-1|201-7-1-1|201-8-1-1|201-9-1-1|201-10-1-1|201-11-1-1|201-12-1-1|201-13-1-1|201-14-1-1|201-15-1-1|201-16-1-1|201-17-1-1|201-18-1-1|201-19-1-1|201-20-1-1|201-21-1-1|201-22-1-1|201-23-1-1|201-24-1-1|201-25-1-1|201-26-1-1|201-27-1-1
201	24	0	CRIMSON_MIRELANDS	83B2DCF761D48736	dawn	sunny	24	0.0354	25-25	0		201-0-0-100|201-1-0-100|201-2-0-100|201-3-0-100|201-4-0-100|201-5-0-100|201-6-0-100|201-7-0-100|201-8-0-100|201-9-0-100|201-10-0-100|201-11-0-100|201-12-0-100|201-13-0-100|201-14-0-100|201-15-0-100|201-16-0-100|201-17-0-100|201-18-0-100|201-19-0-100|201-20-0-100|201-21-0-100|201-22-0-100|201-23-0-100|201-24-0-100|201-25-0-100|201-26-0-100|201-27-0-100|201-0-1-1|201-1-1-1|201-2-1-1|201-3-1-1|201-4-1-1|201-5-1-1|201-6-1-1|201-7-1-1|201-8-1-1|201-9-1-1|201-10-1-1|201-11-1-1|201-12-1-1|201-13-1-1|201-14-1-1|201-15-1-1|201-16-1-1|201-17-1-1|201-18-1-1|201-19-1-1|201-20-1-1|201-21-1-1|201-22-1-1|201-23-1-1|201-24-1-1|201-25-1-1|201-26-1-1|201-27-1-1
201	24	1	CRIMSON_MIRELANDS	83B2DCF761D48736	dawn	sunny	52	0.0004	40-40	3		201-0-0-100|201-1-0-100|201-2-0-100|201-3-0-100|201-4-0-100|201-5-0-100|201-6-0-100|201-7-0-100|201-8-0-100|201-9-0-100|201-10-0-100|201-11-0-100|201-12-0-100|201-13-0-100|201-14-0-100|201-15-0-100|201-16-0-100|201-17-0-100|201-18-0-100|201-19-0-100|201-20-0-100|201-21-0-100|201-22-0-100|201-23-0-100|201-24-0-100|201-25-0-100|201-26-0-100|201-27-0-100|201-0-1-1|201-1-1-1|201-2-1-1|201-3-1-1|201-4-1-1|201-5-1-1|201-6-1-1|201-7-1-1|201-8-1-1|201-9-1-1|201-10-1-1|201-11-1-1|201-12-1-1|201-13-1-1|201-14-1-1|201-15-1-1|201-16-1-1|201-17-1-1|201-18-1-1|201-19-1-1|201-20-1-1|201-21-1-1|201-22-1-1|201-23-1-1|201-24-1-1|201-25-1-1|201-26-1-1|201-27-1-1
201	25	0	CRIMSON_MIRELANDS	83B2DCF761D48736	dawn	sunny	25	0.0354	25-25	0		201-0-0-100|201-1-0-100|201-2-0-100|201-3-0-100|201-4-0-100|201-5-0-100|201-6-0-100|201-7-0-100|201-8-0-100|201-9-0-100|201-10-0-100|201-11-0-100|201-12-0-100|201-13-0-100|201-14-0-100|201-15-0-100|201-16-0-100|201-17-0-100|201-18-0-100|201-19-0-100|201-20-0-100|201-21-0-100|201-22-0-100|201-23-0-100|201-24-0-100|201-25-0-100|201-26-0-100|201-27-0-100|201-0-1-1|201-1-1-1|201-2-1-1|201-3-1-1|201-4-1-1|201-5-1-1|201-6-1-1|201-7-1-1|201-8-1-1|201-9-1-1|201-10-1-1|201-11-1-1|201-12-1-1|201-13-1-1|201-14-1-1|201-15-1-1|201-16-1-1|201-17-1-1|201-18-1-1|201-19-1-1|201-20-1-1|201-21-1-1|201-22-1-1|201-23-1-1|201-24-1-1|201-25-1-1|201-26-1-1|201-27-1-1
201	25	1	CRIMSON_MIRELANDS	83B2DCF761D48736	dawn	sunny	53	0.0004	40-40	3		201-0-0-100|201-1-0-100|201-2-0-100|201-3-0-100|201-4-0-100|201-5-0-100|201-6-0-100|201-7-0-100|201-8-0-100|201-9-0-100|201-10-0-100|201-11-0-100|201-12-0-100|201-13-0-100|201-14-0-100|201-15-0-100|201-16-0-100|201-17-0-100|201-18-0-100|201-19-0-100|201-20-0-100|201-21-0-100|201-22-0-100|201-23-0-100|201-24-0-100|201-25-0-100|201-26-0-100|201-27-0-100|201-0-1-1|201-1-1-1|201-2-1-1|201-3-1-1|201-4-1-1|201-5-1-1|201-6-1-1|201-7-1-1|201-8-1-1|201-9-1-1|201-10-1-1|201-11-1-1|201-12-1-1|201-13-1-1|201-14-1-1|201-15-1-1|201-16-1-1|201-17-1-1|201-18-1-1|201-19-1-1|201-20-1-1|201-21-1-1|201-22-1-1|201-23-1-1|201-24-1-1|201-25-1-1|201-26-1-1|201-27-1-1
201	26	0	CRIMSON_MIRELANDS	83B2DCF761D48736	dawn	sunny	26	0.0354	25-25	0		201-0-0-100|201-1-0-100|201-2-0-100|201-3-0-100|201-4-0-100|201-5-0-100|201-6-0-100|201-7-0-100|201-8-0-100|201-9-0-100|201-10-0-100|201-11-0-100|201-12-0-100|201-13-0-100|201-14-0-100|201-15-0-100|201-16-0-100|201-17-0-100|201-18-0-100|201-19-0-100|201-20-0-100|201-21-0-100|201-22-0-100|201-23-0-100|201-24-0-100|201-25-0-100|201-26-0-100|201-27-0-100|201-0-1-1|201-1-1-1|201-2-1-1|201-3-1-1|201-4-1-1|201-5-1-1|201-6-1-1|201-7-1-1|201-8-1-1|201-9-1-1|201-10-1-1|201-11-1-1|201-12-1-1|201-13-1-1|201-14-1-1|201-15-1-1|201-16-1-1|201-17-1-1|201-18-1-1|201-19-1-1|201-20-1-1|201-21-1-1|201-22-1-1|201-23-1-1|201-24-1-1|201-25-1-1|201-26-1-1|201-27-1-1
201	26	1	CRIMSON_MIRELANDS	83B2DCF761D48736	dawn	sunny	54	0.0004	40-40	3		201-0-0-100|201-1-0-100|201-2-0-100|201-3-0-100|201-4-0-100|201-5-0-100|201-6-0-100|201-7-0-100|201-8-0-100|201-9-0-100|201-10-0-100|201-11-0-100|201-12-0-100|201-13-0-100|201-14-0-100|201-15-0-100|201-16-0-100|201-17-0-100|201-18-0-100|201-19-0-100|201-20-0-100|201-21-0-100|201-22-0-100|201-23-0-100|201-24-0-100|201-25-0-100|201-26-0-100|201-27-0-100|201-0-1-1|201-1-1-1|201-2-1-1|201-3-1-1|201-4-1-1|201-5-1-1|201-6-1-1|201-7-1-1|201-8-1-1|201-9-1-1|201-10-1-1|201-11-1-1|201-12-1-1|201-13-1-1|201-14-1-1|201-15-1-1|201-16-1-1|201-17-1-1|201-18-1-1|201-19-1-1|201-20-1-1|201-21-1-1|201-22-1-1|201-23-1-1|201-24-1-1|201-25-1-1|201-26-1-1|201-27-1-1
201	27	0	CRIMSON_MIRELANDS	83B2DCF761D48736	dawn	sunny	27	0.0354	25-25	0		201-0-0-100|201-1-0-100|201-2-0-100|201-3-0-100|201-4-0-100|201-5-0-100|201-6-0-100|201-7-0-100|201-8-0-100|201-9-0-100|201-10-0-100|201-11-0-100|201-12-0-100|201-13-0-100|201-14-0-100|201-15-0-100|201-16-0-100|201-17-0-100|201-18-0-100|201-19-0-100|201-20-0-100|201-21-0-100|201-22-0-100|201-23-0-100|201-24-0-100|201-25-0-100|201-26-0-100|201-27-0-100|201-0-1-1|201-1-1-1|201-2-1-1|201-3-1-1|201-4-1-1|201-5-1-1|201-6-1-1|201-7-1-1|201-8-1-1|201-9-1-1|201-10-1-1|201-11-1-1|201-12-1-1|201-13-1-1|201-14-1-1|201-15-1-1|201-16-1-1|201-17-1-1|201-18-1-1|201-19-1-1|201-20-1-1|201-21-1-1|201-22-1-1|201-23-1-1|201-24-1-1|201-25-1-1|201-26-1-1|201-27-1-1
201	27	1	CRIMSON_MIRELANDS	83B2DCF761D48736	dawn	sunny	55	0.0004	40-40	3		201-0-0-100|201-1-0-100|201-2-0-100|201-3-0-100|201-4-0-100|201-5-0-100|201-6-0-100|201-7-0-100|201-8-0-100|201-9-0-100|201-10-0-100|201-11-0-100|201-12-0-100|201-13-0-100|201-14-0-100|201-15-0-100|201-16-0-100|201-17-0-100|201-18-0-100|201-19-0-100|201-20-0-100|201-21-0-100|201-22-0-100|201-23-0-100|201-24-0-100|201-25-0-100|201-26-0-100|201-27-0-100|201-0-1-1|201-1-1-1|201-2-1-1|201-3-1-1|201-4-1-1|201-5-1-1|201-6-1-1|201-7-1-1|201-8-1-1|201-9-1-1|201-10-1-1|201-11-1-1|201-12-1-1|201-13-1-1|201-14-1-1|201-15-1-1|201-16-1-1|201-17-1-1|201-18-1-1|201-19-1-1|201-20-1-1|201-21-1-1|201-22-1-1|201-23-1-1|201-24-1-1|201-25-1-1|201-26-1-1|201-27-1-1
207	0	0	CORONET_HIGHLANDS	6A59D0BF28ACD619	dawn	sunny	0	0.9901	39-42	0		207-0-0-100|207-0-1-1
207	0	1	CORONET_HIGHLANDS	C63AEE83126C5920	dawn	sunny	0	1.0000	52-52	3		207-0-1-100
208	0	1	CORONET_HIGHLANDS	C63AF283126C5FEC	dawn	sunny	0	1.0000	60-60	3		208-0-1-100
211	1	0	COBALT_COASTLANDS	FDA02FCA1D599B54	dawn	sunny	0	0.9901	31-34	0		211-1-0-100|211-1-1-1|425-0-0-0|425-0-1-0|426-0-0-0|426-0-1-0
211	1	1	COBALT_COASTLANDS	C63AF083126C5C86	dawn	sunny	0	1.0000	55-55	3		211-1-1-100
214	0	0	CORONET_HIGHLANDS	6A56CCBF28AA9976	dawn	sunny	0	0.9901	35-38	0		214-0-0-100|214-0-1-1|42-0-0-0|42-0-1-0
214	0	1	OBSIDIAN_FIELDLANDS	C63AF583126C6505	dawn	sunny	0	1.0000	45-45	3		214-0-1-100
215	1	0	CORONET_HIGHLANDS	6A59DCBF28ACEA7D	dawn	sunny	0	0.9901	43-46	0		215-1-0-75|215-1-1-0.75
215	1	1	ALABASTER_ICELANDS	C637788312695AC7	dawn	sunny	0	1.0000	61-61	3		215-1-1-75
216	0	0	CRIMSON_MIRELANDS	617F1F844C028085	dawn	sunny	0	1.0000	20-22	0		216-0-0-100
216	0	1	CRIMSON_MIRELANDS	6A5D5EBF28AFFD3A	dawn	sunny	1	0.0196	41-44	3		216-0-0-100|216-0-1-2|92-0-0-0|92-0-1-0|93-0-0-0|93-0-1-0
217	0	0	CORONET_HIGHLANDS	6A60E2BF28B3135D	dawn	sunny	2	0.7519	37-40	0		216-0-0-30|216-0-1-2|217-0-0-100|217-0-1-1
217	0	1	CRIMSON_MIRELANDS	C63AF383126C619F	dawn	sunny	0	1.0000	41-41	3		217-0-1-100
220	0	0	ALABASTER_ICELANDS	2F55DB00DC454505	dawn	sunny	0	0.9901	29-32	0		220-0-0-100|220-0-1-1
220	0	1	ALABASTER_ICELANDS	C63AF383126C619F	dawn	sunny	0	1.0000	62-62	3		220-0-1-100
221	0	0	ALABASTER_ICELANDS	6A7564BF28C4994D	dawn	sunny	0	0.9901	43-46	0		221-0-0-100|221-0-1-1
221	0	1	ALABASTER_ICELANDS	C63AF483126C6352	dawn	sunny	0	1.0000	65-65	3		221-0-1-100
223	0	0	COBALT_COASTLANDS	FD961DCA1D512839	dawn	sunny	0	0.9901	21-24	0		223-0-0-100|223-0-1-1
223	0	1	COBALT_COASTLANDS	FD961DCA1D512839	dawn	sunny	1	0.0099	36-39	3		223-0-0-100|223-0-1-1
224	0	0	COBALT_COASTLANDS	6A534BBF28A7886C	dawn	sunny	0	0.9901	41-44	0		224-0-0-100|224-0-1-1|198-0-0-0|198-0-1-0
224	0	1	COBALT_COASTLANDS	C637788312695AC7	dawn	sunny	0	1.0000	46-46	3		224-0-1-100
226	0	0	COBALT_COASTLANDS	FDA02DCA1D5997EE	dawn	sunny	0	0.9901	31-34	0		226-0-0-100|226-0-1-1|426-0-0-0|426-0-1-0
226	0	1	COBALT_COASTLANDS	C63AF483126C6352	dawn	sunny	0	1.0000	50-50	3		226-0-1-100
234	0	0	COBALT_COASTLANDS	6A56D4BF28AAA70E	dawn	sunny	0	0.9901	29-32	0		234-0-0-100|234-0-1-1
234	0	1	OBSIDIAN_FIELDLANDS	C6376B83126944B0	dawn	sunny	0	1.0000	42-42	3		234-0-1-100
239	0	0	ALABASTER_ICELANDS	6A78CCBF28C77FDC	dawn	sunny	0	0.9901	26-29	0		239-0-0-100|239-0-1-1
239	0	1	ALABASTER_ICELANDS	6A78CCBF28C77FDC	dawn	sunny	1	0.0099	41-44	3		239-0-0-100|239-0-1-1
240	0	0	COBALT_COASTLANDS	6A5D58BF28AFF308	dawn	drought	2	0.0655	26-29	0		126-0-0-150|126-0-1-1.5|240-0-0-15|240-0-1-1.5|75-0-0-60|75-0-1-1
240	0	1	COBALT_COASTLANDS	6A5D58BF28AFF308	dawn	drought	3	0.0066	41-44	3		126-0-0-150|126-0-1-1.5|240-0-0-15|240-0-1-1.5|75-0-0-60|75-0-1-1
242	0	0	ALABASTER_ICELANDS	6A78CDBF28C7818F	dawn	sunny	0	0.9901	59-62	0		242-0-0-100|242-0-1-1
242	0	1	OBSIDIAN_FIELDLANDS	C63AEF83126C5AD3	dawn	sunny	0	1.0000	62-62	3		242-0-1-100
265	0	0	OBSIDIAN_FIELDLANDS	6A59D2BF28ACD97F	dawn	sunny	0	0.9804	2-4	0		265-0-0-100|265-0-1-2|425-0-0-0|425-0-1-0
265	0	1	OBSIDIAN_FIELDLANDS	6A59D2BF28ACD97F	dawn	sunny	1	0.0196	17-19	3		265-0-0-100|265-0-1-2|425-0-0-0|425-0-1-0
266	0	0	OBSIDIAN_FIELDLANDS	6A5D58BF28AFF308	dawn	sunny	4	0.3681	5-7	0		265-0-0-100|265-0-1-2|425-0-0-0|425-0-1-0|266-0-0-60|266-0-1-1|268-0-0-0|268-0-1-0
266	0	1	OBSIDIAN_FIELDLANDS	2F55DB00DC454505	dawn	sunny	3	0.0097	22-24	3		265-0-0-100|265-0-1-2|266-0-0-0|266-0-1-1|268-0-0-0|268-0-1-0|425-0-0-0|425-0-1-0
267	0	0	OBSIDIAN_FIELDLANDS	BCA38C03C9CA6518	dawn	sunny	0	0.9901	13-16	0		267-0-0-100|267-0-1-1|269-0-0-0|269-0-1-0
267	0	1	OBSIDIAN_FIELDLANDS	BCA38C03C9CA6518	dawn	sunny	1	0.0099	28-31	3		267-0-0-100|267-0-1-1|269-0-0-0|269-0-1-0
268	0	0	OBSIDIAN_FIELDLANDS	6A5D58BF28AFF308	night	sunny	6	0.2264	3-5	0		265-0-0-100|265-0-1-2|425-0-0-100|425-0-1-2|266-0-0-0|266-0-1-0|268-0-0-60|268-0-1-1
268	0	1	OBSIDIAN_FIELDLANDS	2F55DB00DC454505	night	sunny	5	0.0039	22-24	3		265-0-0-100|265-0-1-2|266-0-0-0|266-0-1-0|268-0-0-50|268-0-1-1|425-0-0-100|425-0-1-2
269	0	0	OBSIDIAN_FIELDLANDS	BCA38C03C9CA6518	night	sunny	2	0.9901	13-16	0		267-0-0-0|267-0-1-0|269-0-0-100|269-0-1-1
269	0	1	OBSIDIAN_FIELDLANDS	BCA38C03C9CA6518	night	sunny	3	0.0099	28-31	3		267-0-0-0|267-0-1-0|269-0-0-100|269-0-1-1
280	0	0	CRIMSON_MIRELANDS	6A5349BF28A78506	dawn	sunny	0	0.7519	16-19	0		280-0-0-100|280-0-1-2|281-0-0-30|281-0-1-1|92-0-0-0|92-0-1-0|93-0-0-0|93-0-1-0
280	0	1	CRIMSON_MIRELANDS	6A5349BF28A78506	dawn	sunny	1	0.0150	31-34	3		280-0-0-100|280-0-1-2|281-0-0-30|281-0-1-1|92-0-0-0|92-0-1-0|93-0-0-0|93-0-1-0
281	0	0	ALABASTER_ICELANDS	6A59D1BF28ACD7CC	dawn	sunny	2	0.3268	26-29	0		280-0-0-100|280-0-1-2|281-0-0-50|281-0-1-1|425-0-0-0|425-0-1-0|426-0-0-0|426-0-1-0
281	0	1	CRIMSON_MIRELANDS	6A5349BF28A78506	dawn	sunny	3	0.0075	40-43	3		280-0-0-100|280-0-1-2|281-0-0-30|281-0-1-1|92-0-0-0|92-0-1-0|93-0-0-0|93-0-1-0
282	0	1	ALABASTER_ICELANDS	C6376C8312694663	dawn	sunny	0	1.0000	70-70	3		282-0-1-100
299	0	0	CORONET_HIGHLANDS	6A59CDBF28ACD100	dawn	sunny	0	0.9901	39-42	0		299-0-0-100|299-0-1-1
299	0	1	CORONET_HIGHLANDS	6A59CDBF28ACD100	dawn	sunny	1	0.0099	54-57	3		299-0-0-100|299-0-1-1
315	0	0	CRIMSON_MIRELANDS	617B99844BFF66FC	dawn	sunny	0	1.0000	25-27	0		315-0-0-120
315	0	1	CRIMSON_MIRELANDS	6A56CABF28AA9610	dawn	sunny	1	0.0099	40-43	3		315-0-0-120|315-0-1-1.2|42-0-0-0|42-0-1-0
339	0	0	CRIMSON_MIRELANDS	FD99A3CA1D5441C2	dawn	sunny	0	0.9804	19-22	0		339-0-0-100|339-0-1-2
339	0	1	CRIMSON_MIRELANDS	FD99A3CA1D5441C2	dawn	sunny	1	0.0196	34-37	3		339-0-0-100|339-0-1-2
340	0	0	CRIMSON_MIRELANDS	18F7BE80761CC06A	dawn	sunny	2	0.6135	53-56	0		339-0-0-60|339-0-1-2|340-0-0-100|340-0-1-1
340	0	1	CRIMSON_MIRELANDS	C637778312695914	dawn	sunny	0	1.0000	64-64	3		340-0-1-100
355	0	0	COBALT_COASTLANDS	6A59CEBF28ACD2B3	night	sunny	0	0.8130	29-32	0		355-0-0-100|355-0-1-2|356-0-0-20|356-0-1-1
355	0	1	COBALT_COASTLANDS	6A59CEBF28ACD2B3	night	sunny	1	0.0163	44-47	3		355-0-0-100|355-0-1-2|356-0-0-20|356-0-1-1
356	0	0	COBALT_COASTLANDS	83B2DBF761D48583	night	sunny	0	1.0000	37-40	0		356-0-0-100
356	0	1	COBALT_COASTLANDS	6A59CEBF28ACD2B3	night	sunny	3	0.0081	52-55	3		355-0-0-100|355-0-1-2|356-0-0-20|356-0-1-1
358	0	0	CORONET_HIGHLANDS	6A534EBF28A78D85	dawn	sunny	0	0.9901	43-46	0		358-0-0-100|358-0-1-1
358	0	1	ALABASTER_ICELANDS	C63AF583126C6505	dawn	sunny	0	1.0000	65-65	3		358-0-1-100
361	0	0	ALABASTER_ICELANDS	6A56D1BF28AAA1F5	dawn	cloudy	0	0.9901	38-41	0		361-0-0-100|361-0-1-1
361	0	1	ALABASTER_ICELANDS	6A56D1BF28AAA1F5	dawn	sunny	1	0.0099	53-56	3		361-0-0-80|361-0-1-0.8
362	0	0	ALABASTER_ICELANDS	6A534BBF28A7886C	dawn	cloudy	0	0.9901	53-56	0		362-0-0-100|362-0-1-1|478-0-0-0|478-0-1-0
362	0	1	ALABASTER_ICELANDS	C6376F8312694B7C	dawn	sunny	0	1.0000	62-62	3		362-0-1-80
363	0	0	COBALT_COASTLANDS	6A59DCBF28ACEA7D	dawn	cloudy	0	0.9901	27-30	0		363-0-0-100|363-0-1-1|425-0-0-0|425-0-1-0
363	0	1	COBALT_COASTLANDS	6A59CFBF28ACD466	dawn	sunny	1	0.0131	43-46	3		363-0-0-80|363-0-1-1.6|364-0-0-40|364-0-1-0.8|198-0-0-0|198-0-1-0
364	0	0	COBALT_COASTLANDS	6A5D5CBF28AFF9D4	dawn	sunny	0	0.6536	40-43	0		364-0-0-80|364-0-1-1.6|365-0-0-40|365-0-1-0.8|198-0-0-0|198-0-1-0
364	0	1	COBALT_COASTLANDS	6A5D5CBF28AFF9D4	dawn	sunny	1	0.0131	55-58	3		364-0-0-80|364-0-1-1.6|365-0-0-40|365-0-1-0.8|198-0-0-0|198-0-1-0
365	0	0	COBALT_COASTLANDS	6A5D5CBF28AFF9D4	dawn	sunny	2	0.3268	44-47	0		364-0-0-80|364-0-1-1.6|365-0-0-40|365-0-1-0.8|198-0-0-0|198-0-1-0
365	0	1	COBALT_COASTLANDS	C637728312695095	dawn	sunny	0	1.0000	50-50	3		365-0-1-80
387	0	0	CRIMSON_MIRELANDS	83B2DDF761D488E9	dawn	sunny	0	0.9524	14-17	0		387-0-0-120|387-0-1-1.2|388-0-0-3.6|388-0-1-1.2
387	0	1	CRIMSON_MIRELANDS	83B2DDF761D488E9	dawn	sunny	1	0.0095	29-32	3		387-0-0-120|387-0-1-1.2|388-0-0-3.6|388-0-1-1.2
388	0	0	CRIMSON_MIRELANDS	83B2DBF761D48583	dawn	sunny	6	0.0526	28-31	0		46-0-0-120|46-0-1-2.4|47-0-0-60|47-0-1-1.2|387-0-0-30|387-0-1-1.2|388-0-0-12|388-0-1-1.2|92-0-0-0|92-0-1-0|93-0-0-0|93-0-1-0
388	0	1	CRIMSON_MIRELANDS	83B2DDF761D488E9	dawn	sunny	3	0.0095	43-46	3		387-0-0-120|387-0-1-1.2|388-0-0-3.6|388-0-1-1.2
389	0	1	CRIMSON_MIRELANDS	C63AEE83126C5920	dawn	sunny	0	1.0000	65-65	3		389-0-1-120
390	0	0	OBSIDIAN_FIELDLANDS	83B2DEF761D48A9C	dawn	sunny	0	0.9524	10-13	0		390-0-0-120|390-0-1-1.2|391-0-0-3.6|391-0-1-1.2
390	0	1	OBSIDIAN_FIELDLANDS	83B2DAF761D483D0	night	drought	1	0.0117	25-28	3		390-0-0-15|390-0-1-1.5|391-0-0-7.5|391-0-1-1.5|396-0-0-0|396-0-1-0|397-0-0-0|397-0-1-0|41-0-0-70|41-0-1-2|42-0-0-30|42-0-1-1
391	0	0	OBSIDIAN_FIELDLANDS	83B2DAF761D483D0	night	drought	2	0.0584	14-17	0		390-0-0-15|390-0-1-1.5|391-0-0-7.5|391-0-1-1.5|396-0-0-0|396-0-1-0|397-0-0-0|397-0-1-0|41-0-0-70|41-0-1-2|42-0-0-30|42-0-1-1
391	0	1	OBSIDIAN_FIELDLANDS	83B2DAF761D483D0	night	drought	3	0.0117	29-32	3		390-0-0-15|390-0-1-1.5|391-0-0-7.5|391-0-1-1.5|396-0-0-0|396-0-1-0|397-0-0-0|397-0-1-0|41-0-0-70|41-0-1-2|42-0-0-30|42-0-1-1
392	0	1	OBSIDIAN_FIELDLANDS	C63AF183126C5E39	dawn	sunny	0	1.0000	65-65	3		392-0-1-120
393	0	0	COBALT_COASTLANDS	83B2DCF761D48736	dawn	sunny	0	0.9901	12-15	0		393-0-0-100|393-0-1-1
393	0	1	COBALT_COASTLANDS	83B2DCF761D48736	dawn	sunny	1	0.0099	27-30	3		393-0-0-100|393-0-1-1
394	0	0	COBALT_COASTLANDS	83B2DAF761D483D0	dawn	sunny	2	0.0259	32-35	0		393-0-0-10|393-0-1-1|394-0-0-3|394-0-1-1|400-0-0-100|400-0-1-1
394	0	1	COBALT_COASTLANDS	83B2DAF761D483D0	dawn	sunny	3	0.0086	47-50	3		393-0-0-10|393-0-1-1|394-0-0-3|394-0-1-1|400-0-0-100|400-0-1-1
395	0	1	COBALT_COASTLANDS	C637718312694EE2	dawn	sunny	0	1.0000	69-69	3		395-0-1-100
396	0	0	OBSIDIAN_FIELDLANDS	32C6EFF14B2237E9	dawn	sunny	0	1.0000	2-4	0		396-0-0-100
396	0	1	OBSIDIAN_FIELDLANDS	BCA39103C9CA6D97	dawn	sunny	1	0.0196	17-19	3		396-0-0-100|396-0-1-2
397	0	0	COBALT_COASTLANDS	36074B494FD52787	dawn	sunny	0	0.9901	29-32	0		397-0-0-100|397-0-1-1|426-0-0-0|426-0-1-0
397	0	1	OBSIDIAN_FIELDLANDS	C6376C8312694663	dawn	sunny	0	1.0000	32-32	3		397-0-1-100
398	0	0	OBSIDIAN_FIELDLANDS	418CD8CF8ECCEBB8	dawn	sunny	0	1.0000	34-37	0		398-0-0-100
398	0	1	COBALT_COASTLANDS	BCA39303C9CA70FD	dawn	sunny	1	0.0099	56-59	3		398-0-0-100|398-0-1-1|198-0-0-0|198-0-1-0
399	0	0	OBSIDIAN_FIELDLANDS	32C6EDF14B223483	dawn	sunny	0	1.0000	2-4	0		399-0-0-100
399	0	1	OBSIDIAN_FIELDLANDS	6A59D3BF28ACDB32	dawn	sunny	1	0.0196	17-19	3		399-0-0-100|399-0-1-2|425-0-0-0|425-0-1-0
400	0	0	COBALT_COASTLANDS	6A5349BF28A78506	dawn	sunny	0	0.9901	41-44	0		400-0-0-100|400-0-1-1
400	0	1	OBSIDIAN_FIELDLANDS	C637708312694D2F	dawn	sunny	0	1.0000	16-16	3		400-0-1-100
401	0	0	OBSIDIAN_FIELDLANDS	6A56CBBF28AA97C3	dawn	sunny	0	0.9804	6-9	0		401-0-0-100|401-0-1-2|41-0-0-0|41-0-1-0
401	0	1	OBSIDIAN_FIELDLANDS	6A56CBBF28AA97C3	dawn	sunny	1	0.0196	21-24	3		401-0-0-100|401-0-1-2|41-0-0-0|41-0-1-0
402	0	0	CRIMSON_MIRELANDS	6A5350BF28A790EB	dawn	sunny	0	0.9901	41-44	0		402-0-0-100|402-0-1-1|41-0-0-0|41-0-1-0|42-0-0-0|42-0-1-0
402	0	1	OBSIDIAN_FIELDLANDS	C63AF083126C5C86	dawn	sunny	0	1.0000	30-30	3		402-0-1-100
403	0	0	OBSIDIAN_FIELDLANDS	32C6EEF14B223636	dawn	sunny	0	1.0000	2-4	0		403-0-0-100
403	0	1	OBSIDIAN_FIELDLANDS	6A6AD1BF28BB4AFF	dawn	sunny	1	0.0196	17-19	3		403-0-0-100|403-0-1-2|425-0-0-0|425-0-1-0
404	0	0	CORONET_HIGHLANDS	2F5FEC00DC4DB66D	dawn	rainstorm	0	0.9146	26-29	0		404-0-0-150|404-0-1-3|479-0-0-10|479-0-1-1|92-0-0-0|92-0-1-0|93-0-0-0|93-0-1-0|200-0-0-0|200-0-1-0
404	0	1	OBSIDIAN_FIELDLANDS	C6376F8312694B7C	dawn	sunny	0	1.0000	40-40	3		404-0-1-100
405	0	0	OBSIDIAN_FIELDLANDS	6A7561BF28C49434	dawn	sunny	0	0.9901	41-44	0		405-0-0-100|405-0-1-1|426-0-0-0|426-0-1-0
405	0	1	CORONET_HIGHLANDS	C63AF483126C6352	dawn	sunny	0	1.0000	55-55	3		405-0-1-100
406	0	0	CRIMSON_MIRELANDS	6A59DBBF28ACE8CA	dawn	sunny	0	0.9804	17-20	0		406-0-0-120|406-0-1-2.4|92-0-0-0|92-0-1-0
406	0	1	CRIMSON_MIRELANDS	6A59DBBF28ACE8CA	dawn	cloudy	1	0.0196	32-35	3		406-0-0-100|406-0-1-2|92-0-0-0|92-0-1-0
407	0	1	CRIMSON_MIRELANDS	C6376D8312694816	dawn	sunny	0	1.0000	50-50	3		407-0-1-120
414	0	0	COBALT_COASTLANDS	BCA08103C9C81C90	dawn	sunny	0	0.9901	27-30	0		414-0-0-100|414-0-1-1
414	0	1	CORONET_HIGHLANDS	C63AEF83126C5AD3	dawn	sunny	0	1.0000	55-55	3		414-0-1-100
415	0	0	OBSIDIAN_FIELDLANDS	6A6465BF28B627CD	dawn	sunny	0	0.9901	15-18	0		415-0-0-100|415-0-1-1
415	0	1	CRIMSON_MIRELANDS	6A6AD8BF28BB56E4	dawn	sunny	1	0.0196	32-35	3		415-0-0-100|415-0-1-2
416	0	0	CRIMSON_MIRELANDS	6A534BBF28A7886C	dawn	sunny	7	0.0098	33-36	0		415-0-0-100|415-0-0-100|415-0-1-2|92-0-0-0|92-0-1-0|93-0-0-0|93-0-1-0|416-0-0-2|416-0-1-1
416	0	1	CRIMSON_MIRELANDS	C63AEF83126C5AD3	dawn	sunny	0	1.0000	61-61	3		416-0-1-100
417	0	0	CRIMSON_MIRELANDS	6A5D5BBF28AFF821	dawn	sunny	0	0.9804	21-24	0		417-0-0-100|417-0-1-2|92-0-0-0|92-0-1-0|93-0-0-0|93-0-1-0
417	0	1	CRIMSON_MIRELANDS	C63AF183126C5E39	dawn	sunny	0	1.0000	40-40	3		417-0-1-100
418	0	0	OBSIDIAN_FIELDLANDS	6A59D1BF28ACD7CC	dawn	sunny	0	0.9804	2-4	0		418-0-0-100|418-0-1-2|425-0-0-0|425-0-1-0
418	0	1	OBSIDIAN_FIELDLANDS	6A59D1BF28ACD7CC	dawn	sunny	1	0.0196	17-19	3		418-0-0-100|418-0-1-2|425-0-0-0|425-0-1-0
419	0	0	COBALT_COASTLANDS	6A5D5ABF28AFF66E	dawn	sunny	2	0.3681	29-32	0		418-0-0-100|418-0-1-2|419-0-0-60|419-0-1-1
419	0	1	OBSIDIAN_FIELDLANDS	C637728312695095	dawn	sunny	0	1.0000	31-31	3		419-0-1-100
422	0	0	OBSIDIAN_FIELDLANDS	6A5347BF28A781A0	dawn	sunny	0	0.6536	26-29	0		422-0-0-100|422-0-1-2|423-0-0-50|423-0-1-1
422	0	1	OBSIDIAN_FIELDLANDS	6A5347BF28A781A0	dawn	sunny	1	0.0131	41-44	3		422-0-0-100|422-0-1-2|423-0-0-50|423-0-1-1
422	1	0	COBALT_COASTLANDS	6A59D4BF28ACDCE5	dawn	sunny	0	0.9901	31-34	0		422-1-0-100|422-1-1-1
422	1	1	COBALT_COASTLANDS	6A59D4BF28ACDCE5	dawn	sunny	1	0.0099	46-49	3		422-1-0-100|422-1-1-1
423	0	0	OBSIDIAN_FIELDLANDS	2F5C6400DC4A997E	dawn	sunny	2	0.3681	33-36	0		422-0-0-100|422-0-1-2|423-0-0-60|423-0-1-1
423	0	1	OBSIDIAN_FIELDLANDS	6A5347BF28A781A0	dawn	sunny	3	0.0065	48-51	3		422-0-0-100|422-0-1-2|423-0-0-50|423-0-1-1
423	1	0	COBALT_COASTLANDS	6A56CBBF28AA97C3	dawn	sunny	2	0.1639	30-33	0		422-1-0-100|422-1-1-1|423-1-0-20|423-1-1-1
423	1	1	COBALT_COASTLANDS	C63AF183126C5E39	dawn	sunny	0	1.0000	61-61	3		423-1-1-100
424	0	0	ALABASTER_ICELANDS	6A59DBBF28ACE8CA	dawn	sunny	2	0.6098	53-56	0		190-0-0-60|190-0-1-2|424-0-0-100|424-0-1-2|425-0-0-0|425-0-1-0|426-0-0-0|426-0-1-0
424	0	1	COBALT_COASTLANDS	C6376F8312694B7C	dawn	sunny	0	1.0000	50-50	3		424-0-1-100
425	0	0	OBSIDIAN_FIELDLANDS	BCA08A03C9C82BDB	night	sunny	1	1.0000	7-10	0		396-0-0-0|425-0-0-100
425	0	1	OBSIDIAN_FIELDLANDS	BCA38703C9CA5C99	night	sunny	5	0.0194	39-42	3		396-0-0-0|396-0-1-0|397-0-0-0|397-0-1-0|425-0-0-70|425-0-1-2|426-0-0-30|426-0-1-1
426	0	0	COBALT_COASTLANDS	36074B494FD52787	night	sunny	2	0.9901	29-32	0		397-0-0-0|397-0-1-0|426-0-0-100|426-0-1-1
426	0	1	COBALT_COASTLANDS	36074B494FD52787	night	sunny	3	0.0099	44-47	3		397-0-0-0|397-0-1-0|426-0-0-100|426-0-1-1
427	0	0	OBSIDIAN_FIELDLANDS	6A5D5BBF28AFF821	dawn	sunny	0	0.9804	15-16	0		427-0-0-100|427-0-1-2|425-0-0-0|425-0-1-0
427	0	1	OBSIDIAN_FIELDLANDS	6A5D5BBF28AFF821	dawn	sunny	1	0.0196	30-31	3		427-0-0-100|427-0-1-2|425-0-0-0|425-0-1-0
428	0	0	ALABASTER_ICELANDS	6A5D59BF28AFF4BB	dawn	sunny	2	0.0463	43-46	0		427-0-0-100|427-0-1-2|428-0-0-5|428-0-1-1|92-0-0-0|92-0-1-0|93-0-0-0|93-0-1-0
428	0	1	OBSIDIAN_FIELDLANDS	C6376E83126949C9	dawn	sunny	0	1.0000	40-40	3		428-0-1-100
429	0	1	CORONET_HIGHLANDS	C6376B83126944B0	night	sunny	0	1.0000	61-61	3		429-0-1-100
430	0	0	COBALT_COASTLANDS	3E50C8BDE28887A6	night	sunny	0	1.0000	31-34	0		430-0-0-100
430	0	1	CRIMSON_MIRELANDS	C6376B83126944B0	night	sunny	0	1.0000	55-55	3		430-0-1-100
431	0	0	COBALT_COASTLANDS	6A56D5BF28AAA8C1	dawn	sunny	0	0.9901	27-30	0		431-0-0-100|431-0-1-1|198-0-0-0|198-0-1-0
431	0	1	COBALT_COASTLANDS	6A67CCBF28B90CA9	dawn	sunny	1	0.0169	42-45	3		431-0-0-100|431-0-1-2|133-0-0-15|133-0-1-1|198-0-0-0|198-0-1-0
432	0	0	ALABASTER_ICELANDS	6A755CBF28C48BB5	dawn	sunny	2	0.8130	49-52	0		431-0-0-20|431-0-1-2|432-0-0-100|432-0-1-1
432	0	1	COBALT_COASTLANDS	C63AF383126C619F	dawn	sunny	0	1.0000	45-45	3		432-0-1-100
433	0	0	ALABASTER_ICELANDS	6A6465BF28B627CD	dawn	sunny	0	0.7576	49-52	0		433-0-0-100|433-0-1-1|358-0-0-30|358-0-1-1
433	0	1	CORONET_HIGHLANDS	2F55D900DC45419F	dawn	sunny	1	0.0150	68-71	3		433-0-0-100|433-0-1-2|358-0-0-30|358-0-1-1
434	0	0	CRIMSON_MIRELANDS	6A59CFBF28ACD466	dawn	sunny	0	0.9804	21-24	0		434-0-0-100|434-0-1-2|92-0-0-0|92-0-1-0|93-0-0-0|93-0-1-0
434	0	1	CRIMSON_MIRELANDS	6A59CFBF28ACD466	dawn	sunny	1	0.0196	36-39	3		434-0-0-100|434-0-1-2|92-0-0-0|92-0-1-0|93-0-0-0|93-0-1-0
435	0	0	CORONET_HIGHLANDS	6A6ACDBF28BB4433	dawn	sunny	2	0.7519	43-46	0		434-0-0-30|434-0-1-2|435-0-0-100|435-0-1-1
435	0	1	CRIMSON_MIRELANDS	C637718312694EE2	dawn	sunny	0	1.0000	45-45	3		435-0-1-100
436	0	0	CORONET_HIGHLANDS	6A56D5BF28AAA8C1	dawn	sunny	0	0.9804	29-32	0		436-0-0-100|436-0-1-2
436	0	1	CORONET_HIGHLANDS	6A56D5BF28AAA8C1	dawn	sunny	1	0.0196	44-47	3		436-0-0-100|436-0-1-2
437	0	0	CORONET_HIGHLANDS	6A60E1BF28B311AA	dawn	sunny	0	0.9901	37-40	0		437-0-0-100|437-0-1-1
437	0	1	CORONET_HIGHLANDS	C6376F8312694B7C	dawn	sunny	0	1.0000	55-55	3		437-0-1-100
438	0	0	CRIMSON_MIRELANDS	2F595B00DC48545C	dawn	fog	0	0.2264	25-28	0		438-0-0-30|438-0-1-1.5|185-0-0-100|185-0-1-1|41-0-0-0|41-0-1-0|42-0-0-0|42-0-1-0
438	0	1	CRIMSON_MIRELANDS	2F595B00DC48545C	dawn	fog	1	0.0113	40-43	3		438-0-0-30|438-0-1-1.5|185-0-0-100|185-0-1-1|41-0-0-0|41-0-1-0|42-0-0-0|42-0-1-0
439	0	0	OBSIDIAN_FIELDLANDS	6A5D5FBF28AFFEED	dawn	sunny	0	0.7576	15-18	0		439-0-0-100|439-0-1-1|122-0-0-30|122-0-1-1|426-0-0-0|426-0-1-0
439	0	1	OBSIDIAN_FIELDLANDS	6A6AD0BF28BB494C	dawn	sunny	3	0.0088	18-21	3		265-0-0-100|265-0-1-2|439-0-0-10|439-0-1-1|425-0-0-0|425-0-1-0
440	0	0	COBALT_COASTLANDS	2F55D400DC453920	dawn	drought	0	0.1556	41-44	0		440-0-0-20|440-0-1-1|113-0-0-30|113-0-1-1|363-0-0-50|363-0-1-1|364-0-0-25|364-0-1-0.5|198-0-0-0|198-0-1-0
440	0	1	OBSIDIAN_FIELDLANDS	2F5FE600DC4DAC3B	dawn	sunny	3	0.0088	28-31	3		66-0-0-100|66-0-1-2|440-0-0-10|440-0-1-1|41-0-0-0|41-0-1-0
441	0	0	COBALT_COASTLANDS	BCA39203C9CA6F4A	dawn	sunny	0	0.9901	29-32	0		441-0-0-100|441-0-1-1
441	0	1	COBALT_COASTLANDS	BCA39203C9CA6F4A	dawn	sunny	1	0.0099	44-47	3		441-0-0-100|441-0-1-1
442	0	0	CRIMSON_MIRELANDS	32C9F1F14B247126	dawn	sunny	0	1.0000	60-60	3		442-0-0-100
442	0	1	CRIMSON_MIRELANDS	83B964F761D9D9FC	night	sunny	9	0.0044	80-80	3		280-0-0-100|280-0-1-2|281-0-0-30|281-0-1-1|92-0-0-60|92-0-1-2|93-0-0-30|93-0-1-1|442-0-0-2|442-0-1-1
443	0	0	CORONET_HIGHLANDS	6A60E0BF28B30FF7	dawn	sunny	0	0.9901	20-23	0		443-0-0-100|443-0-1-1
443	0	1	CORONET_HIGHLANDS	6A60E0BF28B30FF7	dawn	sunny	1	0.0099	35-38	3		443-0-0-100|443-0-1-1
444	0	0	ALABASTER_ICELANDS	6A5350BF28A790EB	dawn	sunny	2	0.0893	44-47	0		443-0-0-100|443-0-1-1|444-0-0-10|444-0-1-1
444	0	1	CORONET_HIGHLANDS	C6376E83126949C9	dawn	sunny	0	1.0000	56-56	3		444-0-1-100
445	0	1	ALABASTER_ICELANDS	C637778312695914	dawn	sunny	0	1.0000	85-85	3		445-0-1-100
446	0	0	OBSIDIAN_FIELDLANDS	6A6AD2BF28BB4CB2	dawn	sunny	2	0.0885	7-10	0		401-0-0-100|401-0-1-2|446-0-0-10|446-0-1-1|41-0-0-0|41-0-1-0
446	0	1	OBSIDIAN_FIELDLANDS	6A6AD2BF28BB4CB2	dawn	sunny	3	0.0088	22-25	3		401-0-0-100|401-0-1-2|446-0-0-10|446-0-1-1|41-0-0-0|41-0-1-0
447	0	0	ALABASTER_ICELANDS	6A78C8BF28C77910	dawn	sunny	0	0.9901	47-50	0		447-0-0-100|447-0-1-1|448-0-0-0|448-0-1-0
447	0	1	ALABASTER_ICELANDS	6A78C8BF28C77910	dawn	sunny	1	0.0099	62-65	3		447-0-0-100|447-0-1-1|448-0-0-0|448-0-1-0
448	0	0	ALABASTER_ICELANDS	6A78C8BF28C77910	dawn	snowstorm	2	0.9901	47-50	0		447-0-0-0|447-0-1-0|448-0-0-100|448-0-1-1
448	0	1	ALABASTER_ICELANDS	C6376D8312694816	dawn	sunny	0	1.0000	70-70	3		448-0-1-100
449	0	0	CRIMSON_MIRELANDS	617B98844BFF6549	dawn	sunny	0	1.0000	21-23	0		449-0-0-100
449	0	1	CORONET_HIGHLANDS	6A5348BF28A78353	dawn	sunny	1	0.0150	45-48	3		449-0-0-30|449-0-1-2|450-0-0-100|450-0-1-1
450	0	0	CORONET_HIGHLANDS	6A5348BF28A78353	dawn	sunny	2	0.7519	43-46	0		449-0-0-30|449-0-1-2|450-0-0-100|450-0-1-1
450	0	1	CRIMSON_MIRELANDS	C637708312694D2F	dawn	sunny	0	1.0000	46-46	3		450-0-1-100
451	0	0	COBALT_COASTLANDS	6A59D0BF28ACD619	dawn	sunny	0	0.9901	27-30	0		451-0-0-100|451-0-1-1|198-0-0-0|198-0-1-0
451	0	1	COBALT_COASTLANDS	6A59D0BF28ACD619	dawn	sunny	1	0.0099	42-45	3		451-0-0-100|451-0-1-1|198-0-0-0|198-0-1-0
452	0	1	COBALT_COASTLANDS	C637778312695914	dawn	sunny	0	1.0000	45-45	3		452-0-1-100
453	0	0	CRIMSON_MIRELANDS	6A59D0BF28ACD619	dawn	sunny	0	0.9804	19-22	0		453-0-0-100|453-0-1-2|92-0-0-0|92-0-1-0
453	0	1	CRIMSON_MIRELANDS	6A59D0BF28ACD619	dawn	sunny	1	0.0196	34-37	3		453-0-0-100|453-0-1-2|92-0-0-0|92-0-1-0
454	0	0	COBALT_COASTLANDS	6A534ABF28A786B9	dawn	sunny	0	0.9901	41-44	0		454-0-0-100|454-0-1-1
454	0	1	CRIMSON_MIRELANDS	C63AF283126C5FEC	dawn	sunny	0	1.0000	47-47	3		454-0-1-100
455	0	0	CORONET_HIGHLANDS	6A534DBF28A78BD2	dawn	sunny	0	0.9901	37-40	0		455-0-0-120|455-0-1-1.2
455	0	1	CRIMSON_MIRELANDS	C637788312695AC7	dawn	sunny	0	1.0000	43-43	3		455-0-1-120
456	0	0	COBALT_COASTLANDS	FD999FCA1D543AF6	dawn	sunny	0	0.9901	27-30	0		456-0-0-100|456-0-1-1|425-0-0-0|425-0-1-0|426-0-0-0|426-0-1-0
456	0	1	COBALT_COASTLANDS	18F7BC80761CBD04	dawn	sunny	1	0.0123	42-45	3		456-0-0-100|456-0-1-2|457-0-0-60|457-0-1-1|425-0-0-0|425-0-1-0|426-0-0-0|426-0-1-0
457	0	0	COBALT_COASTLANDS	18F7BC80761CBD04	dawn	sunny	2	0.3681	41-44	0		456-0-0-100|456-0-1-2|457-0-0-60|457-0-1-1|425-0-0-0|425-0-1-0|426-0-0-0|426-0-1-0
457	0	1	COBALT_COASTLANDS	C6376D8312694816	dawn	sunny	0	1.0000	60-60	3		457-0-1-100
458	0	0	COBALT_COASTLANDS	FDA027CA1D598DBC	dawn	sunny	0	0.9901	31-34	0		458-0-0-100|458-0-1-1|425-0-0-0|425-0-1-0|426-0-0-0|426-0-1-0
458	0	1	COBALT_COASTLANDS	FDA027CA1D598DBC	dawn	sunny	1	0.0099	46-49	3		458-0-0-100|458-0-1-1|425-0-0-0|425-0-1-0|426-0-0-0|426-0-1-0
459	0	0	ALABASTER_ICELANDS	6A59D4BF28ACDCE5	dawn	cloudy	0	0.9901	36-39	0		459-0-0-100|459-0-1-1
459	0	1	ALABASTER_ICELANDS	6A59D4BF28ACDCE5	dawn	sunny	1	0.0099	51-54	3		459-0-0-80|459-0-1-0.8
460	0	0	ALABASTER_ICELANDS	6A6464BF28B6261A	dawn	cloudy	0	0.9901	49-52	0		460-0-0-100|460-0-1-1|426-0-0-0|426-0-1-0
460	0	1	ALABASTER_ICELANDS	C637718312694EE2	dawn	sunny	0	1.0000	68-68	3		460-0-1-80
462	0	0	CORONET_HIGHLANDS	0FE7C9A5D593DF86	dawn	sunny	0	1.0000	46-49	0		462-0-0-100
463	0	0	ALABASTER_ICELANDS	6A6ACDBF28BB4433	dawn	sunny	2	0.0893	59-62	0		108-0-0-100|108-0-1-1|463-0-0-10|463-0-1-1
463	0	1	CRIMSON_MIRELANDS	C6376C8312694663	dawn	sunny	0	1.0000	52-52	3		463-0-1-100
464	0	1	CORONET_HIGHLANDS	C637718312694EE2	dawn	sunny	0	1.0000	74-74	3		464-0-1-100
465	0	1	CRIMSON_MIRELANDS	C6376F8312694B7C	dawn	sunny	0	1.0000	45-45	3		465-0-1-120
466	0	1	CORONET_HIGHLANDS	C6376D8312694816	dawn	sunny	0	1.0000	69-69	3		466-0-1-100
468	0	0	OBSIDIAN_FIELDLANDS	418CDBCF8ECCF0D1	dawn	sunny	0	1.0000	42-45	0		468-0-0-100
469	0	0	CORONET_HIGHLANDS	BCA39303C9CA70FD	dawn	sunny	4	0.9804	35-38	0		41-0-0-0|41-0-1-0|42-0-0-0|42-0-1-0|469-0-0-100|469-0-1-2
469	0	1	CRIMSON_MIRELANDS	C6376E83126949C9	dawn	sunny	0	1.0000	58-58	3		469-0-1-100
472	0	1	CORONET_HIGHLANDS	C63AF183126C5E39	dawn	sunny	0	1.0000	77-77	3		472-0-1-100
473	0	1	ALABASTER_ICELANDS	C637728312695095	dawn	sunny	0	1.0000	68-68	3		473-0-1-80
476	0	1	CORONET_HIGHLANDS	C6376C8312694663	dawn	sunny	0	1.0000	73-73	3		476-0-1-100
477	0	1	COBALT_COASTLANDS	C637708312694D2F	night	sunny	0	1.0000	65-65	3		477-0-1-100
478	0	0	ALABASTER_ICELANDS	6A534BBF28A7886C	night	cloudy	2	0.0467	53-56	0		362-0-0-100|362-0-1-1|478-0-0-5|478-0-1-1
478	0	1	ALABASTER_ICELANDS	C637708312694D2F	dawn	sunny	0	1.0000	72-72	3		478-0-1-80
479	0	0	CORONET_HIGHLANDS	6A59D3BF28ACDB32	night	sunny	6	0.0885	43-46	0		200-0-0-100|200-0-1-2|436-0-0-0|436-0-1-0|437-0-0-0|437-0-1-0|479-0-0-10|479-0-1-1
479	0	1	CORONET_HIGHLANDS	6A59D3BF28ACDB32	night	sunny	7	0.0088	63-66	3		200-0-0-100|200-0-1-2|436-0-0-0|436-0-1-0|437-0-0-0|437-0-1-0|479-0-0-10|479-0-1-1
488	0	0	CORONET_HIGHLANDS	32C9F6F14B2479A5	dawn	sunny	0	1.0000	70-70	3		488-0-0-100
491	0	0	CORONET_HIGHLANDS	32C9F5F14B2477F2	dawn	sunny	0	1.0000	70-70	3		491-0-0-100
492	0	0	OBSIDIAN_FIELDLANDS	32C6ECF14B2232D0	dawn	sunny	0	1.0000	70-70	3		492-0-0-100
548	0	0	CRIMSON_MIRELANDS	6A5D5FBF28AFFEED	dawn	sunny	0	0.9804	33-36	0		548-0-0-120|548-0-1-2.4|92-0-0-0|92-0-1-0|93-0-0-0|93-0-1-0
548	0	1	CRIMSON_MIRELANDS	6A5D5FBF28AFFEED	dawn	cloudy	1	0.0196	48-51	3		548-0-0-100|548-0-1-2|92-0-0-0|92-0-1-0|93-0-0-0|93-0-1-0
550	2	0	CORONET_HIGHLANDS	FD99A4CA1D544375	dawn	sunny	0	0.9901	43-46	0		550-2-0-100|550-2-1-1
550	2	1	CORONET_HIGHLANDS	FD99A4CA1D544375	dawn	sunny	1	0.0099	58-61	3		550-2-0-100|550-2-1-1
570	1	0	OBSIDIAN_FIELDLANDS	32CD7CF14B27932E	dawn	sunny	0	1.0000	27-29	0		570-1-0-100
570	1	1	ALABASTER_ICELANDS	6C9409D222FC867E	dawn	sunny	1	0.0099	41-44	3		570-1-0-100|570-1-1-1
571	1	0	ALABASTER_ICELANDS	6A60E2BF28B3135D	dawn	sunny	2	0.0467	45-48	0		570-1-0-100|570-1-1-1|571-1-0-5|571-1-1-1
571	1	1	ALABASTER_ICELANDS	6A60E2BF28B3135D	dawn	sunny	3	0.0093	60-63	3		570-1-0-100|570-1-1-1|571-1-0-5|571-1-1-1
627	0	0	ALABASTER_ICELANDS	BCA38F03C9CA6A31	dawn	sunny	0	0.9901	49-52	0		627-0-0-100|627-0-1-1
627	0	1	ALABASTER_ICELANDS	BCA38F03C9CA6A31	dawn	sunny	1	0.0099	64-67	3		627-0-0-100|627-0-1-1
628	1	0	ALABASTER_ICELANDS	BA9E13AFE4A02395	dawn	sunny	0	1.0000	49-52	0		628-1-0-100
641	0	0	ALABASTER_ICELANDS	32C9F3F14B24748C	dawn	snowstorm	0	1.0000	70-70	3		641-0-0-100
642	0	0	COBALT_COASTLANDS	32C6EFF14B2237E9	dawn	rainstorm	0	1.0000	70-70	3		642-0-0-100
645	0	0	OBSIDIAN_FIELDLANDS	32C6F3F14B223EB5	dawn	sunny	0	1.0000	70-70	3		645-0-0-100
704	0	0	CRIMSON_MIRELANDS	617F1D844C027D1F	dawn	sunny	0	1.0000	30-32	0		704-0-0-100
704	0	1	CORONET_HIGHLANDS	6A59DBBF28ACE8CA	dawn	rainstorm	1	0.0077	51-54	3		704-0-0-45|704-0-1-1.5|705-1-0-15|705-1-1-1.5|453-0-0-30|453-0-1-2|454-0-0-100|454-0-1-1
705	1	0	CORONET_HIGHLANDS	6A59DBBF28ACE8CA	dawn	rainstorm	2	0.0765	43-46	0		704-0-0-45|704-0-1-1.5|705-1-0-15|705-1-1-1.5|453-0-0-30|453-0-1-2|454-0-0-100|454-0-1-1
705	1	1	CRIMSON_MIRELANDS	C63AF583126C6505	dawn	sunny	0	1.0000	50-50	3		705-1-1-100
706	1	1	CORONET_HIGHLANDS	C63AF383126C619F	dawn	sunny	0	1.0000	70-70	3		706-1-1-100
712	0	0	ALABASTER_ICELANDS	6A59CDBF28ACD100	dawn	cloudy	0	0.9901	33-36	0		712-0-0-100|712-0-1-1
712	0	1	ALABASTER_ICELANDS	6A59CDBF28ACD100	dawn	sunny	1	0.0099	48-51	3		712-0-0-80|712-0-1-0.8
713	1	0	ALABASTER_ICELANDS	83BCF2F761DD011D	dawn	cloudy	2	0.2273	45-48	0		712-0-0-100|712-0-1-1|713-1-0-30|713-1-1-1
713	1	1	ALABASTER_ICELANDS	83BCF2F761DD011D	dawn	cloudy	3	0.0076	48-51	3		712-0-0-100|712-0-1-1|713-1-0-30|713-1-1-1
905	0	0	CRIMSON_MIRELANDS	32C6EEF14B223636	dawn	sunny	0	1.0000	70-70	3		905-0-0-100
